,cpi_us,fed_funds_rate,dxy,vix,us_10y_yield,brent,fed_balance_sheet,india_stir,cpi_india,rbi_repo_rate,inr_usd,reer,neer,fx_reserves_usd_mn,current_account,fpi_flows_inr_cr,fpi_flows_usd_mn,exports_usd_mn,imports_usd_mn,gdp_india_usd,gdp_us_usd,gdp_pc_india,gdp_pc_us,remittances_usd,cpi_india_yoy,cpi_us_yoy,inflation_diff,real_rate_india,real_rate_us,real_rate_diff,prod_india_yoy,prod_us_yoy,prod_diff,justified_depreciation,trade_balance,import_cover,brent_yoy,cab_pct_gdp,remit_pct_gdp,fed_bs_yoy,inr_yoy_chg,reserves_mom_chg
2000-01-01,169.3,5.45,98.1875,24.95,6.66,25.511,,8.0,35.73704,8.0,43.55027,,,34896.0,,184.0,42.2500250859524,2748.0,3879.0,468396000000.0,10250900000000.0,442.7502189,36329.95607,12883465957.0,,,,,,,,,,,-1131.0,8.99613302397525,,,2.750549952817701,,,
2000-02-01,170.0,5.73,99.3725,23.37,6.52,27.775714285714283,,8.0,35.65413,8.0,43.61245,,,35903.0,,2727.0,625.2801665579439,3404.0,4344.0,468396000000.0,10250900000000.0,442.7502189,36329.95607,12883465957.0,,,,,,,,,,,-940.0,8.264963167587476,,,2.750549952817701,,,1007.0
2000-03-01,171.0,5.85,98.0581,24.11,6.26,27.48608695652174,,8.0,35.98579,8.0,43.58847,,,38036.0,,1360.0,312.00911617223545,3860.0,4871.0,468396000000.0,10250900000000.0,442.7502189,36329.95607,12883465957.0,,,,,,,,,,,-1011.0,7.808663518784644,,,2.750549952817701,,,2133.0
2000-04-01,170.9,6.02,101.8348,26.2,5.99,22.764444444444443,,7.0,36.31746,7.0,43.64028,,,37896.0,-2563.0,2438.06,558.6719425264915,3310.0,4401.0,468396000000.0,10250900000000.0,442.7502189,36329.95607,12883465957.0,,,,,,,,,,,-1091.0,8.610770279481937,,-2.1887462745198505,2.750549952817701,,,-140.0
2000-05-01,171.2,6.27,101.685,23.65,6.44,27.73761904761905,,7.0,36.48329,7.0,43.98503,,,37245.0,-2563.0,172.17,39.142862924044834,3577.0,4371.0,468396000000.0,10250900000000.0,442.7502189,36329.95607,12883465957.0,,,,,,,,,,,-794.0,8.520933424845573,,-2.1887462745198505,2.750549952817701,,,-651.0
2000-06-01,172.2,6.53,99.941,19.54,6.1,29.795454545454547,,7.0,36.64912,7.0,44.69095,,,36730.0,-2563.0,-985.51,-220.5166817890423,3455.0,4028.0,468396000000.0,10250900000000.0,442.7502189,36329.95607,12883465957.0,,,,,,,,,,,-573.0,9.118669314796424,,-2.1887462745198505,2.750549952817701,,,-515.0
2000-07-01,172.7,6.54,102.0877,20.74,6.05,28.682380952380953,,8.0,36.89788,8.0,44.7825,,,36231.0,-1631.0,-1569.19,-350.40250097694417,3526.0,4487.0,468396000000.0,10250900000000.0,442.7502189,36329.95607,12883465957.0,,,,,,,,,,,-961.0,8.074660129262313,,-1.392838538330814,2.750549952817701,,,-499.0
2000-08-01,172.7,6.5,102.9534,16.84,5.83,30.19608695652174,,8.0,36.732040000000005,8.0,45.6881,,,35619.0,-1631.0,1626.01,355.89354777283364,3670.0,3993.0,468396000000.0,10250900000000.0,442.7502189,36329.95607,12883465957.0,,,,,,,,,,,-323.0,8.920360631104433,,-1.392838538330814,2.750549952817701,,,-612.0
2000-09-01,173.6,6.52,104.0693,20.57,5.8,33.1447619047619,,8.0,36.81496,8.0,45.889,,,35438.0,-1631.0,-454.2,-98.97796857634728,3848.0,4249.0,468396000000.0,10250900000000.0,442.7502189,36329.95607,12883465957.0,,,,,,,,,,,-401.0,8.340315368321958,,-1.392838538330814,2.750549952817701,,,-181.0
2000-10-01,173.9,6.51,106.5658,23.63,5.74,30.96090909090909,,8.0,37.22954,8.0,46.3475,,,34899.0,755.0,76.32,16.466907600194183,3719.0,4264.0,468396000000.0,10250900000000.0,442.7502189,36329.95607,12883465957.0,,,,,,,,,,,-545.0,8.184568480300188,,0.6447535845737368,2.750549952817701,,,-539.0
2000-11-01,174.2,6.51,106.4385,29.65,5.72,32.55227272727273,,8.0,37.31246,8.0,46.78227,,,39040.0,755.0,1090.11,233.01776506355927,3604.0,4698.0,468396000000.0,10250900000000.0,442.7502189,36329.95607,12883465957.0,,,,,,,,,,,-1094.0,8.309919114516816,,0.6447535845737368,2.750549952817701,,,4141.0
2000-12-01,174.6,6.4,102.9824,26.85,5.24,25.66,,8.0,36.98079,8.0,46.75053,,,40077.0,755.0,-461.78,-98.77535078211946,3657.0,3976.0,468396000000.0,10250900000000.0,442.7502189,36329.95607,12883465957.0,,,,,,,,,,,-319.0,10.079728370221329,,0.6447535845737368,2.750549952817701,,,1037.0
2001-01-01,175.6,5.98,103.9749,22.02,5.16,25.624545454545455,,8.0,36.89788,8.0,46.54545,,,41120.0,773.0,3971.58,853.2692239520727,3666.0,4007.0,485440000000.0,10581900000000.0,450.3579005,37133.62311,14273018778.0,3.248282454282725,3.7212049616065945,-0.4729225073238696,4.751717545717275,2.258795038393406,2.492922507323869,1.718278450296662,2.21213325568439,-0.4938548053877278,0.0209322980638581,-341.0,10.262041427501872,0.4450842951881695,0.6369479235332893,2.9402230508404745,,6.877523377007777,1043.0
2001-02-01,176.0,5.49,105.5054,28.35,5.1,27.503500000000003,,7.5,36.732040000000005,7.5,46.51889,,,41608.0,773.0,1574.14,338.38726590423806,3695.0,3457.0,485440000000.0,10581900000000.0,450.3579005,37133.62311,14273018778.0,3.0232402249052326,3.529411764705892,-0.5061715398006594,4.476759775094767,1.960588235294108,2.516171539800659,1.718278450296662,2.21213325568439,-0.4938548053877278,-0.0123167344129316,238.0,12.035869250795487,-0.9800442318572022,0.6369479235332893,2.9402230508404745,,6.664243811113568,488.0
2001-03-01,176.1,5.31,110.1972,28.64,4.89,24.49727272727273,,7.0,36.89788,7.0,46.6205,,,42281.0,773.0,2204.8,472.9250008043672,4309.0,4625.0,485440000000.0,10581900000000.0,450.3579005,37133.62311,14273018778.0,2.5345837898792745,2.9824561403508643,-0.4478723504715898,4.4654162101207255,2.327543859649136,2.13787235047159,1.718278450296662,2.21213325568439,-0.4938548053877278,0.045982454916138,-316.0,9.141837837837835,-10.873916807353478,0.6369479235332893,2.9402230508404745,,6.956036768438989,673.0
2001-04-01,176.4,4.8,108.4128,25.48,5.14,25.657142857142855,,7.0,37.14663,7.0,46.78647,,,42526.0,1127.0,1695.0,362.2842244777176,3115.0,4094.0,485440000000.0,10581900000000.0,450.3579005,37133.62311,14273018778.0,2.283116715761513,3.2182562902282053,-0.9351395744666924,4.716883284238487,1.5817437097717946,3.135139574466693,1.718278450296662,2.21213325568439,-0.4938548053877278,-0.4412847690789646,-979.0,10.387396189545676,12.70708986445026,0.9286420566908372,2.9402230508404745,,7.209371708889134,245.0
2001-05-01,177.3,4.21,109.8213,22.64,5.39,28.313636363636363,,7.0,37.39537,7.0,46.92,,,42991.0,1127.0,1031.0,219.73572037510647,3629.0,4674.0,485440000000.0,10581900000000.0,450.3579005,37133.62311,14273018778.0,2.499993832793046,3.56308411214954,-1.0630902793564934,4.500006167206954,0.6469158878504606,3.853090279356493,1.718278450296662,2.21213325568439,-0.4938548053877278,-0.5692354739687655,-1045.0,9.197903294822424,2.0766646013431256,0.9286420566908372,2.9402230508404745,,6.672656583387582,465.0
2001-06-01,177.7,3.97,110.2966,19.06,5.28,27.84904761904762,,7.0,37.89288,7.0,47.0045,,,43454.0,1127.0,809.0,172.11118084438723,3612.0,4017.0,485440000000.0,10581900000000.0,450.3579005,37133.62311,14273018778.0,3.3936967654339067,3.193960511033689,0.1997362544002179,3.606303234566093,0.7760394889663114,2.830263745599781,1.718278450296662,2.21213325568439,-0.4938548053877278,0.6935910597879458,-405.0,10.817525516554642,-6.532563292288696,0.9286420566908372,2.9402230508404745,,5.176775163651692,463.0
2001-07-01,177.4,3.77,109.1777,21.62,5.24,24.613636363636363,,7.0,38.39037,7.0,47.14182,,,43730.0,-965.0,773.0,163.97330438239337,3433.0,4923.0,485440000000.0,10581900000000.0,450.3579005,37133.62311,14273018778.0,4.044920737993607,2.7214823393167498,1.3234383986768572,2.955079262006393,1.0485176606832505,1.9065616013231428,1.718278450296662,2.21213325568439,-0.4938548053877278,1.817293204064585,-1490.0,8.882795043672557,-14.185518961970411,-0.7951549110085696,2.9402230508404745,,5.26839725339141,276.0
2001-08-01,177.4,3.65,106.6244,24.92,4.97,25.68,,7.0,38.63912,7.0,47.127,,,45358.0,-965.0,270.0,57.29199821758228,3647.0,4372.0,485440000000.0,10581900000000.0,450.3579005,37133.62311,14273018778.0,5.191870639365503,2.7214823393167498,2.4703883000487536,1.8081293606344968,0.92851766068325,0.8796116999512467,1.718278450296662,2.21213325568439,-0.4938548053877278,2.964243105436481,-725.0,10.374656907593778,-14.955868166045128,-0.7951549110085696,2.9402230508404745,,3.149397764406925,1628.0
2001-09-01,178.1,3.07,107.3094,31.93,4.73,25.6195,,7.0,38.55621,7.0,47.646,,,44877.0,-965.0,-229.0,-48.06279645720522,3702.0,3902.0,485440000000.0,10581900000000.0,450.3579005,37133.62311,14273018778.0,4.729734868651225,2.5921658986175045,2.137568970033721,2.2702651313487747,0.4778341013824954,1.7924310299662791,1.718278450296662,2.21213325568439,-0.4938548053877278,2.6314237754214487,-200.0,11.501025115325474,-22.704226768576508,-0.7951549110085696,2.9402230508404745,,3.8288042886094553,-481.0
2001-10-01,177.6,2.49,108.6554,33.56,4.57,20.53782608695652,,6.5,38.80495,6.5,48.02048,,,45256.0,475.0,605.0,125.9879118242883,3718.0,4093.0,485440000000.0,10581900000000.0,450.3579005,37133.62311,14273018778.0,4.231612853664046,2.127659574468077,2.103953279195969,2.2683871463359537,0.3623404255319231,1.9060467208040304,1.718278450296662,2.21213325568439,-0.4938548053877278,2.597808084583697,-375.0,11.05692645980943,-33.66530024473039,0.3913974950560316,2.9402230508404745,,3.609644533146339,379.0
2001-11-01,177.5,2.09,108.677,23.84,4.65,18.797272727272727,,6.5,39.13662,6.5,47.99737,,,46891.0,475.0,162.0,33.75184932007733,3576.0,4158.0,485440000000.0,10581900000000.0,450.3579005,37133.62311,14273018778.0,4.888876262781916,1.894374282433997,2.994501980347919,1.611123737218084,0.1956257175660027,1.4154980196520812,1.718278450296662,2.21213325568439,-0.4938548053877278,3.488356785735647,-582.0,11.277296777296778,-42.25511415206312,0.3913974950560316,2.9402230508404745,,2.5973515180003126,1635.0
2001-12-01,177.4,1.82,110.5327,23.8,5.09,18.705263157894734,,6.5,38.88787,6.5,47.92263,,,48112.0,475.0,279.0,58.218841495134974,3250.0,4079.0,485440000000.0,10581900000000.0,450.3579005,37133.62311,14273018778.0,5.156947701766246,1.603665521191311,3.553282180574935,1.3430522982337545,0.2163344788086891,1.126717819425065,1.718278450296662,2.21213325568439,-0.4938548053877278,4.047136985962663,-829.0,11.795047805834765,-27.10341715551545,0.3913974950560316,2.9402230508404745,,2.507137352239641,1221.0
2002-01-01,177.7,1.73,112.8265,21.09,5.04,19.416818181818183,,6.5,38.72204,6.5,48.31522,,,49479.0,2763.0,370.0,76.58042331174317,4253.0,4243.0,514939000000.0,10929100000000.0,469.149929,37997.75966,15735736286.0,4.943807069674455,1.1958997722095743,3.747907297464881,1.5561929303255448,0.5341002277904257,1.0220927025351192,4.17268765111849,2.327100017793016,1.845587633325474,1.902319664139407,10.0,11.661324534527456,-24.225706886153187,2.1462736362947843,3.055844728404724,,3.8022406056875457,1367.0
2002-02-01,178.0,1.74,112.6823,21.59,4.91,20.2755,,6.5,38.63912,6.5,48.6915,,,50776.0,2763.0,2024.0,415.6783011408562,3535.0,3759.0,514939000000.0,10929100000000.0,469.149929,37997.75966,15735736286.0,5.191870639365503,1.1363636363636465,4.055507003001857,1.3081293606344966,0.6036363636363535,0.704492996998143,4.17268765111849,2.327100017793016,1.845587633325474,2.209919369676383,-224.0,13.507847831870178,-26.280291599251004,2.1462736362947843,3.055844728404724,,4.670382289861164,1297.0
2002-03-01,178.5,1.73,111.7899,17.4,5.28,23.696666666666665,,6.5,38.80495,6.5,48.73944,,,54106.0,2763.0,484.0,99.3035619613192,4141.0,4433.0,514939000000.0,10929100000000.0,469.149929,37997.75966,15735736286.0,5.16850832622362,1.362862010221466,3.8056463160021536,1.3314916737763802,0.3671379897785338,0.9643536839978464,4.17268765111849,2.327100017793016,1.845587633325474,1.96005868267668,-292.0,12.205278592375366,-3.2681436399846775,2.1462736362947843,3.055844728404724,,4.545082099076581,3330.0
2002-04-01,179.3,1.75,108.9262,21.91,5.21,25.72863636363636,,6.5,38.88787,6.5,48.9195,,,55870.0,1129.0,-82.0,-16.762231829842907,4035.0,4207.0,514939000000.0,10929100000000.0,469.149929,37997.75966,15735736286.0,4.687477706591414,1.643990929705219,3.043486776886195,1.8125222934085856,0.1060090702947809,1.7065132231138047,4.17268765111849,2.327100017793016,1.845587633325474,1.1978991435607211,-172.0,13.280247207035892,0.27864952419518474,0.876997081207677,3.055844728404724,,4.559074450369938,1764.0
2002-05-01,179.5,1.75,105.6437,19.98,5.16,25.345454545454547,,6.5,39.13662,6.5,49.0,,,56779.0,1129.0,-154.0,-31.428571428571427,4080.0,5181.0,514939000000.0,10929100000000.0,469.149929,37997.75966,15735736286.0,4.656325101209058,1.2408347433727984,3.4154903578362594,1.8436748987909424,0.5091652566272016,1.3345096421637408,4.17268765111849,2.327100017793016,1.845587633325474,1.5699027245107855,-1101.0,10.959081258444316,-10.483223631401495,0.876997081207677,3.055844728404724,,4.433077578857625,909.0
2002-06-01,179.6,1.75,102.202,25.4,4.93,24.081666666666667,,6.5,39.46829,6.5,48.9665,,,58693.0,1129.0,-183.0,-37.37248935496717,3963.0,4251.0,514939000000.0,10929100000000.0,469.149929,37997.75966,15735736286.0,4.157535663691969,1.0692177827799745,3.088317880911995,2.342464336308031,0.6807822172200257,1.6616821190880051,4.17268765111849,2.327100017793016,1.845587633325474,1.242730247586521,-288.0,13.806868972006589,-13.527862797736102,0.876997081207677,3.055844728404724,,4.174068440255718,1914.0
2002-07-01,180.0,1.73,103.5833,32.03,4.65,25.73608695652174,,6.5,39.88287,6.5,48.76391,,,60607.0,1815.0,305.0,62.54625603238132,4583.0,4874.0,514939000000.0,10929100000000.0,469.149929,37997.75966,15735736286.0,3.887693710688378,1.465614430665152,2.422079280023226,2.612306289311622,0.264385569334848,2.347920719976774,4.17268765111849,2.327100017793016,1.845587633325474,0.5764916466977521,-291.0,12.434755847353305,4.560279417078172,1.4098757328537943,3.055844728404724,,3.440872668895678,1914.0
2002-08-01,180.5,1.74,102.9413,32.64,4.26,26.651363636363637,,6.5,40.13162,6.5,48.58667,,,62140.0,1815.0,192.0,39.5170115589317,4522.0,4861.0,514939000000.0,10929100000000.0,469.149929,37997.75966,15735736286.0,3.862665609361704,1.747463359639223,2.115202249722481,2.637334390638296,-0.007463359639223,2.644797750277519,4.17268765111849,2.327100017793016,1.845587633325474,0.269614616397007,-339.0,12.783377905780704,3.7825686774284994,1.4098757328537943,3.055844728404724,,3.097311519935486,1533.0
2002-09-01,180.8,1.75,103.5577,39.69,3.87,28.39952380952381,,6.5,40.21454,6.5,48.44158,,,63620.0,1815.0,422.0,87.11524273155418,4484.0,5086.0,514939000000.0,10929100000000.0,469.149929,37997.75966,15735736286.0,4.301071085565722,1.516002245929271,2.785068839636451,2.198928914434278,0.2339977540707289,1.964931160363549,4.17268765111849,2.327100017793016,1.845587633325474,0.939481206310977,-602.0,12.50884781753834,10.851202441592589,1.4098757328537943,3.055844728404724,,1.669772908533762,1480.0
2002-10-01,181.2,1.75,103.2141,31.14,3.94,27.54304347826087,,6.5,40.38037,6.5,48.37286,,,65159.0,1354.0,-444.0,-91.78700618487308,4752.0,5593.0,514939000000.0,10929100000000.0,469.149929,37997.75966,15735736286.0,4.05984288086958,2.027027027027017,2.0328158538425622,2.4401571191304203,-0.2770270270270174,2.7171841461574378,4.17268765111849,2.327100017793016,1.845587633325474,0.1872282205170883,-841.0,11.650098337207224,34.10885534644452,1.0517750646193045,3.055844728404724,,0.7338119069197235,1539.0
2002-11-01,181.5,1.34,103.1296,27.5,4.05,24.335238095238097,,6.25,40.5462,6.25,48.25526,,,67578.0,1354.0,342.0,70.87310274569032,4049.0,5072.0,514939000000.0,10929100000000.0,469.149929,37997.75966,15735736286.0,3.60169069275782,2.2535211267605604,1.3481695659972592,2.6483093072421804,-0.9135211267605604,3.561830434002741,4.17268765111849,2.327100017793016,1.845587633325474,-0.4974180673282147,-1023.0,13.323738170347005,29.461536512849573,1.0517750646193045,3.055844728404724,,0.5373002729107901,2419.0
2002-12-01,181.8,1.24,100.2577,28.62,4.03,28.334500000000002,732059.0,6.25,40.13162,6.25,48.14,,,71110.0,1354.0,457.0,94.93144993768176,3985.0,4972.0,514939000000.0,10929100000000.0,469.149929,37997.75966,15735736286.0,3.198298081124018,2.480270574971821,0.7180275061521968,3.051701918875982,-1.2402705749718212,4.291972493847803,4.17268765111849,2.327100017793016,1.845587633325474,-1.1275601271732771,-987.0,14.302091713596138,51.478756330894804,1.0517750646193045,3.055844728404724,,0.4535852894551162,3532.0
2003-01-01,182.6,1.24,98.3091,31.17,4.05,31.183636363636364,712809.0,6.25,40.04871,6.25,47.93261,,,74256.0,2047.0,1088.0,226.98534463280845,4850.0,5571.0,607701000000.0,11456400000000.0,544.1431335,39490.27496,20999150983.0,3.4261366394952253,2.757456387169399,0.6686802523258262,2.8238633605047747,-1.5174563871693991,4.341319747674174,15.984912256056203,3.927903416819501,12.057008839236705,-11.38832858691088,-721.0,13.329025309639205,60.60116581220591,1.3473731325108893,3.455507064000224,,-0.7919036692785375,3146.0
2003-02-01,183.6,1.26,97.3887,29.63,3.9,32.771,721980.0,6.25,40.13162,6.25,47.73579,,,73547.0,2047.0,433.0,90.70762210073406,4286.0,4631.0,607701000000.0,11456400000000.0,544.1431335,39490.27496,20999150983.0,3.862665609361704,3.146067415730336,0.7165981936313681,2.387334390638296,-1.886067415730336,4.273401806368632,15.984912256056203,3.927903416819501,12.057008839236705,-11.340410645605337,-345.0,15.88145109047722,61.62856649651056,1.3473731325108893,3.455507064000224,,-1.96278611256584,-709.0
2003-03-01,183.9,1.25,96.5982,29.15,3.81,30.612380952380953,725019.0,6.25,40.38037,6.25,47.64105,,,76100.0,2047.0,293.0,61.50158319348545,5151.0,5891.0,607701000000.0,11456400000000.0,544.1431335,39490.27496,20999150983.0,4.05984288086958,3.025210084033625,1.0346327968359548,2.1901571191304203,-1.775210084033625,3.965367203164045,15.984912256056203,3.927903416819501,12.057008839236705,-11.02237604240075,-740.0,12.918010524528942,29.184333741936786,1.3473731325108893,3.455507064000224,,-2.253595855840773,2553.0
2003-04-01,183.2,1.26,94.9386,21.21,3.96,25.06772727272727,746294.0,6.25,40.87787,6.25,47.3775,,,78325.0,-422.0,572.38,120.81262202522296,4314.0,5764.0,607701000000.0,11456400000000.0,544.1431335,39490.27496,20999150983.0,5.11727692979842,2.175125488008911,2.942151441789509,1.13272307020158,-0.915125488008911,2.0478485582104917,15.984912256056203,3.927903416819501,12.057008839236705,-9.114857397447196,-1450.0,13.588653712699514,-2.568768439835345,-0.277768178758962,3.455507064000224,,-3.152117253855824,2225.0
2003-05-01,182.9,1.26,91.6261,19.47,3.57,25.857727272727274,744896.0,6.0,40.96079,6.0,47.08316,,,82308.0,-422.0,1232.95,261.8664507649869,4696.0,6175.0,607701000000.0,11456400000000.0,544.1431335,39490.27496,20999150983.0,4.661031024140572,1.8941504178273003,2.766880606313271,1.3389689758594283,-0.6341504178273005,1.9731193936867288,15.984912256056203,3.927903416819501,12.057008839236705,-9.290128232923433,-1479.0,13.329230769230769,2.0211621233859445,-0.277768178758962,3.455507064000224,,-3.911918367346945,3983.0
2003-06-01,183.1,1.22,92.1028,19.52,3.33,27.652857142857144,744018.0,6.0,41.20954,6.0,46.70905,,,83221.0,-422.0,2592.95,555.1279677064723,4398.0,5727.0,607701000000.0,11456400000000.0,544.1431335,39490.27496,20999150983.0,4.411769549681521,1.948775055679297,2.462994494002224,1.5882304503184788,-0.7287750556792971,2.317005505997776,15.984912256056203,3.927903416819501,12.057008839236705,-9.59401434523448,-1329.0,14.531342762353765,14.829498828391486,-0.277768178758962,3.455507064000224,,-4.610192682752501,913.0
2003-07-01,183.7,1.01,94.3994,19.49,3.98,28.348695652173912,740295.0,6.0,41.5412,6.0,46.22957,,,85551.0,3186.0,2495.89,539.8903775224385,4637.0,5784.0,607701000000.0,11456400000000.0,544.1431335,39490.27496,20999150983.0,4.158000665448625,2.055555555555544,2.1024451098930808,1.841999334551376,-1.0455555555555438,2.8875548901069195,15.984912256056203,3.927903416819501,12.057008839236705,-9.954563729343624,-1147.0,14.79097510373444,10.151538188637165,2.097083927786856,3.455507064000224,,-5.197163229937873,2330.0
2003-08-01,184.5,1.03,94.3449,18.63,4.45,29.888095238095236,740637.0,6.0,41.37537,6.0,45.9355,,,87306.0,3186.0,2058.07,448.0347443698229,4516.0,5785.0,607701000000.0,11456400000000.0,544.1431335,39490.27496,20999150983.0,3.0991771575630267,2.216066481994461,0.8831106755685658,2.9008228424369733,-1.1860664819944609,4.086889324431434,15.984912256056203,3.927903416819501,12.057008839236705,-11.173898163668138,-1269.0,15.091789109766635,12.144712915609833,2.097083927786856,3.455507064000224,,-5.456578934098588,1755.0
2003-09-01,185.1,1.01,90.1281,22.72,4.27,27.112272727272728,741193.0,6.0,41.37537,6.0,45.85048,,,92339.0,3186.0,4047.69,882.8020993455249,5481.0,6305.0,607701000000.0,11456400000000.0,544.1431335,39490.27496,20999150983.0,2.886592759733153,2.378318584070782,0.508274175662371,3.113407240266847,-1.368318584070782,4.481725824337629,15.984912256056203,3.927903416819501,12.057008839236705,-11.548734663574333,-824.0,14.645360824742268,-4.532650233450042,2.097083927786856,3.455507064000224,,-5.3489171905623305,5033.0
2003-10-01,184.9,1.01,89.1992,16.1,4.29,29.60782608695652,747272.0,6.0,41.70704,6.0,45.39045,,,93803.0,3962.0,6939.72,1528.894293843749,5609.0,7019.0,607701000000.0,11456400000000.0,544.1431335,39490.27496,20999150983.0,3.2854329962801243,2.041942604856528,1.2434903914235962,2.714567003719876,-1.031942604856528,3.746509608576404,15.984912256056203,3.927903416819501,12.057008839236705,-10.81351844781311,-1410.0,13.364154437954124,7.496566638778823,2.6078614318554685,3.455507064000224,,-6.165461376482606,1464.0
2003-11-01,185.0,1.0,87.3502,16.32,4.3,28.752499999999998,756964.0,6.0,41.78995,6.0,45.52,,,97400.0,3962.0,3282.39,721.0874340949033,4902.0,6467.0,607701000000.0,11456400000000.0,544.1431335,39490.27496,20999150983.0,3.067488445279709,1.9283746556473915,1.1391137896323178,2.932511554720291,-0.9283746556473912,3.860886210367682,15.984912256056203,3.927903416819501,12.057008839236705,-10.917895049604386,-1565.0,15.061079325807947,18.151710237946126,2.6078614318554685,3.455507064000224,,-5.668314708075339,3597.0
2003-12-01,185.5,0.98,84.8883,18.31,4.27,29.80714285714286,771551.0,6.0,41.62412,6.0,45.59091,,,103151.0,3962.0,6290.59,1379.7904012005902,6120.0,7450.0,607701000000.0,11456400000000.0,544.1431335,39490.27496,20999150983.0,3.7190125890756542,2.0352035203520247,1.6838090687236296,2.2809874109243458,-1.0552035203520247,3.3361909312763705,15.984912256056203,3.927903416819501,12.057008839236705,-10.373199770513075,-1330.0,13.845771812080535,5.1973490167211756,2.6078614318554685,3.455507064000224,5.394647152756815,-5.295159950145411,5751.0
2004-01-01,186.3,1.0,85.626,16.63,4.15,31.280952380952378,755279.0,6.0,41.78995,6.0,45.45667,,,106384.0,7357.0,2492.86,548.4035676172496,5216.0,6898.0,709153000000.0,12217200000000.0,624.2588265,41724.63163,18750377107.0,4.347805459901211,2.026286966046009,2.3215184938552014,1.6521945400987894,-1.0262869660460092,2.678481506144798,14.723275562568515,5.657992182285887,9.06528338028263,-6.743764886427428,-1682.0,15.42244128732966,0.312073987078354,4.149739195913999,2.6440524269092847,5.958117812766117,-5.165460424541857,3233.0
2004-02-01,186.7,1.01,86.2937,14.55,4.08,30.8585,750666.0,6.0,41.78995,6.0,45.27167,,,109572.0,7357.0,3182.74,703.0312776179893,6227.0,6844.0,709153000000.0,12217200000000.0,624.2588265,41724.63163,18750377107.0,4.132227904081609,1.688453159041381,2.443774745040228,1.867772095918391,-0.6784531590413809,2.546225254959772,14.723275562568515,5.657992182285887,9.06528338028263,-6.621508635242401,-617.0,16.009935710111048,-5.835952518995457,4.149739195913999,2.6440524269092847,3.973240255962773,-5.161996900019883,3188.0
2004-03-01,187.1,1.0,85.3923,16.74,3.83,33.63434782608696,760725.0,6.0,41.78995,6.0,45.01476,,,112959.0,7357.0,8811.8,1957.535706066188,7863.0,8034.0,709153000000.0,12217200000000.0,624.2588265,41724.63163,18750377107.0,3.4907555329483086,1.7400761283306032,1.7506794046177054,2.509244467051692,-0.7400761283306032,3.249320595382295,14.723275562568515,5.657992182285887,9.06528338028263,-7.314603975664924,-171.0,14.060119492158329,9.871714579819258,4.149739195913999,2.6440524269092847,4.924836452561943,-5.512661874580848,3387.0
2004-04-01,187.4,1.0,88.815,17.19,4.35,33.59090909090909,772927.0,6.0,41.78995,6.0,43.93333,90.868,138.4952,118490.0,3608.0,4207.86,957.7830772217812,5643.0,6987.0,709153000000.0,12217200000000.0,624.2588265,41724.63163,18750377107.0,2.231231715351112,2.2925764192139875,-0.0613447038628756,3.768768284648888,-1.2925764192139877,5.061344703862876,14.723275562568515,5.657992182285887,9.06528338028263,-9.126628084145503,-1344.0,16.958637469586375,34.00061651163213,2.035103849239868,2.6440524269092847,3.5687008069205994,-7.269632209382093,5531.0
2004-05-01,188.2,1.0,87.7243,15.5,4.72,37.56761904761905,771108.0,6.0,42.12162,6.0,45.258,89.4499,135.7937,119379.0,3608.0,-3151.29,-696.2945777542092,5963.0,8073.0,709153000000.0,12217200000000.0,624.2588265,41724.63163,18750377107.0,2.834002957462478,2.8977583378895444,-0.0637553804270663,3.165997042537522,-1.8977583378895444,5.063755380427066,14.723275562568515,5.657992182285887,9.06528338028263,-9.129038760709696,-2110.0,14.78743961352657,45.285850729976794,2.035103849239868,2.6440524269092847,3.518880488014431,-3.876460288561767,889.0
2004-06-01,188.9,1.03,87.3441,14.34,4.73,35.18363636363636,779578.0,6.0,42.45329,6.0,45.51591,88.9379,134.2308,119511.0,3608.0,511.0,112.268435366886,6068.0,8717.0,709153000000.0,12217200000000.0,624.2588265,41724.63163,18750377107.0,3.0181118255627304,3.1676679410158397,-0.1495561154531088,2.9818881744372696,-2.137667941015839,5.119556115453109,14.723275562568515,5.657992182285887,9.06528338028263,-9.214839495735738,-2649.0,13.710106688080762,27.23327713253836,2.035103849239868,2.6440524269092847,4.779454260515204,-2.554408621027404,132.0
2004-07-01,189.1,1.26,87.8202,15.32,4.5,38.221363636363634,773916.0,6.0,42.86787,6.0,46.04364,88.1577,132.0906,118385.0,-4430.0,1292.83,280.7836217987978,5819.0,7872.0,709153000000.0,12217200000000.0,624.2588265,41724.63163,18750377107.0,3.1936246425235737,2.939575394665228,0.2540492478583456,2.8063753574764263,-1.679575394665228,4.485950752141655,14.723275562568515,5.657992182285887,9.06528338028263,-8.811234132424284,-2053.0,15.038744918699187,34.82582798631386,-2.4987555576864238,2.6440524269092847,4.541567888476883,-0.4021884694146993,-1126.0
2004-08-01,189.2,1.43,86.8051,15.29,4.28,42.74409090909091,775437.0,6.0,43.28245,6.0,46.34238,88.6611,131.8125,118154.0,-4430.0,2850.25,615.0417824893758,5983.0,8132.0,709153000000.0,12217200000000.0,624.2588265,41724.63163,18750377107.0,4.609215579220205,2.5474254742547275,2.061790104965477,1.390784420779795,-1.1174254742547276,2.508209895034523,14.723275562568515,5.657992182285887,9.06528338028263,-7.003493275317152,-2149.0,14.529513034923758,43.01376708211728,-2.4987555576864238,2.6440524269092847,4.69865804705949,0.8857637339312774,-231.0
2004-09-01,189.8,1.61,85.2055,13.34,4.13,43.19681818181818,786330.0,6.0,43.36537,6.0,46.0981,89.089,132.5546,119579.0,-4430.0,2815.61,610.7865617021092,6919.0,9420.0,709153000000.0,12217200000000.0,624.2588265,41724.63163,18750377107.0,4.809624663175227,2.539168017287952,2.2704566458872755,1.190375336824773,-0.9291680172879516,2.119543354112724,14.723275562568515,5.657992182285887,9.06528338028263,-6.794826734395354,-2501.0,12.69416135881104,59.325699532248045,-2.4987555576864238,2.6440524269092847,6.089776886721809,0.5400597769096516,1425.0
2004-10-01,190.8,1.76,82.6304,16.27,4.1,49.776666666666664,791336.0,6.0,43.61412,6.0,45.78368,89.0713,132.0247,121337.0,-5754.0,3952.04,863.1984148063241,6519.0,8989.0,709153000000.0,12217200000000.0,624.2588265,41724.63163,18750377107.0,4.572561370934025,3.1909140075716547,1.3816473633623705,1.4274386290659749,-1.4309140075716549,2.8583526366376297,14.723275562568515,5.657992182285887,9.06528338028263,-7.683636016920259,-2470.0,13.49838691734342,68.1199643650817,-3.245561959125886,2.6440524269092847,5.8966480745966665,0.866327608560824,1758.0
2004-11-01,191.7,1.93,79.9112,13.24,4.19,43.110454545454544,809956.0,6.0,43.5312,6.0,45.12684,88.3554,131.4104,128226.0,-5754.0,6344.57,1405.941563823215,7086.0,9358.0,709153000000.0,12217200000000.0,624.2588265,41724.63163,18750377107.0,4.166671651916309,3.621621621621607,0.5450500302947026,1.8333283480836904,-1.691621621621607,3.5249499697052973,14.723275562568515,5.657992182285887,9.06528338028263,-8.520233349987926,-2272.0,13.70228681342167,49.93636916947934,-3.245561959125886,2.6440524269092847,7.000597122188101,-0.8637082601054558,6889.0
2004-12-01,191.7,2.16,79.4917,13.29,4.23,39.60217391304348,810944.0,6.0,43.19954,6.0,43.98043,88.7982,133.2089,131178.0,-5754.0,5890.0,1339.232017513244,7357.0,10457.0,709153000000.0,12217200000000.0,624.2588265,41724.63163,18750377107.0,3.78487280932307,3.3423180592991875,0.4425547500238824,2.21512719067693,-1.182318059299187,3.3974452499761174,14.723275562568515,5.657992182285887,9.06528338028263,-8.622728630258747,-3100.0,12.5445156354595,32.86135508809218,-3.245561959125886,2.6440524269092847,5.105689708133365,-3.5324585536897657,2952.0
2005-01-01,191.6,2.28,81.6728,12.82,4.22,44.509,807262.0,6.0,43.61412,6.0,43.75684,89.8529,134.1472,129463.0,4106.0,1324.24,302.6361135767574,8194.0,11009.0,820384000000.0,13039200000000.0,710.4880804,44123.40707,22125089480.0,4.365092564121276,2.8448738593666034,1.5202187047546722,1.6349074358787243,-0.5648738593666036,2.199781295245328,13.81306122389283,5.74906319430577,8.063998029587061,-6.543779324832389,-2815.0,11.759742029248796,42.28786725529001,2.0019893123220345,2.696918696610368,6.882622183325626,-3.7394512180500814,-1715.0
2005-02-01,192.4,2.5,80.8079,12.08,4.17,45.475,804576.0,6.0,43.5312,6.0,43.677,90.0899,135.1026,135900.0,4106.0,7493.76,1715.722233669895,8046.0,10357.0,820384000000.0,13039200000000.0,710.4880804,44123.40707,22125089480.0,4.166671651916309,3.0530262453133394,1.11364540660297,1.8333283480836904,-0.5530262453133394,2.38635459339703,13.81306122389283,5.74906319430577,8.063998029587061,-6.950352622984092,-2311.0,13.121560297383413,47.366203801221715,2.0019893123220345,2.696918696610368,7.181622719025516,-3.52244571494712,6437.0
2005-03-01,193.1,2.63,81.7542,14.02,4.5,53.10454545454545,807551.0,6.0,43.5312,6.0,43.69,89.1764,134.3602,141514.0,4106.0,7885.58,1804.8935683222708,10155.0,12369.0,820384000000.0,13039200000000.0,710.4880804,44123.40707,22125089480.0,4.166671651916309,3.2068412613575736,0.9598303905587358,1.8333283480836904,-0.5768412613575737,2.4101696094412643,13.81306122389283,5.74906319430577,8.063998029587061,-7.104167639028326,-2214.0,11.441021909612742,57.88784051688172,2.0019893123220345,2.696918696610368,6.155443820040096,-2.9429458248805607,5614.0
2005-04-01,193.7,2.79,82.3876,15.31,4.34,51.88380952380952,809797.0,6.0,43.86287,6.0,43.74118,89.9783,135.4603,141841.0,-4794.0,-946.0,-216.27217189842617,7680.0,11336.0,820384000000.0,13039200000000.0,710.4880804,44123.40707,22125089480.0,4.960331371537907,3.3617929562433257,1.5985384152945814,1.0396686284620928,-0.5717929562433257,1.6114615847054186,13.81306122389283,5.74906319430577,8.063998029587061,-6.46545961429248,-3656.0,12.512438249823571,54.45789032798503,-2.3374419783906077,2.696918696610368,4.7701788137819,-0.4373672562494102,327.0
2005-05-01,193.6,3.0,84.6087,13.29,4.14,48.64545454545455,810160.0,6.0,43.69703,6.0,43.49143,90.3482,137.0498,138857.0,-4794.0,-587.0,-134.96911920348444,7977.0,13232.0,820384000000.0,13039200000000.0,710.4880804,44123.40707,22125089480.0,3.740145796861549,2.869287991498415,0.8708578053631344,2.2598542031384508,0.1307120085015851,2.1291421946368656,13.81306122389283,5.74906319430577,8.063998029587061,-7.193140224223927,-5255.0,10.494029625151148,29.487723147409817,-2.3374419783906077,2.696918696610368,5.064400836199345,-3.903332007600868,-2984.0
2005-06-01,193.7,3.04,85.3391,12.04,4.0,54.35454545454545,810082.0,6.0,43.86287,6.0,43.58591,91.5981,138.8308,138370.0,-4794.0,5699.0,1307.5326407088896,7893.0,11803.0,820384000000.0,13039200000000.0,710.4880804,44123.40707,22125089480.0,3.3203080373747307,2.541026998411855,0.7792810389628757,2.6796919626252693,0.498973001588145,2.1807189610371243,13.81306122389283,5.74906319430577,8.063998029587061,-7.284716990624186,-3910.0,11.72329068880793,54.488140147795995,-2.3374419783906077,2.696918696610368,3.912886202535226,-4.240275543211158,-487.0
2005-07-01,194.9,3.26,85.6004,11.57,4.18,57.52,814259.0,6.0,44.60912,6.0,43.53737,93.6529,140.1023,140542.0,-4684.0,7391.0,1697.6220658252898,7492.0,11509.0,820384000000.0,13039200000000.0,710.4880804,44123.40707,22125089480.0,4.061899973103378,3.067160232681121,0.9947397404222568,1.9381000268966224,0.1928397673188788,1.7452602595777436,13.81306122389283,5.74906319430577,8.063998029587061,-7.069258289164805,-4017.0,12.211486662611868,50.49175258957985,-2.283808557943597,2.696918696610368,5.212839636342959,-5.44324905676441,2172.0
2005-08-01,196.1,3.5,83.8601,12.6,4.26,63.98347826086956,823237.0,6.0,44.77495,6.0,43.62591,92.5839,138.4398,144079.0,-4684.0,4085.0,936.3701525079936,8571.0,12760.0,820384000000.0,13039200000000.0,710.4880804,44123.40707,22125089480.0,3.448279845526314,3.646934460887952,-0.1986546153616375,2.551720154473686,-0.1469344608879517,2.698654615361637,13.81306122389283,5.74906319430577,8.063998029587061,-8.262652644948698,-4189.0,11.291457680250783,49.68964574998462,-2.283808557943597,2.696918696610368,6.164266084801207,-5.861740376735081,3537.0
2005-09-01,198.8,3.62,84.3793,11.92,4.2,62.908181818181816,823771.0,6.0,44.94078,6.0,43.9165,91.752,137.6193,143059.0,-4684.0,3258.0,741.8623979597646,8457.0,12896.0,820384000000.0,13039200000000.0,710.4880804,44123.40707,22125089480.0,3.6328757254924895,4.741833508956805,-1.108957783464315,2.3671242745075096,-1.1218335089568052,3.488957783464315,13.81306122389283,5.74906319430577,8.063998029587061,-9.172955813051376,-4439.0,11.093284739454097,45.63151747287784,-2.283808557943597,2.696918696610368,4.761486907532464,-4.732516090684868,-1020.0
2005-10-01,199.1,3.78,85.4842,15.32,4.46,58.53857142857142,819105.0,6.0,45.43828,6.0,44.8225,91.1678,136.1564,143573.0,-4913.0,-3808.0,-849.5733169725027,8622.0,11883.0,820384000000.0,13039200000000.0,710.4880804,44123.40707,22125089480.0,4.182498695376635,4.350104821802936,-0.1676061264263006,1.8175013046233648,-0.5701048218029361,2.387606126426301,13.81306122389283,5.74906319430577,8.063998029587061,-8.231604156013361,-3261.0,12.08221829504334,17.602433727793667,-2.395463587783282,2.696918696610368,3.509128865614608,-2.0993943693473294,514.0
2005-11-01,198.1,4.0,86.3872,12.06,4.54,55.24181818181818,835059.0,6.0,45.85286,6.0,45.7285,91.1387,134.4257,142821.0,-4913.0,4559.0,996.9712542506315,7293.0,11326.0,820384000000.0,13039200000000.0,710.4880804,44123.40707,22125089480.0,5.333324144521634,3.338549817423053,1.9947743270985807,0.666675855478366,0.6614501825769468,0.0052256729014192,13.81306122389283,5.74906319430577,8.063998029587061,-6.069223702488481,-4033.0,12.61001236093943,28.140189576457942,-2.395463587783282,2.696918696610368,3.0993041597321414,1.3332641948782475,-752.0
2005-12-01,198.1,4.16,86.0274,12.07,4.47,56.855714285714285,847700.0,6.0,45.60411,6.0,45.64545,90.4363,134.0633,137206.0,-4913.0,9615.0,2106.4531075934187,9235.0,12390.0,820384000000.0,13039200000000.0,710.4880804,44123.40707,22125089480.0,5.566193528912566,3.338549817423053,2.227643711489513,0.4338064710874336,0.8214501825769469,-0.3876437114895133,13.81306122389283,5.74906319430577,8.063998029587061,-5.836354318097548,-3155.0,11.073930589184826,43.56715469851551,-2.395463587783282,2.696918696610368,4.532495462078767,3.785820193208656,-5615.0
2006-01-01,199.3,4.29,99.4311,12.95,4.42,62.985238095238095,828901.0,6.0,45.5212,6.0,44.3985,91.237,136.0919,140374.0,4489.0,5177.0,1166.0303839093665,9168.0,12894.0,940260000000.0,13815600000000.0,801.6683537,46302.00088,28333642280.0,4.372620610022637,4.018789144050117,0.3538314659725206,1.6273793899773628,0.2712108559498833,1.3561685340274794,12.833469809749133,4.937501327909133,7.89596848184,-7.542137015867479,-3726.0,10.886769039863502,41.51124063726008,1.9096845553357584,3.013383774700615,2.6805423765766223,1.4664221639405506,3168.0
2006-02-01,199.4,4.49,99.7695,12.34,4.57,60.21,840555.0,6.0,45.5212,6.0,44.33105,91.4411,136.7963,142400.0,4489.0,7859.0,1772.7980726826909,9055.0,11535.0,940260000000.0,13815600000000.0,801.6683537,46302.00088,28333642280.0,4.571433822178128,3.63825363825363,0.933180183924498,1.428566177821872,0.8517463617463701,0.5768198160755018,12.833469809749133,4.937501327909133,7.89596848184,-6.962788297915502,-2480.0,12.34503684438665,32.402418911489825,1.9096845553357584,3.013383774700615,4.4717963250208825,1.4974700643359151,2026.0
2006-03-01,199.7,4.59,100.56,11.39,4.72,62.06478260869565,833675.0,6.0,45.5212,6.0,44.4819,90.8153,136.2672,151622.0,4489.0,6348.0,1427.0973137388464,11561.0,14314.0,940260000000.0,13815600000000.0,801.6683537,46302.00088,28333642280.0,4.571433822178128,3.4179181771103018,1.1535156450678263,1.428566177821872,1.172081822889698,0.2564843549321738,12.833469809749133,4.937501327909133,7.89596848184,-6.742452836772173,-2753.0,10.592566717898562,16.87282524961948,1.9096845553357584,3.013383774700615,3.2349659649978824,1.8125429159991049,9222.0
2006-04-01,200.7,4.79,98.1412,11.59,4.99,70.26,844572.0,6.0,45.90373,6.0,44.94941,89.0325,133.3428,160677.0,-4437.0,722.07,160.6405957275079,8625.0,12924.5,940260000000.0,13815600000000.0,801.6683537,46302.00088,28333642280.0,4.652819115575424,3.613835828600931,1.038983286974493,1.347180884424576,1.1761641713990691,0.1710167130255069,12.833469809749133,4.937501327909133,7.89596848184,-6.856985194865507,-4299.5,12.431970288986037,35.417966885715366,-1.887563014485355,3.013383774700615,4.294286098861821,2.762225436076493,9055.0
2006-05-01,201.3,4.94,97.7705,16.44,5.11,69.77695652173912,851580.0,6.0,46.28626,6.0,45.40909,87.5186,129.867,163868.0,-4437.0,-8930.32,-1966.6370764091507,10109.7,15106.0,940260000000.0,13815600000000.0,801.6683537,46302.00088,28333642280.0,5.925414152861186,3.977272727272729,1.9481414255884568,0.0745858471388141,0.9627272727272712,-0.888141425588457,12.833469809749133,4.937501327909133,7.89596848184,-5.947827056251543,-4996.299999999999,10.847875016549716,43.439828394530046,-1.887563014485355,3.013383774700615,5.11257035647279,4.40928247243193,3191.0
2006-06-01,201.8,4.99,98.2483,13.08,5.11,68.5559090909091,844436.0,6.0,47.05132,6.0,46.05545,88.2731,129.3949,162912.0,-4437.0,1781.87,386.89666478125815,10420.0,14400.1,940260000000.0,13815600000000.0,801.6683537,46302.00088,28333642280.0,7.269132184008931,4.1817243159525175,3.087407868056413,-1.269132184008931,0.8082756840474827,-2.0774078680564134,12.833469809749133,4.937501327909133,7.89596848184,-4.808560613783587,-3980.1,11.313254769064104,26.127278809165432,-1.887563014485355,3.013383774700615,4.240805251814006,5.66591359455384,-956.0
2006-07-01,202.9,5.24,97.9996,14.95,5.09,73.67428571428572,841552.0,6.0,47.43385,6.0,46.45619,87.6963,128.0549,164577.0,-5747.0,1073.16,231.004738012308,10600.1,14985.4,940260000000.0,13815600000000.0,801.6683537,46302.00088,28333642280.0,6.33218050479365,4.104669061056954,2.227511443736696,-0.3321805047936497,1.1353309389430466,-1.4675114437366965,12.833469809749133,4.937501327909133,7.89596848184,-5.668457038103304,-4385.299999999999,10.98248962323328,28.084641366977948,-2.4448556782166637,3.013383774700615,3.3518818950726947,6.704171611652243,1665.0
2006-08-01,203.8,5.25,97.644,12.31,4.88,73.2304347826087,850925.0,6.0,47.43385,6.0,46.53909,87.5329,127.1494,166244.0,-5747.0,3998.05,859.0735229244921,10769.5,15326.7,940260000000.0,13815600000000.0,801.6683537,46302.00088,28333642280.0,5.938365090301612,3.926568077511483,2.011797012790129,0.0616349096983883,1.323431922488517,-1.2617970127901286,12.833469809749133,4.937501327909133,7.89596848184,-5.884171469049871,-4557.200000000001,10.846692373439812,14.452100406354917,-2.4448556782166637,3.013383774700615,3.363308500468265,6.677637211464482,1667.0
2006-09-01,202.8,5.25,98.1054,11.98,4.72,61.95857142857143,849971.0,6.0,47.81638,6.0,46.12095,89.2017,128.7148,165305.0,-5747.0,4624.13,1002.6094432139842,10756.9,17351.1,940260000000.0,13815600000000.0,801.6683537,46302.00088,28333642280.0,6.398642836194668,2.012072434607637,4.386570401587031,-0.3986428361946679,3.237927565392363,-3.636570401587031,12.833469809749133,4.937501327909133,7.89596848184,-3.5093980802529687,-6594.199999999999,9.527061684849953,-1.5095180979080913,-2.4448556782166637,3.013383774700615,3.180495550341056,5.019639543224086,-939.0
2006-10-01,201.9,5.25,97.3901,11.1,4.73,57.808181818181815,852648.0,6.0,48.58145,6.0,45.46842,91.9043,131.0467,167392.0,-3604.0,5805.01,1276.7124962776363,9928.6,17512.4,940260000000.0,13815600000000.0,801.6683537,46302.00088,28333642280.0,6.917449340071857,1.4063284781516971,5.51112086192016,-0.9174493400718572,3.843671521848303,-4.76112086192016,12.833469809749133,4.937501327909133,7.89596848184,-2.38484761991984,-7583.800000000001,9.558484274000136,-1.2477065848469304,-1.5331929466317828,3.013383774700615,4.09507938542677,1.4410619666462177,2087.0
2006-11-01,202.0,5.25,96.5779,10.91,4.6,58.76136363636363,856671.0,6.0,48.58145,6.0,44.85045,92.2705,131.5449,174641.0,-3604.0,7028.59,1567.1169408556657,9979.4,16381.2,940260000000.0,13815600000000.0,801.6683537,46302.00088,28333642280.0,5.950752035968954,1.9687026754164672,3.982049360552488,0.0492479640310463,3.281297324583533,-3.2320493605524865,12.833469809749133,4.937501327909133,7.89596848184,-3.913919121287513,-6401.800000000001,10.661062681610629,6.371161504788847,-1.5331929466317828,3.013383774700615,2.588080602687959,-1.9201373322982216,7249.0
2006-12-01,203.1,5.24,97.0312,11.56,4.56,62.47210526315789,869988.0,6.0,48.58145,6.0,44.6345,90.9644,130.6423,177251.0,-3604.0,-1869.49,-418.84416762818,10834.5,15679.6,940260000000.0,13815600000000.0,801.6683537,46302.00088,28333642280.0,6.528665946994683,2.5239777889954462,4.004688157999237,-0.5286659469946828,2.716022211004554,-3.244688157999237,12.833469809749133,4.937501327909133,7.89596848184,-3.891280323840763,-4845.1,11.304561340850531,9.87832278250842,-1.5331929466317828,3.013383774700615,2.629232039636653,-2.2147881114108703,2610.0
2007-01-01,203.437,5.25,97.964,10.42,4.76,53.68142857142857,865730.0,6.0,48.58145,6.0,44.333,91.5488,132.39,180161.0,4223.0,3184.86,718.3948751494373,10967.0,14446.9,1216740000000.0,14474200000000.0,1021.887077,48050.22378,37216755275.0,6.722691844678952,2.075765178123423,4.646926666555529,-0.7226918446789519,3.174234821876577,-3.8969266665555287,27.47005320636744,3.77569622645646,23.69435697991097,-19.047430313355445,-3479.9,12.470564619399315,-14.771412802697537,1.3882998832947056,3.0587270308364976,4.443112024234508,-0.1475275065599079,2910.0
2007-02-01,204.226,5.26,97.2386,15.42,4.72,57.55578947368421,877409.0,6.0,48.96398,6.0,44.16056,91.6216,132.6373,194563.0,4223.0,4279.07,968.9800129346186,10561.2,14484.7,1216740000000.0,14474200000000.0,1021.887077,48050.22378,37216755275.0,7.563025579290515,2.420260782347028,5.142764796943489,-1.5630255792905166,2.839739217652972,-4.402764796943488,27.47005320636744,3.77569622645646,23.69435697991097,-18.55159218296749,-3923.5,13.432311335409086,-4.408255316917109,1.3882998832947056,3.0587270308364976,4.384484061126281,-0.3845837172816835,14402.0
2007-03-01,205.288,5.26,96.3183,14.64,4.56,62.05045454545455,869803.0,6.0,48.58145,6.0,44.0255,91.1494,132.5035,199179.0,4223.0,2057.05,467.2405764840831,12862.4,17136.6,1216740000000.0,14474200000000.0,1021.887077,48050.22378,37216755275.0,6.722691844678952,2.798197295943927,3.9244945487350247,-0.7226918446789519,2.4618027040560726,-3.1844945487350245,27.47005320636744,3.77569622645646,23.69435697991097,-19.76986243117595,-4274.199999999999,11.623017401351497,-0.023085657661026104,1.3882998832947056,3.0587270308364976,4.3335832308753375,-1.026035308743556,4616.0
2007-04-01,205.904,5.25,94.8365,14.22,4.69,67.4857894736842,879686.0,6.0,48.96398,6.0,42.15105,94.1569,136.9509,204409.0,-4532.0,4752.88,1127.5828241526606,11326.8,18370.6,1216740000000.0,14474200000000.0,1021.887077,48050.22378,37216755275.0,6.666669571296269,2.5929247633283525,4.073744807967916,-0.6666695712962687,2.6570752366716475,-3.323744807967916,27.47005320636744,3.77569622645646,23.69435697991097,-19.62061217194306,-7043.799999999999,11.126963735533952,-3.948492067059206,-1.4898828015845622,3.0587270308364976,4.157608824351278,-6.225576709460712,5230.0
2007-05-01,206.755,5.25,94.3215,13.05,4.75,67.21227272727273,876986.0,6.0,49.34651,6.0,40.77952,97.2921,141.2713,208068.0,-4532.0,3242.17,795.0485930192411,12455.7,21149.5,1216740000000.0,14474200000000.0,1021.887077,48050.22378,37216755275.0,6.611573283302663,2.709885742672613,3.90168754063005,-0.611573283302663,2.540114257327387,-3.15168754063005,27.47005320636744,3.77569622645646,23.69435697991097,-19.792669439280925,-8693.8,9.83796307241306,-3.6755455128905767,-1.4898828015845622,3.0587270308364976,2.983395570586445,-10.195249453358349,3659.0
2007-06-01,207.234,5.25,94.1393,16.23,5.1,71.04571428571428,865105.0,6.0,49.729040000000005,6.0,40.7719,98.0085,141.6621,213362.0,-4532.0,7210.02,1768.379692876712,12101.0,20016.0,1216740000000.0,14474200000000.0,1021.887077,48050.22378,37216755275.0,5.691062439906069,2.692765113974227,2.9982973259318424,0.3089375600939306,2.557234886025773,-2.2482973259318424,27.47005320636744,3.77569622645646,23.69435697991097,-20.69605965397913,-7915.0,10.6595723421263,3.6317878762333278,-1.4898828015845622,3.0587270308364976,2.4476692135342315,-11.472149333032243,5294.0
2007-07-01,207.603,5.26,93.4264,23.52,5.0,76.92999999999999,863890.0,6.0,50.4941,6.0,40.41636,98.9737,141.491,227107.0,-4257.0,19515.29,4828.561998161142,12513.3,21128.6,1216740000000.0,14474200000000.0,1021.887077,48050.22378,37216755275.0,6.4516163035469365,2.317890586495808,4.133725717051129,-0.4516163035469365,2.942109413504192,-3.393725717051129,27.47005320636744,3.77569622645646,23.69435697991097,-19.560631262859847,-8615.3,10.748795471540944,4.419064608702383,-1.3994772917796736,3.0587270308364976,2.654381428598596,-13.001130742749243,13745.0
2007-08-01,207.667,5.02,93.6674,23.38,4.67,70.76086956521739,872873.0,6.0,50.87663,6.0,40.81762,98.6515,140.8047,228847.0,-4257.0,-6476.32,-1586.648119121105,12640.6,20365.9,1216740000000.0,14474200000000.0,1021.887077,48050.22378,37216755275.0,7.258065706241434,1.897448478900876,5.360617227340558,-1.2580657062414344,3.1225515210991235,-4.380617227340558,27.47005320636744,3.77569622645646,23.69435697991097,-18.333739752570416,-7725.300000000001,11.236773233689648,-3.37232084545509,-1.3994772917796736,3.0587270308364976,2.5793107500660994,-12.293901750120174,1740.0
2007-09-01,208.547,4.94,90.9446,18.0,4.52,77.17315789473685,889900.0,6.0,50.87663,6.0,40.34,98.8035,141.2353,247762.0,-4257.0,19823.4,4914.080317302924,12521.4,18217.5,1216740000000.0,14474200000000.0,1021.887077,48050.22378,37216755275.0,6.400003513440367,2.8338264299802685,3.566177083460098,-0.4000035134403665,2.106173570019732,-2.5061770834600985,27.47005320636744,3.77569622645646,23.69435697991097,-20.12817989645088,-5696.1,13.60021956909565,24.556064020464795,-1.3994772917796736,3.0587270308364976,4.697689685883399,-12.534325507171896,18915.0
2007-10-01,209.19,4.76,89.1389,18.53,4.53,82.34,883385.0,6.0,51.25916,6.0,39.51318,99.701,142.19,264692.0,-3511.0,16375.64,4144.348797034306,14674.7,21832.6,1216740000000.0,14474200000000.0,1021.887077,48050.22378,37216755275.0,5.511795139914533,3.610698365527476,1.9010967743870568,0.4882048600854674,1.1493016344725238,-0.6610967743870564,27.47005320636744,3.77569622645646,23.69435697991097,-21.79326020552392,-7157.899999999998,12.123704918333136,42.43658494393685,-1.1542317997271396,3.0587270308364976,3.604887362663134,-13.09753010990926,16930.0
2007-11-01,210.834,4.49,89.6212,22.87,4.15,92.41428571428571,879417.0,6.0,51.25916,6.0,39.44,98.4035,140.6996,273520.0,-3511.0,-3052.11,-773.8615618661258,12909.3,22104.1,1216740000000.0,14474200000000.0,1021.887077,48050.22378,37216755275.0,5.511795139914533,4.373267326732666,1.1385278131818666,0.4882048600854674,0.1167326732673341,0.3714721868181332,27.47005320636744,3.77569622645646,23.69435697991097,-22.555829166729108,-9194.8,12.374174926823532,57.27049202972623,-1.1542317997271396,3.0587270308364976,2.6551616664973965,-12.06331263119992,8828.0
2007-12-01,211.445,4.24,89.6304,22.5,4.1,90.92684210526315,890662.0,6.0,51.25916,6.0,39.44,98.4681,141.3028,275316.0,-3511.0,5054.92,1281.6734279918865,14625.5,20116.9,1216740000000.0,14474200000000.0,1021.887077,48050.22378,37216755275.0,5.511795139914533,4.108813392417532,1.4029817474970008,0.4882048600854674,0.1311866075824683,0.357018252502999,27.47005320636744,3.77569622645646,23.69435697991097,-22.291375232413973,-5491.4000000000015,13.685806461234083,45.54790769775141,-1.1542317997271396,3.0587270308364976,2.376354616385523,-11.637858607131268,1796.0
2008-01-01,212.174,3.94,88.6547,26.2,3.74,92.17809523809524,900264.0,6.0,51.25916,6.0,39.37478,97.2519,140.7284,293240.0,-3438.0,-13000.98,-3301.854638933856,14889.1,22844.4,1198900000000.0,14769900000000.0,992.5195849,48570.04598,49977276916.0,5.511795139914533,4.294695655165981,1.2170994847485517,0.4882048600854674,-0.354695655165981,0.8429005152514484,-2.873849054458677,1.0818309658244818,-3.955680020283159,5.172779505031711,-7955.300000000001,12.836406296510305,71.71319335409072,-1.147051463841855,4.168594287763783,3.989003499936472,-11.184038977736666,17924.0
2008-02-01,212.687,2.98,87.1654,26.54,3.74,94.9865,893825.0,6.0,51.6417,6.0,39.72952,95.8941,138.9403,301235.0,-3438.0,7784.26,1959.3138804596683,15116.2,20804.4,1198900000000.0,14769900000000.0,992.5195849,48570.04598,49977276916.0,5.468754786681962,4.142959270611968,1.325795516069994,0.5312452133180381,-1.1629592706119678,1.694204483930006,-2.873849054458677,1.0818309658244818,-3.955680020283159,5.2814755363531525,-5688.200000000001,14.479388975409048,65.03378872672741,-1.147051463841855,4.168594287763783,1.8709632565884424,-10.033930729139296,7995.0
2008-03-01,213.448,2.61,86.6881,25.61,3.51,103.63550000000001,893965.0,6.0,52.40676,6.0,40.35667,93.4735,134.3085,309723.0,-3438.0,1354.39,335.6049941682503,17254.0,23573.7,1198900000000.0,14769900000000.0,992.5195849,48570.04598,49977276916.0,7.874013641009081,3.9749035501344334,3.899110090874647,-1.874013641009081,-1.3649035501344344,-0.5091100908746466,-2.873849054458677,1.0818309658244818,-3.955680020283159,7.854790111157806,-6319.700000000001,13.138497562962112,67.01811575623941,-1.147051463841855,4.168594287763783,2.777870391341497,-8.333420404083991,8488.0
2008-04-01,213.942,2.28,86.8907,20.79,3.68,109.07136363636364,888131.0,6.0,52.78929,6.0,40.02778,93.6252,135.2142,314155.0,-3400.776376,1475.95,368.7314160315661,18460.4,30316.9,1198900000000.0,14769900000000.0,992.5195849,48570.04598,49977276916.0,7.812498085327224,3.903760975988813,3.908737109338412,-1.812498085327224,-1.6237609759888127,-0.1887371093384111,-2.873849054458677,1.0818309658244818,-3.955680020283159,7.86441712962157,-11856.5,10.362372142270482,61.62123090950213,-1.13463220485445,4.168594287763783,0.9600016369477382,-5.037288513572014,4432.0
2008-05-01,215.208,1.98,86.5504,17.83,3.88,122.79714285714284,904054.0,6.0,53.17182,6.0,42.1255,88.8381,129.0945,314614.0,-3400.776376,-3378.41,-801.9869200365573,18686.6,29443.6,1198900000000.0,14769900000000.0,992.5195849,48570.04598,49977276916.0,7.751936256485004,4.088413823123993,3.6635224333610106,-1.7519362564850036,-2.108413823123993,0.3564775666389894,-2.873849054458677,1.0818309658244818,-3.955680020283159,7.619202453644169,-10757.0,10.685310220217636,82.70047697303269,-1.13463220485445,4.168594287763783,3.086480285888249,3.30062737374055,459.0
2008-06-01,217.463,2.0,86.7621,23.95,4.1,132.32238095238094,892713.0,6.0,53.55435,6.0,42.82,87.8737,127.0808,312087.0,-3400.776376,-10429.39,-2435.635217188229,19180.9,28950.6,1198900000000.0,14769900000000.0,992.5195849,48570.04598,49977276916.0,7.692306145463479,4.935966105947864,2.7563400395156146,-1.692306145463479,-2.9359661059478643,1.2436599604843854,-2.873849054458677,1.0818309658244818,-3.955680020283159,6.712020059798773,-9769.699999999995,10.779983834531928,86.24963135740904,-1.13463220485445,4.168594287763783,3.191288918686164,5.023312624626275,-2527.0
2008-07-01,219.016,2.01,86.8567,22.94,4.01,132.71818181818182,918625.0,6.0,54.70195,6.0,42.83652,88.2374,126.2262,306176.0,-12264.168668,-1653.81,-386.0747791837432,19030.4,31625.5,1198900000000.0,14769900000000.0,992.5195849,48570.04598,49977276916.0,8.33334983691163,5.497512078341837,2.8358377585697925,-2.33334983691163,-3.4875120783418376,1.1541622414302075,-2.873849054458677,1.0818309658244818,-3.955680020283159,6.791517778852951,-12595.1,9.681301481399505,72.51810973376034,-4.091807045791976,4.168594287763783,6.3358760953362125,5.988070177522187,-5911.0
2008-08-01,218.69,2.0,90.0567,20.65,3.89,113.24333333333334,909982.0,6.0,55.46701,6.0,42.93895,90.8741,128.469,295309.0,-12264.168668,-2808.24,-654.0076084766861,17759.3,33523.2,1198900000000.0,14769900000000.0,992.5195849,48570.04598,49977276916.0,9.02257087389633,5.308017162091239,3.714553711805091,-3.022570873896329,-3.308017162091238,0.2854462881949096,-2.873849054458677,1.0818309658244818,-3.955680020283159,7.670233732088249,-15763.899999999998,8.809093403970982,60.036661546338976,-4.091807045791976,4.168594287763783,4.25136302761111,5.197093804097341,-10867.0
2008-09-01,218.877,1.81,92.3773,39.39,3.69,97.23476190476191,1211825.0,6.0,55.849540000000005,6.0,45.564,88.2564,123.8301,286336.0,-12264.168668,-7548.91,-1656.770696163638,15789.1,31135.7,1198900000000.0,14769900000000.0,992.5195849,48570.04598,49977276916.0,9.774448504156052,4.953319875136075,4.821128629019976,-3.774448504156052,-3.143319875136075,-0.6311286290199769,-2.873849054458677,1.0818309658244818,-3.955680020283159,8.776808649303135,-15346.6,9.196388711350636,25.99557223949398,-4.091807045791976,4.168594287763783,36.175412967749175,12.949925632126911,-8973.0
2008-10-01,216.995,0.97,99.7662,59.89,3.81,71.58217391304348,1969086.0,6.0,56.6146,6.0,48.64222,87.5797,120.5964,252883.0,-11870.949995,-13461.39,-2767.429200394225,14130.8,25869.3,1198900000000.0,14769900000000.0,992.5195849,48570.04598,49977276916.0,10.447771676320873,3.7310578899565128,6.71671378636436,-4.447771676320873,-2.761057889956513,-1.6867137863643595,-2.873849054458677,1.0818309658244818,-3.955680020283159,10.672393806647518,-11738.5,9.775409462181042,-13.065127625645523,-3.960613894403203,4.168594287763783,122.90235854129286,23.103784610603363,-33453.0
2008-11-01,213.153,0.39,101.6468,55.84,3.53,52.45263157894737,2106117.0,6.0,56.6146,6.0,49.00333,89.6112,122.6559,247686.0,-11870.949995,-2607.45,-532.0964922179778,11163.3,23488.2,1198900000000.0,14769900000000.0,992.5195849,48570.04598,49977276916.0,10.447771676320873,1.0999174706166848,9.347854205704188,-4.447771676320873,-0.7099174706166848,-3.737854205704188,-2.873849054458677,1.0818309658244818,-3.955680020283159,13.303534225987349,-12324.9,10.54512478606279,-43.241857929721505,-3.960613894403203,4.168594287763783,139.4901394901395,24.24779411764706,-5197.0
2008-12-01,211.398,0.16,98.6518,40.0,2.42,39.94681818181818,2239457.0,6.0,56.23206999999999,6.0,48.6419,87.905,121.57,255968.0,-11870.949995,2207.88,453.9049667056592,13368.2,19456.3,1198900000000.0,14769900000000.0,992.5195849,48570.04598,49977276916.0,9.701505057827696,-0.022228002553859,9.723733060381557,-3.701505057827697,0.182228002553859,-3.883733060381556,-2.873849054458677,1.0818309658244818,-3.955680020283159,13.679413080664716,-6088.099999999999,13.156047141542842,-56.06707848099134,-3.960613894403203,4.168594287763783,151.43735783046765,23.33138945233266,8282.0
2009-01-01,211.933,0.15,102.1169,44.84,2.52,43.439499999999995,1927082.0,6.0,56.6146,6.0,48.8345,88.1126,121.1649,248611.0,-379.599996,-3897.01,-798.0034606681753,12869.0,18228.2,1341890000000.0,14478100000000.0,1094.949746,47194.94335,49203912009.0,10.447771676320873,-0.1135860190221271,10.561357695343,-4.447771676320873,0.2635860190221272,-4.711357695343,10.3202156066593,-2.831174239707812,13.151389846367112,-2.590032151024112,-5359.200000000001,13.638812389594143,-52.87437879054006,-0.1131538340698566,3.666761955823503,114.05743204215652,24.02481994820034,-7357.0
2009-02-01,212.705,0.22,104.9284,46.35,2.87,43.32473684210526,1916115.0,6.0,56.6146,6.0,49.22222,89.458,123.4355,249278.0,-379.599996,-1758.84,-357.326426967333,11940.9,15062.2,1341890000000.0,14478100000000.0,1094.949746,47194.94335,49203912009.0,9.6296210233203,0.0084631406715107,9.62115788264879,-3.629621023320301,0.2115368593284892,-3.8411578826487904,10.3202156066593,-2.831174239707812,13.151389846367112,-3.5302319637183217,-3121.300000000001,16.549906388177025,-54.38853222078374,-0.1131538340698566,3.666761955823503,114.37250020977258,23.89331660689582,667.0
2009-03-01,212.495,0.18,102.3761,44.14,2.82,46.540454545454544,2071556.0,6.0,56.6146,6.0,51.23158,86.4524,118.9807,251985.0,-379.599996,521.87,101.8649044202814,12916.3,16596.6,1341890000000.0,14478100000000.0,1094.949746,47194.94335,49203912009.0,8.029193180421768,-0.4464787676623838,8.475671948084152,-2.029193180421768,0.6264787676623838,-2.6556719480841515,10.3202156066593,-2.831174239707812,13.151389846367112,-4.67571789828296,-3680.2999999999993,15.182929033657498,-55.09216962772936,-0.1131538340698566,3.666761955823503,131.7267454542404,26.946995378954707,2707.0
2009-04-01,212.709,0.15,100.1042,36.5,2.93,50.18190476190476,2066712.0,6.0,57.37966,6.0,50.06188,86.2497,119.9221,251702.0,-4152.119115,8122.99,1622.5898827610947,12475.7,19340.7,1341890000000.0,14478100000000.0,1094.949746,47194.94335,49203912009.0,8.695646408580227,-0.5763244243767063,9.271970832956931,-2.6956464085802274,0.7263244243767063,-3.4219708329569336,10.3202156066593,-2.831174239707812,13.151389846367112,-3.879419013410178,-6865.0,13.01411014079118,-53.99167747713529,-1.2376928406948409,3.666761955823503,132.70350882921548,25.06784038485272,-283.0
2009-05-01,213.022,0.18,95.268,28.92,3.29,57.302499999999995,2080115.0,6.0,57.76219,6.0,48.534,87.8033,121.1796,262306.0,-4152.119115,21114.76,4350.508921580748,12316.5,20036.4,1341890000000.0,14478100000000.0,1094.949746,47194.94335,49203912009.0,8.633087977804777,-1.015761495855172,9.648849473659949,-2.6330879778047773,1.195761495855172,-3.828849473659949,10.3202156066593,-2.831174239707812,13.151389846367112,-3.5025403727071627,-7719.9000000000015,13.091473518196882,-53.33564066171852,-1.2376928406948409,3.666761955823503,130.08747265096997,15.212875811563054,10604.0
2009-06-01,214.79,0.21,96.3761,26.35,3.72,68.60954545454545,2025571.0,6.0,58.52726,6.0,47.77364,88.9404,121.7899,265142.0,-4152.119115,4331.55,906.6820112513932,13606.3,23055.0,1341890000000.0,14478100000000.0,1094.949746,47194.94335,49203912009.0,9.285725622661833,-1.2291746182109151,10.514900240872748,-3.2857256226618325,1.4391746182109153,-4.724900240872747,10.3202156066593,-2.831174239707812,13.151389846367112,-2.636489605494363,-9448.7,11.500412058121883,-48.149704561894126,-1.2376928406948409,3.666761955823503,126.90058283009206,11.56851938346568,2836.0
2009-07-01,214.726,0.16,94.2526,25.92,3.56,64.43545454545455,2000547.0,6.0,61.20497,6.0,48.47652,90.4031,119.8401,271641.0,-9195.936218,11987.48,2472.8425225243063,14341.3,21723.5,1341890000000.0,14478100000000.0,1094.949746,47194.94335,49203912009.0,11.888095396964848,-1.958761003762277,13.846856400727123,-5.888095396964848,2.1187610037622773,-8.006856400727125,10.3202156066593,-2.831174239707812,13.151389846367112,0.6954665543600136,-7382.200000000001,12.504476718760788,-51.44941434344818,-2.741189283175223,3.666761955823503,117.77624166553272,13.166335640710304,6499.0
2009-08-01,215.445,0.16,94.6202,26.01,3.59,72.50857142857143,2074902.0,6.0,61.97004,6.0,48.337,90.7601,119.4946,277252.0,-9195.936218,3847.28,795.9285847280552,13586.3,22448.7,1341890000000.0,14478100000000.0,1094.949746,47194.94335,49203912009.0,11.724140169084274,-1.4838355663267633,13.207975735411036,-5.724140169084274,1.6438355663267632,-7.367975735411037,10.3202156066593,-2.831174239707812,13.151389846367112,0.0565858890439248,-8862.400000000001,12.350470183128644,-35.97100218240536,-2.741189283175223,3.666761955823503,128.01571899224382,12.5714531911004,5611.0
2009-09-01,215.861,0.15,93.1907,25.61,3.4,67.64619047619047,2141020.0,6.0,62.35256999999999,6.0,48.43895,90.2903,118.186,281278.0,-9195.936218,20334.61,4197.987363475055,14624.2,21527.2,1341890000000.0,14478100000000.0,1094.949746,47194.94335,49203912009.0,11.643838069212364,-1.377942862886472,13.021780932098835,-5.643838069212364,1.527942862886472,-7.171780932098836,10.3202156066593,-2.831174239707812,13.151389846367112,-0.1296089142682746,-6903.0,13.066167453268422,-30.430034330265986,-2.741189283175223,3.666761955823503,76.6773255214243,6.309696251426566,4026.0
2009-10-01,216.509,0.12,92.6207,30.69,3.39,72.76954545454545,2161537.0,6.0,63.117630000000005,6.0,46.72105,93.452,121.2815,284391.0,-12183.987527,8558.21,1831.7674795408063,14806.0,25935.8,1341890000000.0,14478100000000.0,1094.949746,47194.94335,49203912009.0,11.486489350803495,-0.2239682942003384,11.710457645003835,-5.486489350803497,0.3439682942003385,-5.830457645003835,10.3202156066593,-2.831174239707812,13.151389846367112,-1.4409322013632764,-11129.8,10.965190971552834,1.6587531177026937,-3.631888612926544,3.666761955823503,9.773620857595857,-3.949593583516553,3113.0
2009-11-01,217.234,0.12,91.3717,24.51,3.4,76.662,2206359.0,6.0,64.26522,6.0,46.569,95.2518,121.2875,288146.0,-12183.987527,5728.01,1230.0049389078572,14932.7,24996.5,1341890000000.0,14478100000000.0,1094.949746,47194.94335,49203912009.0,13.51351064919648,1.9145871744709275,11.598923474725552,-7.51351064919648,-1.7945871744709274,-5.718923474725552,10.3202156066593,-2.831174239707812,13.151389846367112,-1.5524663716415592,-10063.8,11.527453843538096,46.15472606863336,-3.631888612926544,3.666761955823503,4.759564639571301,-4.967682808494844,3755.0
2009-12-01,217.347,0.12,92.9124,21.68,3.59,74.45636363636363,2234067.0,6.0,64.64775,6.0,46.63,95.7093,121.8726,283470.0,-12183.987527,10600.75,2273.375509328758,16493.5,28251.4,1341890000000.0,14478100000000.0,1094.949746,47194.94335,49203912009.0,14.96597937795996,2.8141231232083674,12.151856254751593,-8.96597937795996,-2.6941231232083678,-6.271856254751592,10.3202156066593,-2.831174239707812,13.151389846367112,-0.9995335916155188,-11757.9,10.033839030986076,86.3887213681827,-3.631888612926544,3.666761955823503,-0.2406833442213929,-4.136145997586437,-4676.0
2010-01-01,217.488,0.11,93.7638,24.62,3.73,76.16736842105263,2246886.0,6.0,65.79535,6.0,45.963,97.977,123.9133,280955.0,-12648.470307,-2435.27,-529.8326915127385,15557.1,25267.0,1675620000000.0,15049000000000.0,1347.519391,48642.61002,53479960083.0,16.216223377008742,2.621111388976716,13.595111988032029,-10.216223377008742,-2.511111388976716,-7.705111988032026,23.066779632825263,3.067419022550854,19.999360610274408,-6.404248622242381,-9709.9,11.11944433450746,75.34126410537101,-3.019412589250546,3.191652050166505,16.59524607671079,-5.880064298805143,-2515.0
2010-02-01,217.281,0.13,93.6602,19.5,3.69,73.75210526315789,2286127.0,6.0,65.03028,6.0,46.32579,97.1173,124.5163,278357.0,-12648.470307,2734.14,590.1982459446455,15757.7,26163.8,1675620000000.0,15049000000000.0,1347.519391,48642.61002,53479960083.0,14.864858181458484,2.151336357866529,12.713521823591954,-8.864858181458484,-2.021336357866529,-6.843521823591955,23.066779632825263,3.067419022550854,19.999360610274408,-7.285838786682454,-10406.1,10.639012681644104,70.23093650157317,-3.019412589250546,3.191652050166505,19.3105319879026,-5.884395299521239,-2598.0
2010-03-01,217.353,0.16,92.8987,17.59,3.73,78.82739130434783,2307150.0,6.0,65.03028,6.0,45.498,98.1989,126.4996,279057.0,-12648.470307,19976.61,4390.656732164051,20254.1,29626.9,1675620000000.0,15049000000000.0,1347.519391,48642.61002,53479960083.0,14.864858181458484,2.2861714393279886,12.578686742130497,-8.864858181458484,-2.1261714393279885,-6.738686742130495,23.066779632825263,3.067419022550854,19.999360610274408,-7.420673868143913,-9372.800000000005,9.41904147919627,69.37391796927915,-3.019412589250546,3.191652050166505,11.372803824757804,-11.191495558013242,700.0
2010-04-01,217.403,0.2,92.8423,22.05,3.85,84.81761904761905,2330472.0,6.0,65.03028,6.0,44.49895,99.9212,128.884,279633.0,-13366.006538,8967.15,2015.1374358271376,18139.1,31674.9,1675620000000.0,15049000000000.0,1347.519391,48642.61002,53479960083.0,13.333331009629546,2.2067707525304403,11.126560257099106,-7.333331009629546,-2.00677075253044,-5.326560257099106,23.066779632825263,3.067419022550854,19.999360610274408,-8.872800353175302,-13535.800000000005,8.828220452156124,69.02032605188741,-3.1907011226889157,3.191652050166505,12.762300697920171,-11.112107655565474,576.0
2010-05-01,217.29,0.2,96.3062,32.07,3.42,75.94550000000001,2334041.0,6.0,65.79535,6.0,45.8045,99.6772,127.8144,273544.0,-13366.006538,-8646.79,-1887.759936250805,17282.0,29747.1,1675620000000.0,15049000000000.0,1347.519391,48642.61002,53479960083.0,13.907298182426953,2.003548929218568,11.903749253208384,-7.907298182426953,-1.803548929218568,-6.103749253208385,23.066779632825263,3.067419022550854,19.999360610274408,-8.095611357066023,-12465.1,9.19565268547186,32.53435713974089,-3.1907011226889157,3.191652050166505,12.207305846071016,-5.623892528948781,-6089.0
2010-06-01,217.199,0.18,95.9934,34.54,3.2,74.7609090909091,2330851.0,6.0,66.56041,6.0,46.56455,99.7001,126.6214,275710.0,-13366.006538,9447.08,2028.8137649778644,20667.1,28648.6,1675620000000.0,15049000000000.0,1347.519391,48642.61002,53479960083.0,13.72548450072668,1.1215605940686268,12.603923906658054,-7.725484500726681,-0.9415605940686268,-6.783923906658054,23.066779632825263,3.067419022550854,19.999360610274408,-7.395436703616355,-7981.5,9.623855965038432,8.965754831357952,-3.1907011226889157,3.191652050166505,15.071305819445492,-2.530872673717144,2166.0
2010-07-01,217.605,0.18,93.2793,23.5,3.01,75.58,2325298.0,6.0,68.09053,6.0,46.83636,98.9576,123.0694,284183.0,-17215.394511,17017.95,3633.491159432544,16954.5,29669.9,1675620000000.0,15049000000000.0,1347.519391,48642.61002,53479960083.0,11.250001429622468,1.3407784804821077,9.90922294914036,-5.250001429622468,-1.1607784804821075,-4.08922294914036,23.066779632825263,3.067419022550854,19.999360610274408,-10.090137661134047,-12715.4,9.578158335552192,17.295672907349147,-4.109617815733877,3.191652050166505,16.23311024434817,-3.3834111854563864,8473.0
2010-08-01,217.923,0.19,94.7204,26.05,2.7,77.03954545454545,2301015.0,6.0,68.09053,6.0,46.56714,98.6907,123.0812,283142.0,-17215.394511,10397.24,2232.7418003338835,17750.4,27107.7,1675620000000.0,15049000000000.0,1347.519391,48642.61002,53479960083.0,9.876530659008775,1.1501775395112546,8.72635311949752,-3.876530659008776,-0.9601775395112546,-2.916353119497521,23.066779632825263,3.067419022550854,19.999360610274408,-11.273007490776887,-9357.3,10.445076491181473,6.248880562262227,-4.109617815733877,3.191652050166505,10.897526726563475,-3.661501541262391,-1041.0
2010-09-01,218.275,0.19,91.3415,23.7,2.65,77.8404761904762,2298691.0,6.0,68.47306,6.0,46.059,100.1057,124.1545,292870.0,-17215.394511,29506.91,6406.328839097679,18984.2,29511.8,1675620000000.0,15049000000000.0,1347.519391,48642.61002,53479960083.0,9.815938621295018,1.1183122472331777,8.69762637406184,-3.815938621295018,-0.9283122472331776,-2.8876263740618406,23.066779632825263,3.067419022550854,19.999360610274408,-11.301734236212567,-10527.6,9.923827079337755,15.070007109822136,-4.109617815733877,3.191652050166505,7.36429365442639,-4.913298079334916,9728.0
2010-10-01,219.035,0.19,90.0935,21.2,2.54,82.6647619047619,2295392.0,6.0,69.23813,6.0,44.4107,102.0638,126.4263,297956.0,-11238.674859,24634.29,5546.9267541380805,19080.8,32461.7,1675620000000.0,15049000000000.0,1347.519391,48642.61002,53479960083.0,9.696973729843773,1.1666951489314623,8.53027858091231,-3.696973729843773,-0.9766951489314626,-2.7202785809123102,23.066779632825263,3.067419022550854,19.999360610274408,-11.4690820293621,-13380.9,9.178693660529175,13.5980187706372,-2.6828695907186595,3.191652050166505,6.192584258331002,-4.944987323700989,5086.0
2010-11-01,219.59,0.19,92.1494,23.54,2.76,85.2747619047619,2346001.0,6.0,69.62066,6.0,45.01825,101.2164,124.8699,292389.0,-11238.674859,17874.47,3970.49418846801,22575.0,28842.3,1675620000000.0,15049000000000.0,1347.519391,48642.61002,53479960083.0,8.333341113591452,1.084544776600338,7.248796336991114,-2.333341113591452,-0.894544776600338,-1.438796336991114,23.066779632825263,3.067419022550854,19.999360610274408,-12.750564273283295,-6267.299999999999,10.137506370851144,11.234721119670631,-2.6828695907186595,3.191652050166505,6.3290697479422064,-3.33000493890786,-5567.0
2010-12-01,220.472,0.18,90.5146,17.75,3.29,91.44681818181817,2420570.0,6.0,70.76825,6.0,45.1568,102.5215,125.437,297334.0,-11238.674859,2169.53,480.4436984020126,23349.4,31511.1,1675620000000.0,15049000000000.0,1347.519391,48642.61002,53479960083.0,9.467460197764034,1.437793022217937,8.029667175546097,-3.4674601977640336,-1.257793022217937,-2.2096671755460964,23.066779632825263,3.067419022550854,19.999360610274408,-11.969693434728311,-8161.699999999997,9.43584958950973,22.819345070938436,-2.6828695907186595,3.191652050166505,8.348138171326113,-3.159339481020817,4945.0
2011-01-01,221.187,0.17,89.694,19.53,3.39,96.5235,2443527.0,6.0,71.91584,6.0,45.39338,102.2926,123.9942,299224.0,-6232.865843,-6147.0,-1354.162214842781,22691.8,33353.6,1823050000000.0,15599700000000.0,1445.461275,50024.8688,62499075445.0,9.302313917320904,1.7007834915029774,7.601530425817926,-3.3023139173209035,-1.5307834915029774,-1.771530425817926,7.268309803491335,2.8416624425203763,4.426647360970959,3.174883064846968,-10661.8,8.97126547059388,26.725528268770994,-1.3675688199445983,3.428269956666026,8.75171236991996,-1.2393011770337026,1890.0
2011-02-01,221.898,0.16,88.9391,18.35,3.58,103.71631578947368,2533221.0,6.0,70.76825,6.0,45.43579,100.6506,123.4608,301592.0,-6232.865843,-3878.0,-853.5121761941413,23243.5,32973.4,1823050000000.0,15599700000000.0,1445.461275,50024.8688,62499075445.0,8.823535743656642,2.124898173333145,6.698637570323497,-2.8235357436566417,-1.9648981733331448,-0.8586375703234965,7.268309803491335,2.8416624425203763,4.426647360970959,2.2719902093525377,-9729.9,9.146524167965692,40.628278229345824,-1.3675688199445983,3.428269956666026,10.808410906305731,-1.9211760878767523,2368.0
2011-03-01,223.046,0.14,88.0299,17.74,3.41,114.64347826086957,2622523.0,6.0,70.76825,6.0,44.99136,100.6183,123.7447,304818.0,-6232.865843,9417.0,2093.068535825545,30418.5,34267.0,1823050000000.0,15599700000000.0,1445.461275,50024.8688,62499075445.0,8.823535743656642,2.619241510354109,6.204294233302533,-2.8235357436566417,-2.479241510354109,-0.3442942333025329,7.268309803491335,2.8416624425203763,4.426647360970959,1.777646872331574,-3848.5,8.895380395132342,45.43609316999719,-1.3675688199445983,3.428269956666026,13.669375636607928,-1.1135434524594423,3226.0
2011-04-01,224.093,0.1,85.5999,14.75,3.46,123.25888888888888,2690985.0,6.0,71.15078000000001,6.0,44.37,100.7618,124.1927,313511.0,-17541.329634,3249.49,732.3619562767635,23469.524697,36595.861501,1823050000000.0,15599700000000.0,1445.461275,50024.8688,62499075445.0,9.411769409573512,3.0772344447868694,6.334534964786643,-3.4117694095735125,-2.9772344447868693,-0.4345349647866432,7.268309803491335,2.8416624425203763,4.426647360970959,1.907887603815684,-13126.336804,8.566843001945266,45.32226944461597,-3.848787391239955,3.428269956666026,15.46952720307302,-0.2897821184544846,8693.0
2011-05-01,224.806,0.09,86.656,15.45,3.17,114.98904761904762,2774996.0,6.0,71.53331,6.0,44.90452,100.0369,122.753,311516.0,-17541.329634,-2546.08,-566.9986005863107,26521.927621,45254.240153,1823050000000.0,15599700000000.0,1445.461275,50024.8688,62499075445.0,8.720920247403496,3.4589718808965,5.261948366506997,-2.7209202474034964,-3.3689718808965,0.6480516334930035,7.268309803491335,2.8416624425203763,4.426647360970959,0.8353010055360377,-18732.312532,6.883686455607164,51.40995532197117,-3.848787391239955,3.428269956666026,18.892341651239207,-1.964828783198158,-1995.0
2011-06-01,224.806,0.09,86.4786,16.52,3.0,113.83318181818181,2865251.0,6.0,72.29838000000001,6.0,44.85364,101.3161,122.7474,315715.0,-17541.329634,5513.25,1229.164455772151,26536.13253,40849.469998,1823050000000.0,15599700000000.0,1445.461275,50024.8688,62499075445.0,8.620695094876973,3.502318150636041,5.118376944240932,-2.6206950948769734,-3.4123181506360414,0.791623055759068,7.268309803491335,2.8416624425203763,4.426647360970959,0.6917295832699732,-14313.337468000002,7.728741646230844,52.26297165509442,-3.848787391239955,3.428269956666026,22.927248459897264,-3.6742758171183887,4199.0
2011-07-01,225.395,0.07,85.7282,25.25,3.0,116.97349999999999,2863576.0,6.0,73.8285,6.0,44.4174,103.3778,123.5665,319090.0,-18891.771952,5621.42,1265.5896112784628,26426.535021,41105.880124,1823050000000.0,15599700000000.0,1445.461275,50024.8688,62499075445.0,8.42697215016539,3.5798809769996165,4.847091173165774,-2.4269721501653905,-3.5098809769996167,1.0829088268342262,7.268309803491335,2.8416624425203763,4.426647360970959,0.4204438121948151,-14679.345103000003,7.762636368262474,54.76779571315162,-4.14509134735745,3.428269956666026,23.1487749097105,-5.164705369930534,3375.0
2011-08-01,226.106,0.1,86.7739,31.62,2.3,110.21954545454545,2853888.0,6.0,74.21103000000001,6.0,45.2788,102.2133,121.0865,321982.0,-18891.771952,-8943.93,-1975.3019072943632,24768.351766,39984.687841,1823050000000.0,15599700000000.0,1445.461275,50024.8688,62499075445.0,8.988768335332399,3.75499603070808,5.233772304624319,-2.9887683353323986,-3.65499603070808,0.6662276953756812,7.268309803491335,2.8416624425203763,4.426647360970959,0.8071249436533598,-15216.336075,8.052632579760747,43.06878993669132,-4.14509134735745,3.428269956666026,24.027353146328917,-2.766629000621479,2892.0
2011-09-01,226.597,0.08,91.9998,42.96,1.98,112.83380952380953,2850921.0,6.0,75.35862,6.0,47.632,99.7526,117.2205,311482.0,-18891.771952,2853.01,598.9691803829359,26561.19713,39756.06996,1823050000000.0,15599700000000.0,1445.461275,50024.8688,62499075445.0,10.055867227198556,3.812621692818685,6.243245534379871,-4.055867227198556,-3.732621692818685,-0.323245534379871,7.268309803491335,2.8416624425203763,4.426647360970959,1.816598173408912,-13194.87283,7.8348287522733795,44.95518918422905,-4.14509134735745,3.428269956666026,24.02367260323375,3.41518487157777,-10500.0
2011-10-01,226.75,0.07,89.2053,29.96,2.15,109.55000000000001,2845685.0,6.0,75.74116,6.0,49.25792,97.3456,113.9711,316210.0,-19953.939632,2798.4,568.1116864049477,23632.020963,41175.060753,1823050000000.0,15599700000000.0,1445.461275,50024.8688,62499075445.0,9.392266948861838,3.5222681306640524,5.869998818197786,-3.392266948861838,-3.4522681306640526,0.0600011818022143,7.268309803491335,2.8416624425203763,4.426647360970959,1.443351457226827,-17543.03979,7.6796486566680064,32.523214820617994,-4.378144237843175,3.428269956666026,23.97381362311972,10.914531858313412,4728.0
2011-11-01,227.169,0.08,91.4728,27.8,2.01,110.76809523809524,2814235.0,6.0,76.12369,6.0,50.85644,94.8053,110.7355,307884.0,-19953.939632,-3928.91,-772.5491599490645,23269.706046,39102.479349,1823050000000.0,15599700000000.0,1445.461275,50024.8688,62499075445.0,9.340661234754164,3.451432214581729,5.889229020172436,-3.3406612347541653,-3.371432214581729,0.0307709798275634,7.268309803491335,2.8416624425203763,4.426647360970959,1.4625816592014775,-15832.773303000002,7.873771820248369,29.895519804329986,-4.378144237843175,3.428269956666026,19.958815021817976,12.968496109910976,-8326.0
2011-12-01,227.223,0.07,92.4262,23.4,1.98,107.87049999999999,2926095.0,6.0,75.35862,6.0,52.6769,91.7293,107.8049,296688.0,-19953.939632,-16.65,-3.160778253845613,25365.693663,40044.058372,1823050000000.0,15599700000000.0,1445.461275,50024.8688,62499075445.0,6.486482285488204,3.062066838419386,3.424415447068818,-0.4864822854882042,-2.9920668384193863,2.505584552931182,7.268309803491335,2.8416624425203763,4.426647360970959,-1.0022319139021407,-14678.364709,7.409039244819729,17.959817678432067,-4.378144237843175,3.428269956666026,20.884543723172637,16.653305814406714,-11196.0
2012-01-01,227.842,0.08,90.5538,19.44,1.97,110.68599999999999,2919545.0,6.0,75.74116,6.0,51.3392,94.5509,110.9927,292766.0,-21767.952584,11339.19,2208.68069623212,25379.050518,42952.469339,1827640000000.0,16254000000000.0,1429.321995,51708.40116,68820517838.0,5.319161953750373,3.0087663379855023,2.310395615764871,0.6808380462496268,-2.9287663379855022,3.609604384235129,-1.1165487639922975,3.365390855357941,-4.481939619350239,6.79233523511511,-17573.418821000003,6.816045841028613,14.672592684682995,-4.764166374997264,3.7655401412750873,19.48077512546413,13.0984297710371,-3922.0
2012-02-01,228.329,0.1,89.7487,18.43,1.97,119.327,2925722.0,7.75,76.12369,9.5,49.1671,98.3884,115.1738,295819.0,-21767.952584,25191.96,5123.743316160603,25194.420517,40118.536519,1827640000000.0,16254000000000.0,1429.321995,51708.40116,68820517838.0,7.567574441928415,2.898178442347388,4.669395999581028,1.9324255580715848,-2.798178442347388,4.730604000418973,-1.1165487639922975,3.365390855357941,-4.481939619350239,9.151335618931268,-14924.116002000002,7.373623907240513,15.05132928382582,-4.764166374997264,3.7655401412750873,15.494147569438276,8.212270547073143,3053.0
2012-03-01,228.807,0.13,90.4593,15.5,2.17,125.44545454545455,2878137.0,9.5,76.88875,9.5,50.3213,96.3103,112.4306,294398.0,-21767.952584,8786.7,1746.1194365010442,28839.37,42380.69,1827640000000.0,16254000000000.0,1429.321995,51708.40116,68820517838.0,8.648652467738005,2.5828752813320977,6.065777186405907,0.851347532261995,-2.4528752813320978,3.3042228135940928,-1.1165487639922975,3.365390855357941,-4.481939619350239,10.547716805756146,-13541.320000000003,6.946512668859332,9.422233561341574,-4.764166374997264,3.7655401412750873,9.74687352599004,11.846585655556986,-1421.0
2012-04-01,229.187,0.14,90.3634,17.15,2.05,119.42166666666668,2866561.0,9.25,78.41887,9.0,51.8121,94.0422,108.7743,294846.0,-17093.42491,-1218.0,-235.0802225734915,23791.85609,38171.037579,1827640000000.0,16254000000000.0,1429.321995,51708.40116,68820517838.0,10.21505315893936,2.2731633741348567,7.941889784804502,-1.2150531589393587,-2.133163374134857,0.9181102151954978,-1.1165487639922975,3.365390855357941,-4.481939619350239,12.42382940415474,-14379.181489000002,7.724338102934123,-3.113140364003475,-3.741092317961962,3.7655401412750873,6.524599728352265,16.77281947261664,448.0
2012-05-01,228.713,0.16,94.6856,24.06,1.8,110.33952380952381,2842654.0,9.0,78.8014,9.0,54.47353,91.1764,104.6704,286019.0,-17093.42491,-1332.0,-244.5224313533564,24821.435239,42187.32125,1827640000000.0,16254000000000.0,1429.321995,51708.40116,68820517838.0,10.160427358946489,1.7379429374660749,8.422484421480414,-1.1604273589464889,-1.577942937466075,0.4175155785195861,-1.1165487639922975,3.365390855357941,-4.481939619350239,12.904424040830651,-17365.886011000002,6.779738355632143,-4.04344927260154,-3.741092317961962,3.7655401412750873,2.438129640547237,21.309681074421903,-8827.0
2012-06-01,228.524,0.16,92.9096,17.08,1.62,95.15571428571428,2863547.0,9.0,79.56647,9.0,56.03021,90.3804,102.6774,289736.0,-17093.42491,4072.0,726.7508010410812,24924.263172,36157.370675,1827640000000.0,16254000000000.0,1429.321995,51708.40116,68820517838.0,10.05290851606908,1.653870448297634,8.399038067771446,-1.0529085160690812,-1.4938704482976342,0.4409619322285529,-1.1165487639922975,3.365390855357941,-4.481939619350239,12.880977687121684,-11233.107503,8.013193287871728,-16.407753200028974,-3.741092317961962,3.7655401412750873,-0.0594712295711619,24.91786619770436,3717.0
2012-07-01,228.59,0.16,92.8422,18.93,1.53,102.61857142857141,2846757.0,9.0,81.09659,9.0,55.49475,92.6024,103.7503,288775.0,-21128.9732,7800.0,1405.538361736921,23099.875455,40619.444564,1827640000000.0,16254000000000.0,1429.321995,51708.40116,68820517838.0,9.844558673141137,1.4175114798464783,8.427047193294657,-0.844558673141135,-1.2575114798464784,0.4129528067053434,-1.1165487639922975,3.365390855357941,-4.481939619350239,12.908986812644896,-17519.569108999996,7.109279880600192,-12.271949263233617,-4.62431839968484,3.7655401412750873,-0.5873425395379717,24.93921301111728,-961.0
2012-08-01,229.918,0.13,92.1677,17.47,1.68,113.35608695652174,2812806.0,9.0,81.86165,9.0,55.55979,92.9504,103.2794,290462.0,-21128.9732,9866.0,1775.744652742568,23134.474792,37307.265749,1827640000000.0,16254000000000.0,1429.321995,51708.40116,68820517838.0,10.309276127820866,1.6859349154821237,8.623341212338742,-1.3092761278208656,-1.5559349154821236,0.246658787661258,-1.1165487639922975,3.365390855357941,-4.481939619350239,13.10528083168898,-14172.790956999996,7.785668399131761,2.84572168125099,-4.62431839968484,3.7655401412750873,-1.4395098896663128,22.70596835605185,1687.0
2012-09-01,231.015,0.14,90.8342,15.73,1.72,112.8636842105263,2804457.0,9.0,82.24418,9.0,54.60552,94.2042,104.181,294812.0,-21128.9732,20938.0,3834.410880072198,24902.002444,42051.448384,1827640000000.0,16254000000000.0,1429.321995,51708.40116,68820517838.0,9.137056915320365,1.9497168982819613,7.187340017038402,-0.1370569153203629,-1.8097168982819607,1.6726599829615982,-1.1165487639922975,3.365390855357941,-4.481939619350239,11.66927963638864,-17149.44594,7.010745439916213,0.026476715483458868,-4.62431839968484,3.7655401412750873,-1.6297891102559523,14.640409808532072,4350.0
2012-10-01,231.638,0.16,91.1609,18.6,1.75,111.7108695652174,2823137.0,9.0,83.00925,9.0,53.02393,97.2226,107.0696,295254.0,-31769.88643,10346.0,1951.194488978844,24032.900826,44243.752076,1827640000000.0,16254000000000.0,1429.321995,51708.40116,68820517838.0,9.595958128975044,2.1556780595369363,7.440280069438109,-0.5959581289750453,-1.9956780595369363,1.399719930561891,-1.1165487639922975,3.365390855357941,-4.481939619350239,11.92221968878835,-20210.85125,6.673349030001468,1.9724961800249963,-6.953204445076711,3.7655401412750873,-0.7923575518723913,7.645491324034803,442.0
2012-11-01,231.249,0.16,91.1038,15.87,1.65,109.05857142857143,2851362.0,9.0,83.39178000000001,9.0,54.77581,94.7946,103.9371,294510.0,-31769.88643,11096.0,2025.7117147149445,23250.938695,40454.0064,1827640000000.0,16254000000000.0,1429.321995,51708.40116,68820517838.0,9.547737373214591,1.7960197033926262,7.751717669821967,-0.5477373732145931,-1.6360197033926265,1.088282330178033,-1.1165487639922975,3.365390855357941,-4.481939619350239,12.233657289172209,-17203.067704999998,7.280119479093176,-1.543335927054812,-6.953204445076711,3.7655401412750873,1.3192572759559873,7.706732913275105,-744.0
2012-12-01,231.221,0.16,91.0834,18.02,1.72,109.494,2907300.0,9.0,83.77431,9.0,54.6478,94.4151,103.7015,295638.0,-31769.88643,23490.0,4298.434703684321,25457.539516,43050.573666,1827640000000.0,16254000000000.0,1429.321995,51708.40116,68820517838.0,11.167521379770484,1.7595049796895523,9.408016400080932,-2.167521379770484,-1.5995049796895524,-0.5680164000809318,-1.1165487639922975,3.365390855357941,-4.481939619350239,13.889956019431173,-17593.034149999996,6.867225563442043,1.5050454016621861,-6.953204445076711,3.7655401412750873,-0.6423236429439205,3.741488204507082,1128.0
2013-01-01,231.679,0.14,90.798,14.28,1.91,112.96,3008704.0,9.0,84.53936999999999,9.0,54.3168,95.3643,104.2912,295508.0,-18170.46836,22416.0,4126.8999646518205,25775.191177,44754.681249,1856720000000.0,16843200000000.0,1432.843975,53179.01276,69970360847.0,11.6161542812389,1.684061762098299,9.9320925191406,-2.6161542812388987,-1.5440617620982988,-1.0720925191406,0.2464091375015797,2.8440477118012675,-2.597638574299688,12.529731093440288,-18979.490072,6.602840010319654,2.0544603653578575,-3.914530647593606,3.768492871676936,3.0538662702578545,5.799856639760659,-130.0
2013-02-01,232.937,0.15,92.295,15.51,1.98,116.05052631578947,3090600.0,8.75,85.30443000000001,8.75,53.77372,96.6519,105.6377,290912.0,-18170.46836,22095.0,4108.884414171086,26668.77,40791.99,1856720000000.0,16843200000000.0,1432.843975,53179.01276,69970360847.0,12.0602929258947,2.0181404902574807,10.04215243563722,-3.3102929258947,-1.8681404902574807,-1.4421524356372193,0.2464091375015797,2.8440477118012675,-2.597638574299688,12.639791009936909,-14123.219999999998,7.131596178563488,-2.7457940652245716,-3.914530647593606,3.768492871676936,5.635463656492301,9.369314033164455,-4596.0
2013-03-01,232.282,0.14,92.302,12.7,1.96,108.474,3202256.0,8.65,85.68696,8.5,54.40462,96.4249,105.2858,292045.6,-18170.46836,11056.0,2032.1803552712984,30541.41,40947.79,1856720000000.0,16843200000000.0,1432.843975,53179.01276,69970360847.0,11.442779340280596,1.5187472411246183,9.924032099155976,-2.942779340280594,-1.3787472411246182,-1.564032099155976,0.2464091375015797,2.8440477118012675,-2.597638574299688,12.521670673455665,-10406.38,7.132145593205395,-13.528951373287923,-3.914530647593606,3.768492871676936,11.26141667335503,8.114496247116044,1133.5999999999767
2013-04-01,231.797,0.15,91.3741,13.52,1.76,102.24818181818182,3318649.0,8.5,86.45203000000001,8.5,54.37571,96.3815,105.1972,293892.1,-21767.871139,6140.96,1129.3572074737046,24524.539576,41577.149493,1856720000000.0,16843200000000.0,1432.843975,53179.01276,69970360847.0,10.243911956395202,1.138808047576867,9.105103908818336,-1.743911956395202,-0.9888080475768668,-0.755103908818335,0.2464091375015797,2.8440477118012675,-2.597638574299688,11.702742483118024,-17052.609916999998,7.0685966590730365,-14.380543604721252,-4.6895323234521085,3.768492871676936,15.771092957728785,4.947898270867235,1846.5
2013-05-01,231.893,0.11,93.6076,16.3,1.93,102.55863636363637,3385128.0,8.25,87.21709,8.25,55.01081,96.3492,104.412,287897.3,-21767.871139,20784.34,3778.228315489265,24922.939445,43987.097928,1856720000000.0,16843200000000.0,1432.843975,53179.01276,69970360847.0,10.679619905230098,1.3903888279197083,9.28923107731039,-2.4296199052300977,-1.2803888279197084,-1.149231077310389,0.2464091375015797,2.8440477118012675,-2.597638574299688,11.88686965161008,-19064.158483000003,6.545039649381799,-7.051768194431752,-4.6895323234521085,3.768492871676936,19.0833636453821,0.9863139032847856,-5994.799999999988
2013-06-01,232.445,0.09,94.3047,16.86,2.3,102.9195,3478672.0,8.25,88.36468,8.25,58.3973,92.122,98.6098,282452.8,-21767.871139,-9374.18,-1605.242023175729,23998.411409,35304.356216,1856720000000.0,16843200000000.0,1432.843975,53179.01276,69970360847.0,11.057685479825883,1.7157935271568725,9.341891952669013,-2.807685479825885,-1.6257935271568724,-1.1818919526690126,0.2464091375015797,2.8440477118012675,-2.597638574299688,11.9395305269687,-11305.944807,8.000508443544195,8.159032563167145,-4.6895323234521085,3.768492871676936,21.48122590619257,4.224667371405544,-5444.5
2013-07-01,232.9,0.09,93.5703,13.45,2.58,107.93318181818182,3571797.0,9.25,89.89480999999999,10.25,59.7754,92.808,98.3657,277571.6,-5129.195916,-6310.0,-1055.6181974524638,25835.082274,38326.44782,1856720000000.0,16843200000000.0,1432.843975,53179.01276,69970360847.0,10.849062827425904,1.885471805415806,8.963591022010098,-0.5990628274259038,-1.795471805415806,1.196408977989902,0.2464091375015797,2.8440477118012675,-2.597638574299688,11.561229596309786,-12491.365546,7.242299137755051,5.178994713748963,-1.1050014899392475,3.768492871676936,25.468981019454763,7.713612548934789,-4881.200000000012
2013-08-01,233.456,0.08,94.7541,17.01,2.74,111.28045454545455,3644456.0,10.25,90.65987,10.25,63.2088,88.743,93.1135,275491.6,-5129.195916,-5804.64,-918.3278277708168,26337.977496,37026.02322,1856720000000.0,16843200000000.0,1432.843975,53179.01276,69970360847.0,10.747670001765176,1.538809488600279,9.208860513164897,-0.4976700017651758,-1.458809488600279,0.9611394868351032,0.2464091375015797,2.8440477118012675,-2.597638574299688,11.806499087464584,-10688.045724000003,7.44048580003024,-1.8310727432425455,-1.1050014899392475,3.768492871676936,29.56656093594794,13.767168666404238,-2080.0
2013-09-01,233.544,0.08,92.9207,16.6,2.81,111.59649999999999,3734018.0,9.875,91.0424,9.5,63.75214,88.6117,92.2091,277233.7,-5129.195916,13062.18,2048.9006329826734,28135.901695,34258.243662,1856720000000.0,16843200000000.0,1432.843975,53179.01276,69970360847.0,10.69768097876349,1.0947341081747997,9.60294687058869,-1.19768097876349,-1.0147341081747996,-0.1829468705886903,0.2464091375015797,2.8440477118012675,-2.597638574299688,12.20058544488838,-6122.341967,8.092466815732113,-1.1227563758796077,-1.1050014899392475,3.768492871676936,33.145846058613124,16.750357839280717,1742.100000000035
2013-10-01,233.669,0.09,92.731,13.75,2.62,109.07652173913044,3843396.0,9.125,92.18999,8.75,61.61556,91.6186,94.667,281542.9,-4056.034013,18323.91,2973.9095124673054,27480.129706,38075.016656,1856720000000.0,16843200000000.0,1432.843975,53179.01276,69970360847.0,11.05989995090908,0.8767991434911471,10.183100807417931,-2.309899950909081,-0.7867991434911471,-1.5231008074179335,0.2464091375015797,2.8440477118012675,-2.597638574299688,12.780739381717622,-10594.88695,7.394426180917598,-2.358183976492101,-0.8738062848463959,3.768492871676936,36.13919551194292,16.203306695674957,4309.200000000012
2013-11-01,234.1,0.08,93.6291,13.7,2.72,107.792,3925876.0,8.75,92.95506,8.75,62.63296,91.791,93.612,290676.7,-4056.034013,7625.6,1217.5059265920054,24201.832772,33772.916062,1856720000000.0,16843200000000.0,1432.843975,53179.01276,69970360847.0,11.46789287865062,1.2328701961954458,10.235022682455174,-2.71789287865062,-1.1528701961954455,-1.565022682455174,0.2464091375015797,2.8440477118012675,-2.597638574299688,12.832661256754864,-9571.083289999997,8.606798994388832,-1.1613680722023512,-0.8738062848463959,3.768492871676936,37.68423651574231,14.344196827030032,9133.799999999988
2013-12-01,234.719,0.09,93.5576,13.72,2.9,110.75666666666666,4032575.0,8.75,91.42493,8.75,61.91031,91.8846,94.8067,293876.8,-4056.034013,15716.16,2538.5367962137484,26393.05908,36580.093664,1856720000000.0,16843200000000.0,1432.843975,53179.01276,69970360847.0,9.13241780206844,1.5128383667573295,7.619579435311109,-0.3824178020684385,-1.4228383667573297,1.040420564688891,0.2464091375015797,2.8440477118012675,-2.597638574299688,10.217218009610797,-10187.034584,8.033790254867949,1.1531834316644396,-0.8738062848463959,3.768492871676936,38.70515598665429,13.28966582369282,3200.0999999999767
2014-01-01,235.288,0.07,95.1774,18.41,2.86,108.11772727272728,4102138.0,8.8,90.65987,9.0,62.07597,91.6709,95.0836,291070.3,-1342.954753,323.63,52.134505509942095,26891.577111,36346.324453,2039130000000.0,17550700000000.0,1553.883961,54973.42075,70388642797.0,7.239822108918026,1.557758795574915,5.682063313343111,1.760177891081974,-1.487758795574915,3.247936686656889,8.447534282300339,3.374278492341088,5.073255789959251,0.6088075233838595,-9454.747342000002,8.008245795978285,-4.286714524851909,-0.2634368094236267,3.451895798551343,36.342358703282216,14.28502783669141,-2806.5
2014-02-01,235.547,0.07,94.3879,14.0,2.71,108.90052631578948,4159972.0,9.0,91.0424,9.0,62.25401,90.9715,94.7347,294360.2,-1342.954753,2959.05,475.31877866180827,25353.24,33665.55,2039130000000.0,17550700000000.0,1553.883961,54973.42075,70388642797.0,6.72646191997297,1.1204746347724948,5.605987285200476,2.2735380800270297,-1.0504746347724947,3.324012714799524,8.447534282300339,3.374278492341088,5.073255789959251,0.5327314952412241,-8312.310000000001,8.74366228978882,-6.161109498585004,-0.2634368094236267,3.451895798551343,34.600789490713765,15.770324240167888,3289.900000000024
2014-03-01,236.028,0.08,94.2432,13.88,2.72,107.48095238095237,4226971.0,9.0,91.42493,9.0,61.01399,92.6292,96.1843,304223.2,-1342.954753,22075.38,3618.084967070667,30341.03,41294.46,2039130000000.0,17550700000000.0,1553.883961,54973.42075,70388642797.0,6.696433156223547,1.6126949139408042,5.083738242282743,2.303566843776453,-1.532694913940804,3.836261757717257,8.447534282300339,3.374278492341088,5.073255789959251,0.0104824523234912,-10953.43,7.3671674118029395,-0.9154706372472954,-0.2634368094236267,3.451895798551343,31.999783902348856,12.14854547279256,9863.0
2014-04-01,236.468,0.09,93.8896,13.41,2.71,107.7552380952381,4296049.0,9.0,92.57253,9.0,60.35662,93.3653,97.3522,310986.3,-7481.646936,7923.0,1312.697762068187,25827.540375,35795.638279,2039130000000.0,17550700000000.0,1553.883961,54973.42075,70388642797.0,7.0796486791576685,2.015125303606169,5.0645233755515,1.9203513208423315,-1.9251253036061688,3.8454766244485006,8.447534282300339,3.374278492341088,5.073255789959251,-0.0087324144077518,-9968.097903999998,8.687826644578772,5.385969881448793,-1.467615490135499,3.451895798551343,29.45174376681596,10.999231090499784,6763.099999999977
2014-05-01,236.918,0.09,93.7606,11.4,2.56,109.53909090909092,4322654.0,9.0,93.33759,9.0,59.30502,95.5325,99.1496,312207.0,-7481.646936,16844.0,2840.231737549368,28019.237643,39058.854636,2039130000000.0,17550700000000.0,1553.883961,54973.42075,70388642797.0,7.017546675771924,2.166947687079812,4.850598988692112,1.982453324228076,-2.0769476870798123,4.059401011307888,8.447534282300339,3.374278492341088,5.073255789959251,-0.2226568012671395,-11039.616992999996,7.993245140174777,6.806305926986345,-1.467615490135499,3.451895798551343,27.695437218326745,7.8061202879943,1220.7000000000116
2014-06-01,237.231,0.1,93.2058,11.57,2.6,111.79523809523809,4368348.0,9.0,94.10265,9.0,59.7307,95.5816,98.6292,316138.0,-7481.646936,11260.0,1885.1277483773,25926.627001,38352.390109,2039130000000.0,17550700000000.0,1553.883961,54973.42075,70388642797.0,6.493510755654852,2.0589816945944195,4.434529061060433,2.506489244345148,-1.9589816945944196,4.465470938939568,8.447534282300339,3.374278492341088,5.073255789959251,-0.6387267288988188,-12425.763108,8.242980401000176,8.623961538132319,-1.467615490135499,3.451895798551343,25.575162015849727,2.283324742753523,3931.0
2014-07-01,237.498,0.09,94.4467,16.95,2.54,106.76818181818182,4406637.0,9.0,96.39783,9.0,60.05857,96.6568,98.2116,319808.0,-10962.127304,11072.44,1843.606998967841,25815.699795,40068.005067,2039130000000.0,17550700000000.0,1553.883961,54973.42075,70388642797.0,7.23403275450496,1.9742378703305972,5.2597948841743625,1.76596724549504,-1.8842378703305973,3.650205115825637,8.447534282300339,3.374278492341088,5.073255789959251,0.186539094215111,-14252.305271999998,7.981630217557146,-1.079371496675141,-2.150353788919785,3.451895798551343,23.37310883009309,0.4737233042355404,3670.0
2014-08-01,237.46,0.09,94.7251,11.98,2.42,101.60809523809523,4413736.0,9.0,96.78036,9.0,60.89517,96.5206,97.27,318399.7,-10962.127304,6829.46,1121.5109507043005,26825.30061,37472.782204,2039130000000.0,17550700000000.0,1553.883961,54973.42075,70388642797.0,6.751046521465343,1.7150983482969062,5.035948173168436,2.248953478534657,-1.625098348296906,3.874051826831563,8.447534282300339,3.374278492341088,5.073255789959251,-0.037307616790815,-10647.481594000004,8.496825729849668,-8.691876167174051,-2.150353788919785,3.451895798551343,21.108225754406146,-3.660297300375892,-1408.2999999999884
2014-09-01,237.477,0.09,97.5261,16.31,2.53,97.09142857142858,4459050.0,9.0,96.78036,9.0,60.86492,97.3402,98.4367,313841.2,-10962.127304,6061.83,995.9480764946376,28889.652138,43341.748368,2039130000000.0,17550700000000.0,1553.883961,54973.42075,70388642797.0,6.302513993479963,1.6840509711232077,4.618463022356756,2.697486006520037,-1.5940509711232076,4.291536977643244,8.447534282300339,3.374278492341088,5.073255789959251,-0.4547927676024956,-14452.09623,7.241083062346296,-12.997783468631551,-2.150353788919785,3.451895798551343,19.416939072066608,-4.528820522730692,-4558.5
2014-10-01,237.43,0.09,98.1163,14.03,2.3,87.42521739130434,4486754.0,9.0,96.78036,9.0,61.34199,97.3615,98.5615,315910.1,-7708.202169,387.1,63.10522368120108,25914.721576,39468.755455,2039130000000.0,17550700000000.0,1553.883961,54973.42075,70388642797.0,4.9792499163954895,1.6095417021513292,3.3697082142441603,4.020750083604511,-1.519541702151329,5.540291785755841,8.447534282300339,3.374278492341088,5.073255789959251,-1.703547575715091,-13554.033879,8.004055267468022,-19.849646837481473,-1.5120570378543792,3.451895798551343,16.73931075538404,-0.4439949908756846,2068.899999999965
2014-11-01,236.983,0.09,100.0719,13.33,2.33,79.4378947368421,4485931.0,9.0,96.78036,9.0,61.70418,98.0225,98.9056,315558.4,-7708.202169,13708.75,2221.689033060645,26503.044384,42722.49263,2039130000000.0,17550700000000.0,1553.883961,54973.42075,70388642797.0,4.1152143842411615,1.231524989320798,2.8836893949203635,4.884785615758839,-1.141524989320798,6.026310605079638,8.447534282300339,3.374278492341088,5.073255789959251,-2.189566395038888,-16219.448246,7.3862356939916225,-26.30446161418093,-1.5120570378543792,3.451895798551343,14.265733303853722,-1.482893351998682,-351.69999999995343
2014-12-01,236.252,0.12,102.2843,19.2,2.21,62.33500000000001,4497660.0,9.0,96.78036,9.0,62.75295,97.0366,98.501,320648.8,-7708.202169,-909.95,-145.00513521675077,26172.793394,35333.272018,2039130000000.0,17550700000000.0,1553.883961,54973.42075,70388642797.0,5.85773486509642,0.6531213919623191,5.204613473134101,3.14226513490358,-0.5331213919623191,3.675386526865899,8.447534282300339,3.374278492341088,5.073255789959251,0.1313576831748495,-9160.478624000005,9.074981785911316,-43.71896349354439,-1.5120570378543792,3.451895798551343,11.533201490362854,1.3610657094109246,5090.399999999965
2015-01-01,234.747,0.11,105.5884,20.97,1.88,47.7595,4500064.0,8.85,97.1629,8.75,62.22593,98.2017,99.6967,328688.9,-706.653666,18063.0,2902.8091665323445,24415.169792,32265.37127,2103590000000.0,18206000000000.0,1583.998159,56572.9189,68909693353.0,7.172997269905634,-0.2299309782054281,7.4029282481110625,1.5770027300943656,0.3399309782054281,1.2370717518889376,1.937995291528716,2.9095845377240748,-0.971589246195359,8.37451749430642,-7850.201477999999,10.187048438076133,-55.82639294708209,-0.1343709878826197,3.275813887354475,9.700453763379002,0.2415749604879336,8040.100000000035
2015-02-01,235.342,0.11,105.5981,13.34,1.98,58.0955,4486725.0,8.75,96.78036,8.75,62.03761,99.9518,101.6502,337733.2,-706.653666,8776.0,1414.6257407401736,22008.044543,28725.378102,2103590000000.0,18206000000000.0,1583.998159,56572.9189,68909693353.0,6.302513993479963,-0.0870314629352053,6.389545456415169,2.447486006520037,0.1970314629352053,2.250454543584832,1.937995291528716,2.9095845377240748,-0.971589246195359,7.361134702610528,-6717.333558999999,11.757310862915514,-46.652691253727454,-0.1343709878826197,3.275813887354475,7.854692291198106,-0.347608129982313,9044.299999999988
2015-03-01,235.976,0.11,107.4396,15.29,2.04,55.88545454545454,4480603.0,8.5,97.1629,8.5,62.44984,100.9753,102.7226,341638.4,-706.653666,10228.0,1637.7944282963736,24034.177853,35428.720215,2103590000000.0,18206000000000.0,1583.998159,56572.9189,68909693353.0,6.27615465497211,-0.0220312844238734,6.298185939395983,2.2238453450278897,0.1320312844238734,2.0918140606040163,1.937995291528716,2.9095845377240748,-0.971589246195359,7.269775185591342,-11394.542362,9.64297885802139,-48.004317688425616,-0.1343709878826197,3.275813887354475,6.000325055459332,2.3533127402420417,3905.200000000012
2015-04-01,236.222,0.12,105.312,14.55,1.94,59.52428571428571,4471499.0,8.5,97.92796,8.5,62.75316,99.80049612,101.8869462,351868.8,-6132.475498,7761.0,1236.7504680242398,22137.213767,33506.505086,2103590000000.0,18206000000000.0,1583.998159,56572.9189,68909693353.0,5.785117896205283,-0.1040309893939106,5.889148885599194,2.714882103794717,0.2240309893939106,2.4908511144008063,1.937995291528716,2.9095845377240748,-0.971589246195359,6.860738131794553,-11369.291318999996,10.501507068459404,-44.75972883872622,-1.1660971002904557,3.275813887354475,4.083985075589225,3.970633213059327,10230.399999999963
2015-05-01,237.001,0.12,106.7388,13.84,2.2,64.075,4463981.0,8.5,98.69302,8.5,63.80033,97.9177341,99.62205766,352478.9,-6132.475498,-475.0,-74.45102556679565,22529.080184,32837.757293,2103590000000.0,18206000000000.0,1583.998159,56572.9189,68909693353.0,5.737699034226185,0.0350332182442958,5.702665815981889,2.762300965773816,0.0849667817557041,2.6773341840181115,1.937995291528716,2.9095845377240748,-0.971589246195359,6.674255062177248,-10308.677109000004,10.733951678092756,-41.5049006996257,-1.1660971002904557,3.275813887354475,3.269449740830521,7.57998226794292,610.1000000000349
2015-06-01,237.657,0.13,106.5191,18.23,2.36,61.47772727272727,4495055.0,8.25,99.84061,8.25,63.86074,99.41700742,100.1443021,356001.0,-6132.475498,-5801.0,-908.382834273452,22323.722676,33536.23371,2103590000000.0,18206000000000.0,1583.998159,56572.9189,68909693353.0,6.09755410713726,0.1795718097550525,5.917982297382207,2.1524458928627404,-0.0495718097550524,2.202017702617793,1.937995291528716,2.9095845377240748,-0.971589246195359,6.889571543577566,-11212.511034,10.61541385590493,-45.00863514387389,-1.1660971002904557,3.275813887354475,2.9005701926678062,6.914434285886495,3522.0999999999767
2015-07-01,238.034,0.13,108.7819,12.12,2.32,56.56130434782609,4485480.0,8.25,100.6057,8.25,63.63498,100.9044926,101.3548937,353460.5,-8558.839801,5980.0,939.7347182320163,23281.205117,36372.069889,2103590000000.0,18206000000000.0,1583.998159,56572.9189,68909693353.0,4.365108633669457,0.2256861110409458,4.139422522628511,3.8848913663305433,-0.0956861110409458,3.980577477371489,1.937995291528716,2.9095845377240748,-0.971589246195359,5.11101176882387,-13090.864771999995,9.717909953397978,-47.02419448881715,-1.627472996353852,3.275813887354475,1.7891875368903687,5.95487038735687,-2540.5
2015-08-01,238.033,0.14,110.5621,28.43,2.17,46.515,4475105.0,8.25,100.9882,8.25,65.07233,100.6024892,100.335247,351437.6,-8558.839801,-16334.0,-2510.12988162557,21582.676479,33981.728683,2103590000000.0,18206000000000.0,1583.998159,56572.9189,68909693353.0,4.347824289969582,0.2413037985344868,4.106520491435095,3.902175710030418,-0.1013037985344867,4.003479508564905,1.937995291528716,2.9095845377240748,-0.971589246195359,5.078109737630454,-12399.052204,10.341957681976703,-54.22116722983263,-1.627472996353852,3.275813887354475,1.3904093946715437,6.859591655627195,-2022.9000000000235
2015-09-01,237.498,0.14,111.3311,24.5,2.17,47.62318181818182,4484111.0,8.25,101.7533,8.25,66.21781,100.017626,99.49511758,350288.6,-8558.839801,-5061.0,-764.2958895801597,21870.31423,32036.445496,2103590000000.0,18206000000000.0,1583.998159,56572.9189,68909693353.0,5.138377249268333,0.00884296163417,5.129534287634163,3.1116227507316667,0.1311570383658299,2.9804657123658367,1.937995291528716,2.9095845377240748,-0.971589246195359,6.101123533829522,-10166.131266,10.934065704752928,-50.950168805945395,-1.627472996353852,3.275813887354475,0.5620255435574872,8.794704733038339,-1149.0
2015-10-01,237.733,0.12,110.2079,15.07,2.07,48.43,4489339.0,7.75,102.9009,7.75,65.05801,101.84318,100.8175441,354176.8,-7121.280813,5104.0,784.5306058393118,21456.110713,31148.328745,2103590000000.0,18206000000000.0,1583.998159,56572.9189,68909693353.0,6.324155024841804,0.127616560670507,6.196538464171297,1.4258449751581956,-0.007616560670507,1.4334615358287026,1.937995291528716,2.9095845377240748,-0.971589246195359,7.168127710366656,-9692.218032,11.37065179000505,-44.60408398730841,-1.35411954097519,3.275813887354475,0.0576140345559306,6.05787324473821,3888.200000000012
2015-11-01,238.017,0.12,112.34,16.13,2.26,44.26761904761905,4477088.0,7.75,103.2834,7.75,66.11709,101.5046976,100.106483,350247.2,-7121.280813,-5081.0,-768.4851223791004,19560.91709,29896.404965,2103590000000.0,18206000000000.0,1583.998159,56572.9189,68909693353.0,6.719379841116524,0.4363182169185187,6.283061624198005,1.030620158883476,-0.3163182169185187,1.3469383758019946,1.937995291528716,2.9095845377240748,-0.971589246195359,7.254650870393364,-10335.487875000004,11.71536177711125,-44.27392720531351,-1.35411954097519,3.275813887354475,-0.1971274190352034,7.1517197052128445,-3929.5999999999767
2015-12-01,237.761,0.24,113.3429,18.21,2.24,38.00545454545455,4486587.0,7.75,102.9009,7.75,66.59551,100.4267786,99.72132431,350381.4,-7121.280813,1098.0,164.87598037765608,22593.353382,34096.490036,2103590000000.0,18206000000000.0,1583.998159,56572.9189,68909693353.0,6.324155024841804,0.6387247515364791,5.685430273305325,1.4258449751581956,-0.3987247515364791,1.8245697266946748,1.937995291528716,2.9095845377240748,-0.971589246195359,6.657019519500684,-11503.136654000002,10.276172111265934,-39.030312752940496,-1.35411954097519,3.275813887354475,-0.2461946879043774,6.123313724693436,134.20000000001164
2016-01-01,237.652,0.34,115.5731,20.2,2.09,30.6995,4482349.0,7.75,102.9009,7.75,67.25233,100.6482307,99.84303881,349608.9,-337.997298,-10060.0,-1495.8589538830847,21199.025451,28866.530777,2294800000000.0,18695100000000.0,1707.508929,57638.10184,62744364090.0,5.905546252736382,1.2375025026943876,4.668043750041995,1.844453747263617,-0.8975025026943875,2.741956249958005,7.7974061584752175,1.88284953421416,5.914556624261058,-1.2465128742190634,-7667.505325999999,12.111219831049391,-35.72064196651975,-0.0589153386787519,2.7341974938992504,-0.3936610679314833,8.077661515062928,-772.5
2016-02-01,237.336,0.38,114.2418,20.55,1.78,32.1815,4489796.0,7.75,102.1358,7.75,68.23767,97.95985916,97.70515024,348418.1,-337.997298,-7626.0,-1117.5645358348256,20845.724216,27418.979994,2294800000000.0,18695100000000.0,1707.508929,57638.10184,62744364090.0,5.533602065543053,0.8472775790126619,4.686324486530391,2.216397934456947,-0.4672775790126618,2.683675513469609,7.7974061584752175,1.88284953421416,5.914556624261058,-1.228232137730667,-6573.2557780000025,12.707186776322208,-44.60586448175848,-0.0589153386787519,2.7341974938992504,0.0684463612100172,9.994034264053674,-1190.8000000000466
2016-03-01,238.08,0.36,109.9191,13.95,1.89,38.210454545454546,4482840.0,7.75,102.5183,7.75,67.02185,98.65239086,98.68114873,360176.2,-337.997298,25613.0,3821.589526400719,22911.742382,27310.280823,2294800000000.0,18695100000000.0,1707.508929,57638.10184,62744364090.0,5.511774555926174,0.8916160965521946,4.62015845937398,2.2382254440738256,-0.5316160965521947,2.7698415406260204,7.7974061584752175,1.88284953421416,5.914556624261058,-1.2943981648870784,-4398.538441000001,13.188300857626812,-31.62719198360282,-0.0589153386787519,2.7341974938992504,0.0499263157213381,7.321091615286757,11758.100000000037
2016-04-01,238.992,0.37,108.8274,15.7,1.81,41.583333333333336,4474665.0,7.15,103.6659,7.0,66.46953,99.15870511,98.51310524,363049.0,-401.0725744978,6929.0,1042.432525098342,20863.472334,25689.177558,2294800000000.0,18695100000000.0,1707.508929,57638.10184,62744364090.0,5.859348035024925,1.1726257503534845,4.686722284671441,1.140651964975075,-0.8026257503534843,1.9432777153285592,7.7974061584752175,1.88284953421416,5.914556624261058,-1.2278343395896174,-4825.705224000001,14.13237146967132,-30.14055887552899,-0.0699098090461565,2.7341974938992504,0.0708039966015761,5.922203758344602,2872.7999999999884
2016-05-01,239.557,0.37,112.4276,14.19,1.81,46.742380952380955,4461111.0,7.0,105.196,7.0,66.90673,99.87957359,98.46245858,361605.0,-401.0725744978,2561.0,382.77165839669647,22407.028245,28286.233407,2294800000000.0,18695100000000.0,1707.508929,57638.10184,62744364090.0,6.58909819559681,1.0784764621246223,5.510621733472187,0.4109018044031902,-0.7084764621246223,1.1193782665278125,7.7974061584752175,1.88284953421416,5.914556624261058,-0.4039348907888707,-5879.205161999998,12.78378053369642,-27.05051743678353,-0.0699098090461565,2.7341974938992504,-0.0642923883412582,4.86894033306724,-1444.0
2016-06-01,240.222,0.38,112.1618,15.63,1.64,48.24727272727273,4466482.0,7.0,105.9611,7.0,67.29686,100.5965447,98.31977163,363506.1,-401.0725744978,5133.0,762.7398960367542,22655.583607,30917.01308,2294800000000.0,18695100000000.0,1707.508929,57638.10184,62744364090.0,6.130261023044636,1.0792865347959424,5.050974488248694,0.8697389769553636,-0.6992865347959424,1.569025511751306,7.7974061584752175,1.88284953421416,5.914556624261058,-0.8635821360123641,-8261.429473,11.75747796397413,-21.520728127703304,-0.0699098090461565,2.7341974938992504,-0.635654068748881,5.380645448204957,1901.0999999999767
2016-07-01,240.101,0.39,111.874,11.87,1.5,44.951904761904764,4464498.0,7.0,107.1087,7.0,67.20763,102.1714965,99.15433482,366503.9,-3466.7090479803,10993.0,1635.677377702502,21692.270863,29305.248157,2294800000000.0,18695100000000.0,1707.508929,57638.10184,62744364090.0,6.463848469818312,0.8683633430518256,5.595485126766486,0.5361515301816882,-0.4783633430518256,1.0145148732335136,7.7974061584752175,1.88284953421416,5.914556624261058,-0.3190714974945718,-7612.977294,12.50642540327559,-20.525339222251382,-0.6042721017919296,2.7341974938992504,-0.4677760239706785,5.614286356340492,2997.8000000000466
2016-08-01,240.545,0.4,112.4036,13.42,1.56,45.843043478260874,4457907.0,7.0,106.3436,7.0,66.93964,101.9446432,99.14783833,366800.0,-3466.7090479803,10254.0,1531.827777980282,21597.086255,29303.198987,2294800000000.0,18695100000000.0,1707.508929,57638.10184,62744364090.0,5.302995795548382,1.0553158595656864,4.247679935982696,1.697004204451618,-0.6553158595656864,2.3523200640173045,7.7974061584752175,1.88284953421416,5.914556624261058,-1.6668766882783626,-7706.112732000001,12.517404675261778,-1.4446017881094786,-0.6042721017919296,2.7341974938992504,-0.3843038319771286,2.869591422344953,296.0999999999767
2016-09-01,241.176,0.4,112.2795,13.29,1.63,46.567727272727275,4452002.0,7.0,105.9611,7.0,66.73773,101.8792855,99.65178192,371990.3,-3466.7090479803,10064.0,1507.99255533564,22769.070768,31840.481481,2294800000000.0,18695100000000.0,1707.508929,57638.10184,62744364090.0,4.135295857726495,1.5486446201652182,2.586651237561277,2.8647041422735047,-1.1486446201652185,4.0133487624387225,7.7974061584752175,1.88284953421416,5.914556624261058,-3.327905386699781,-9071.410712999996,11.682935769108132,-2.216262133605673,-0.6042721017919296,2.7341974938992504,-0.7160616675189302,0.7851664076477194,5190.299999999988
2016-10-01,241.741,0.4,114.0188,17.06,1.76,49.522380952380956,4454326.0,6.75,106.3436,6.75,66.74769,102.7870934,100.3147642,366211.6,-7975.705100524,-5050.0,-756.5804899015981,23360.614495,34495.092014,2294800000000.0,18695100000000.0,1707.508929,57638.10184,62744364090.0,3.3456461508111213,1.685924966243646,1.6597211845674753,3.4043538491888787,-1.285924966243646,4.690278815432524,7.7974061584752175,1.88284953421416,5.914556624261058,-4.254835439693583,-11134.477519,10.616339270855438,2.255587347472554,-1.3902222591117308,2.7341974938992504,-0.7799143704674605,2.597189800302857,-5778.700000000012
2016-11-01,242.026,0.41,117.7636,13.33,2.14,44.73409090909091,4446307.0,6.75,105.9611,6.75,67.62566,102.642463,100.452416,361121.0,-7975.705100524,-17355.0,-2566.333548537641,20066.25774,33461.865209,2294800000000.0,18695100000000.0,1707.508929,57638.10184,62744364090.0,2.592575379973927,1.6843334719788938,0.9082419079950332,4.157424620026073,-1.274333471978894,5.431758092004967,7.7974061584752175,1.88284953421416,5.914556624261058,-5.006314716266025,-13395.607469000002,10.792016456478695,1.053754124363615,-1.3902222591117308,2.7341974938992504,-0.6875227826658725,2.281664241423797,-5090.599999999977
2016-12-01,242.637,0.54,118.3466,14.04,2.49,53.3085,4451451.0,6.75,105.196,6.75,67.90043,102.5749915,101.2011378,358898.0,-7975.705100524,-8624.0,-1270.0950494717044,24056.477749,34602.469917,2294800000000.0,18695100000000.0,1707.508929,57638.10184,62744364090.0,2.230398373580811,2.0507989115119862,0.1795994620688246,4.519601626419189,-1.5107989115119862,6.030400537931175,7.7974061584752175,1.88284953421416,5.914556624261058,-5.7349571621922335,-10545.992168,10.372034160014554,40.265392527388414,-1.3902222591117308,2.7341974938992504,-0.7831342621908322,1.959471441843452,-2223.0
2017-01-01,243.618,0.65,116.2241,11.99,2.43,54.57666666666666,4452838.0,6.75,104.8135,6.75,68.08037,101.5124982,100.7265788,362952.6,-2573.2235488081,-1373.0,-201.67340453643249,22356.316704,32261.139355,2651470000000.0,19477300000000.0,1950.104683,59635.09844,68967175500.0,1.858681508130644,2.510393348257112,-0.6517118401264677,4.891318491869356,-1.860393348257112,6.751711840126468,14.207583332643292,3.464716110089028,10.742867222554263,-11.39457906268073,-9904.822651,11.250458206267526,77.77705391510175,-0.3881957629251849,2.60109205459613,-0.6583824686565043,1.23124358665343,4054.5999999999767
2017-02-01,244.006,0.66,116.0032,12.92,2.42,54.8695,4468702.0,6.75,104.8135,6.75,67.07545,102.3752804,101.5891799,364259.0,-2573.2235488081,11111.0,1656.4928002719323,24384.971731,34248.437052,2651470000000.0,19477300000000.0,1950.104683,59635.09844,68967175500.0,2.6217056115485526,2.8103616813294208,-0.1886560697808681,4.128294388451447,-2.1503616813294206,6.278656069780868,14.207583332643292,3.464716110089028,10.742867222554263,-10.931523292335132,-9863.465321,10.635784618344458,70.5001320634526,-0.3881957629251849,2.60109205459613,-0.4698209005487119,-1.7031941448176546,1306.4000000000233
2017-03-01,243.892,0.79,114.7938,12.37,2.48,51.589130434782604,4469618.0,6.75,105.196,6.75,65.87666,104.0422923,103.3931393,369954.7,-2573.2235488081,33683.0,5113.040035727373,28892.798379,39946.672104,2651470000000.0,19477300000000.0,1950.104683,59635.09844,68967175500.0,2.6119239199245525,2.44119623655914,0.1707276833654125,4.138076080075448,-1.65119623655914,5.789272316634588,14.207583332643292,3.464716110089028,10.742867222554263,-10.57213953918885,-11053.873724999998,9.261214527128413,35.01312938691426,-0.3881957629251849,2.60109205459613,-0.2949469532706916,-1.7086815717560766,5695.700000000012
2017-04-01,244.193,0.9,114.7877,10.82,2.3,52.30789473684211,4470142.0,6.5,105.9611,6.5,64.50709,106.0465878,105.2174867,373301.9,-14978.9914132372,-1740.0,-269.73779161329395,24579.014311,38834.650411,2651470000000.0,19477300000000.0,1950.104683,59635.09844,68967175500.0,2.2140356665017125,2.176223471915395,0.0378121945863174,4.285964333498288,-1.276223471915395,5.562187805413684,14.207583332643292,3.464716110089028,10.742867222554263,-10.705055027967946,-14255.636100000003,9.612598441062866,25.790528425271585,-2.2597263273938157,2.60109205459613,-0.1010801925954263,-2.9523903659315787,3347.200000000012
2017-05-01,244.004,0.91,113.2956,10.41,2.3,50.326521739130435,4459914.0,6.5,106.3436,6.5,64.42484,105.7495414,104.8712529,380100.4,-14978.9914132372,10930.0,1696.5505851469711,23947.03531,38278.742888,2651470000000.0,19477300000000.0,1950.104683,59635.09844,68967175500.0,1.0909160044108024,1.856343166761976,-0.7654271623511733,5.409083995589198,-0.9463431667619756,6.355427162351173,14.207583332643292,3.464716110089028,10.742867222554263,-11.508294384905437,-14331.707578,9.929803627881356,7.667860972680973,-2.2597263273938157,2.60109205459613,-0.0268318811166068,-3.709477357509461,6798.5
2017-06-01,244.163,1.04,111.9896,11.18,2.19,46.36818181818182,4463347.0,6.5,107.1087,6.5,64.44299,105.4512675,104.2747861,386539.4,-14978.9914132372,3667.0,569.0300837996499,23012.651391,37055.024664,2651470000000.0,19477300000000.0,1950.104683,59635.09844,68967175500.0,1.0830389642991545,1.640565809959127,-0.5575268456599725,5.4169610357008455,-0.6005658099591269,6.017526845659972,14.207583332643292,3.464716110089028,10.742867222554263,-11.300394068214237,-14042.373272999996,10.431497577048814,-3.894709074464886,-2.2597263273938157,2.60109205459613,-0.0701894690273041,-4.240717917596748,6439.0
2017-07-01,244.243,1.15,109.8177,10.26,2.32,48.47857142857143,4465284.0,6.5,109.0214,6.5,64.45588,106.7709746,103.7702918,393655.2,-6955.6603145652,4592.0,712.4253054957903,22292.633411,34215.041814,2651470000000.0,19477300000000.0,1950.104683,59635.09844,68967175500.0,1.785755965668523,1.7251073506566073,0.0606486150119156,4.714244034331477,-0.5751073506566073,5.289351384988084,14.207583332643292,3.464716110089028,10.742867222554263,-10.682218607542348,-11922.408402999998,11.505325702654131,7.8454220913356965,-1.0493289103124228,2.60109205459613,0.0176055628202664,-4.094401186293883,7115.799999999988
2017-08-01,245.183,1.16,109.3686,10.59,2.21,51.70434782608696,4452360.0,6.25,109.0214,6.25,63.96839,107.5006409,103.9091278,397822.1,-6955.6603145652,-11824.0,-1848.412942704983,23355.109487,36070.616348,2651470000000.0,19477300000000.0,1950.104683,59635.09844,68967175500.0,2.518064086602312,1.92812155729698,0.5899425293053318,3.731935913397688,-0.7681215572969802,4.500057470694668,14.207583332643292,3.464716110089028,10.742867222554263,-10.15292469324893,-12715.506861000002,11.028979825626347,12.785591669116725,-1.0493289103124228,2.60109205459613,-0.1244305904093523,-4.438700297760789,4166.899999999965
2017-09-01,246.435,1.15,110.0867,9.51,2.2,56.152857142857144,4455661.0,6.25,109.0214,6.25,64.44095,105.6433857,102.6043957,400205.3,-6955.6603145652,-11776.0,-1827.4094345288208,28567.096732,37962.669459,2651470000000.0,19477300000000.0,1950.104683,59635.09844,68967175500.0,2.8881353628831707,2.1805652303711787,0.7075701325119921,3.3618646371168293,-1.0305652303711788,4.3924298674880085,14.207583332643292,3.464716110089028,10.742867222554263,-10.03529709004227,-9395.572726999995,10.542074772487354,20.583203071075083,-1.0493289103124228,2.60109205459613,0.0821877438509588,-3.441501531442559,2383.200000000012
2017-10-01,246.626,1.15,111.8052,10.18,2.36,57.50772727272727,4461117.0,6.25,109.7864,6.25,65.08128,105.9591199,102.4047452,399224.8,-13716.1835025,-1110.0,-170.55595710471582,22888.701041,37501.433058,2651470000000.0,19477300000000.0,1950.104683,59635.09844,68967175500.0,3.237430367224748,2.020757753132485,1.2166726140922624,3.0125696327752527,-0.870757753132485,3.8833273859077377,14.207583332643292,3.464716110089028,10.742867222554263,-9.526194608462,-14612.732017000002,10.64558784680457,16.124722129222246,-2.0692194899433143,2.60109205459613,0.1524585313243731,-2.496580780548363,-980.5
2017-11-01,247.284,1.16,110.4648,11.28,2.35,62.71409090909091,4438592.0,6.25,110.169,6.25,64.86261,107.6506383,102.9902146,401942.0,-13716.1835025,15798.0,2435.6096678810795,26292.657425,41390.189147,2651470000000.0,19477300000000.0,1950.104683,59635.09844,68967175500.0,3.971174327182325,2.172493864295566,1.7986804628867592,2.278825672817675,-1.012493864295566,3.2913195371132407,14.207583332643292,3.464716110089028,10.742867222554263,-8.944186759667504,-15097.531721999996,9.711045256944256,40.19306000101612,-2.0692194899433143,2.60109205459613,-0.1735147842917728,-4.085801158909197,2717.200000000012
2017-12-01,247.805,1.3,110.0783,11.04,2.4,64.3736842105263,4448680.0,6.25,109.4039,6.25,64.24232,107.6348225,103.5776135,409072.2,-13716.1835025,-1432.0,-222.9060220739226,27832.559814,42030.787058,2651470000000.0,19477300000000.0,1950.104683,59635.09844,68967175500.0,4.000057036389215,2.129930719552253,1.870126316836962,2.249942963610785,-0.8299307195522532,3.0798736831630382,14.207583332643292,3.464716110089028,10.742867222554263,-8.8727409057173,-14198.227244000002,9.73267998611362,20.75688531946369,-2.0692194899433143,2.60109205459613,-0.0622493654316325,-5.3874622001657375,7130.200000000012
2018-01-01,248.859,1.41,106.7696,13.54,2.58,69.07727272727273,4419225.0,6.25,110.169,6.25,63.6369,106.2692202,103.1452827,422366.5,-13066.3771304374,14466.0,2273.2094115206746,25407.743953,40701.209668,2702930000000.0,20533100000000.0,1966.254552,62499.87444,78790170929.0,5.109551727592332,2.151318868063945,2.958232859528387,1.140448272407668,-0.7413188680639451,1.8817671404716128,0.8281539519794157,4.8038421582925706,-3.975688206313155,6.933921065841542,-15293.465715000002,10.377246854460738,26.569240934354244,-1.9336611943982864,2.914991173615299,-0.7548668961233296,-6.526800603463235,13294.299999999988
2018-02-01,249.529,1.42,108.3903,19.85,2.86,65.3175,4393401.0,6.25,109.7864,6.25,64.37384,103.7386379,101.5036203,420962.8,-13066.3771304374,-11834.0,-1838.32438767052,26030.721477,37871.272328,2702930000000.0,20533100000000.0,1966.254552,62499.87444,78790170929.0,4.744522413620378,2.263468931091861,2.481053482528517,1.505477586379622,-0.843468931091861,2.348946517471483,0.8281539519794157,4.8038421582925706,-3.975688206313155,6.456741688841672,-11840.550851,11.115623376845528,19.041544027191783,-1.9336611943982864,2.914991173615299,-1.6850754424886705,-4.027718039908789,-1403.7000000000116
2018-03-01,249.577,1.51,107.4784,19.97,2.84,66.01666666666667,4392198.0,6.25,109.7864,6.25,65.02133,102.9983614,100.652343,424544.8,-13066.3771304374,16850.0,2591.457295628988,29167.029889,42801.16479,2702930000000.0,20533100000000.0,1966.254552,62499.87444,78790170929.0,4.363664017643254,2.3309497646499366,2.0327142529933173,1.886335982356746,-0.8209497646499366,2.707285747006683,0.8281539519794157,4.8038421582925706,-3.975688206313155,6.008402459306472,-13634.134901,9.919001085203876,27.96623263523099,-1.9336611943982864,2.914991173615299,-1.732139077657191,-1.2983809440247795,3582.0
2018-04-01,250.227,1.69,109.3363,15.93,2.87,72.10600000000001,4372886.0,6.25,110.169,6.25,65.63635,102.7563781,100.0450392,420517.0,-15803.4671700706,-5552.21,-845.9047463791024,25949.464389,39966.951126,2702930000000.0,20533100000000.0,1966.254552,62499.87444,78790170929.0,3.971174327182325,2.4709963021052994,1.5001780250770258,2.278825672817675,-0.7809963021052995,3.0598219749229743,0.8281539519794157,4.8038421582925706,-3.975688206313155,5.475866231390181,-14017.486737,10.521618190846636,37.849172410323504,-2.3387164551165736,2.914991173615299,-2.175680325144036,1.7505982675702692,-4027.799999999989
2018-05-01,250.792,1.7,111.9894,15.43,2.98,76.9752380952381,4327519.0,6.25,110.5515,6.25,67.53936,101.754017,98.78522334,412373.0,-15803.4671700706,-10060.03,-1489.506267160364,28944.971019,43917.274066,2702930000000.0,20533100000000.0,1966.254552,62499.87444,78790170929.0,3.956890682655101,2.781921607842497,1.174969074812604,2.293109317344899,-1.081921607842497,3.375030925187396,0.8281539519794157,4.8038421582925706,-3.975688206313155,5.150657281125759,-14972.303046999998,9.389767665913766,52.951635509885556,-2.3387164551165736,2.914991173615299,-2.968554999042583,4.834346503615694,-8144.0
2018-06-01,251.018,1.82,113.2586,16.09,2.91,74.4047619047619,4305491.0,6.45,111.3165,6.5,67.79307,102.2995894,99.21235878,405740.3,-15803.4671700706,-4831.22999999999,-712.643637469138,27158.075424,44806.585904,2702930000000.0,20533100000000.0,1966.254552,62499.87444,78790170929.0,3.928532416134267,2.8075506935940187,1.1209817225402483,2.571467583865733,-0.9875506935940186,3.559018277459751,0.8281539519794157,4.8038421582925706,-3.975688206313155,5.096669928853403,-17648.51048,9.055371923880022,60.46512713506145,-2.3387164551165736,2.914991173615299,-3.5367180727825964,5.198517325158258,-6632.700000000012
2018-07-01,251.214,1.91,112.7299,12.83,2.89,74.2540909090909,4277681.0,6.5,115.1419,6.5,68.69336,102.697442,98.8550212,403674.8,-19053.5118233536,2263.92,329.5689714406167,25754.235583,44388.072262,2702930000000.0,20533100000000.0,1966.254552,62499.87444,78790170929.0,5.614035409561802,2.854124785561929,2.7599106239998727,0.8859645904381983,-0.944124785561929,1.8300893760001276,0.8281539519794157,4.8038421582925706,-3.975688206313155,6.735598830313028,-18633.836679,9.094217870452107,53.16889240124838,-2.8196826145484493,2.914991173615299,-4.201367706958836,6.574233413615649,-2065.5
2018-08-01,251.663,1.91,114.2755,12.86,2.89,72.52826086956522,4218914.0,6.75,115.1419,6.75,69.54651,102.3487811,98.48048312,400101.9,-19053.5118233536,1775.41,255.28383811063995,27808.31876,45731.108757,2702930000000.0,20533100000000.0,1966.254552,62499.87444,78790170929.0,5.614035409561802,2.642923856874257,2.971111552687544,1.1359645904381983,-0.7329238568742575,1.868888447312456,0.8281539519794157,4.8038421582925706,-3.975688206313155,6.946799759000699,-17922.789997000003,8.749009391528407,40.274974772956604,-2.8196826145484493,2.914991173615299,-5.2431968663809725,8.720119421483009,-3572.899999999965
2018-09-01,252.182,1.95,113.8077,12.12,3.0,78.89099999999999,4192909.0,6.75,115.1419,6.75,72.21528,98.31422308,95.10000149,400525.1,-19053.5118233536,-10824.7,-1498.9486989457075,27865.972165,42819.587442,2702930000000.0,20533100000000.0,1966.254552,62499.87444,78790170929.0,5.614035409561802,2.332055105808828,3.281980303752974,1.1359645904381983,-0.3820551058088279,1.5180196962470265,0.8281539519794157,4.8038421582925706,-3.975688206313155,7.257668510066129,-14953.615276999995,9.353782320825005,40.49329635942704,-2.8196826145484493,2.914991173615299,-5.897037499037738,12.064269691865205,423.19999999995343
2018-10-01,252.772,2.19,116.5281,21.23,3.15,81.03217391304348,4139731.0,6.75,115.5244,6.75,73.6323,96.98295417,93.69369589,392084.9,-17751.9366590634,-28921.17,-3927.783051731373,26673.950264,44677.886899,2702930000000.0,20533100000000.0,1966.254552,62499.87444,78790170929.0,5.22651257350637,2.492032470218053,2.734480103288317,1.52348742649363,-0.302032470218053,1.825519896711683,0.8281539519794157,4.8038421582925706,-3.975688206313155,6.710168309601472,-18003.936635,8.775815671102741,40.90658378612808,-2.627065689316912,2.914991173615299,-7.204159855031822,13.138985588482566,-8440.199999999953
2018-11-01,252.594,2.2,116.413,18.07,3.12,64.74818181818182,4097170.0,6.75,115.5244,6.75,71.85424,99.71367366,96.08474504,393718.0,-17751.9366590634,5980.89,832.3642418317972,26071.56472,43655.186161,2702930000000.0,20533100000000.0,1966.254552,62499.87444,78790170929.0,4.8610770724977215,2.147328577667773,2.7137484948299484,1.8889229275022783,0.0526714223322271,1.8362515051700512,0.8281539519794157,4.8038421582925706,-3.975688206313155,6.689436701143103,-17583.621441,9.018813905591216,3.2434352146465617,-2.627065689316912,2.914991173615299,-7.692123988868538,10.779137626438406,1633.0999999999767
2018-12-01,252.767,2.27,115.5674,25.42,2.83,57.36235294117647,4075636.0,6.75,115.1419,6.75,70.73107,100.6870795,97.48214558,395591.1,-17751.9366590634,3143.21999999999,444.3902799717281,27858.291132,42351.016666,2702930000000.0,20533100000000.0,1966.254552,62499.87444,78790170929.0,5.244785606363234,2.0023809043401064,3.2424047020231272,1.5052143936367663,0.2676190956598936,1.2375952979768727,0.8281539519794157,4.8038421582925706,-3.975688206313155,7.218092908336282,-14492.725534000005,9.340769859666349,-10.891610998090673,-2.627065689316912,2.914991173615299,-8.385498619815312,10.100429125224618,1873.0999999999767
2019-01-01,252.561,2.4,113.5504,16.57,2.71,59.40954545454545,4039678.0,6.75,117.437,6.75,70.73287,99.68380247,96.88035915,400190.2,-4647.4476414917,-4262.01,-602.5501298052801,26407.364294,41455.209687,2835610000000.0,21381000000000.0,2041.428637,64746.45068,83332078002.0,6.597137125688724,1.4875893578291333,5.10954776785959,0.1528628743112765,0.9124106421708666,-0.7595477678595901,3.823212255174968,3.5945292052653954,0.2286830499095726,4.8808647179500175,-15047.845393000003,9.653556284519198,-13.99552543265119,-0.6555834746656557,2.9387707760235013,-8.588542108627639,11.150716015393591,4599.100000000035
2019-02-01,253.319,2.4,114.1991,14.78,2.68,63.9605,3974590.0,6.5625,117.437,6.5,71.221768,98.71113003,96.06862942,402362.5,-4647.4476414917,17219.62,2417.746776519224,26862.075442,36591.126743,2835610000000.0,21381000000000.0,2041.428637,64746.45068,83332078002.0,6.968622707366312,1.5188615351321877,5.449761172234124,-0.468622707366312,0.8811384648678122,-1.3497611722341245,3.823212255174968,3.5945292052653954,0.2286830499095726,5.221078122324552,-9729.051301,10.996176827951142,-2.0775443028284823,-0.6555834746656557,2.9387707760235013,-9.532728744769711,10.637749744306069,2172.2999999999884
2019-03-01,254.277,2.41,115.1371,13.71,2.57,66.13857142857144,3955617.0,6.5,118.2021,6.5,69.47865,101.4173969,98.73083816,412870.87,-4647.4476414917,33980.56,4890.791631673902,32725.186271,43690.4449,2835610000000.0,21381000000000.0,2041.428637,64746.45068,83332078002.0,7.665521412488241,1.8831863513063984,5.7823350611818425,-1.165521412488241,0.5268136486936017,-1.6923350611818426,3.823212255174968,3.5945292052653954,0.2286830499095726,5.55365201127227,-10965.258629000004,9.449912239277744,0.18465755400873807,-0.6555834746656557,2.9387707760235013,-9.939920741278051,6.855165835580412,10508.369999999995
2019-04-01,255.233,2.42,115.3281,13.12,2.53,71.23333333333333,3928273.0,6.25,119.3497,6.25,69.42741,101.8318838,98.97730289,418793.1,-15004.4949081796,21193.45,3052.605591941281,26037.651825,42387.256496,2835610000000.0,21381000000000.0,2041.428637,64746.45068,83332078002.0,8.333287948515466,2.000583470209061,6.332704478306405,-2.0832879485154656,0.4194165297909391,-2.5027044783064047,3.823212255174968,3.5945292052653954,0.2286830499095726,6.104021428396832,-16349.604671,9.880165281268454,-1.2102552723305626,-2.116580899091145,2.9387707760235013,-10.167495791109117,5.775854385565316,5922.229999999981
2019-05-01,255.296,2.39,116.7273,18.71,2.4,71.31772727272727,3851444.0,6.25,120.1148,6.25,69.77312,102.3821473,99.26390344,421867.8,-15004.4949081796,7919.73,1135.0689205241213,29849.709402,46683.354924,2835610000000.0,21381000000000.0,2041.428637,64746.45068,83332078002.0,8.650538436837119,1.7959105553606136,6.854627881476505,-2.4005384368371185,0.5940894446393865,-2.994627881476505,3.823212255174968,3.5945292052653954,0.2286830499095726,6.625944831566932,-16833.645522,9.036792678820882,-7.349780218297008,-2.116580899091145,2.9387707760235013,-11.001107100858489,3.307345524150662,3074.700000000012
2019-06-01,255.213,2.38,114.5821,15.08,2.07,64.2205,3826817.0,6.0,120.8798,6.0,69.43886,103.0862696,99.4450684,429837.1,-15004.4949081796,2595.52,373.7849382895975,25027.345537,41032.494584,2835610000000.0,21381000000000.0,2041.428637,64746.45068,83332078002.0,8.591089371297155,1.671194894390049,6.919894476907106,-2.591089371297155,0.7088051056099509,-3.299894476907106,3.823212255174968,3.5945292052653954,0.2286830499095726,6.691211426997533,-16005.149047,10.47552931786917,-13.687647999999985,-2.116580899091145,2.9387707760235013,-11.11775637203748,2.4276670167024506,7969.299999999988
2019-07-01,255.802,2.4,115.4946,16.12,2.06,63.9191304347826,3779102.0,6.0,122.0274,6.0,68.8083,104.6668946,100.1411608,428820.24,-7579.48443585215,-12418.73,-1804.8302312366384,26231.643087,40430.648303,2835610000000.0,21381000000000.0,2041.428637,64746.45068,83332078002.0,5.980012488937558,1.826331335037068,4.15368115390049,0.0199875110624416,0.5736686649629319,-0.5536811539004903,3.823212255174968,3.5945292052653954,0.2286830499095726,3.9249981039909176,-14199.005216,10.60631619820405,-13.918371833494492,-1.0691857393438662,2.9387707760235013,-11.655357190028893,0.1673233046105338,-1016.859999999986
2019-08-01,256.036,2.13,118.1575,18.98,1.63,59.041818181818186,3759946.0,5.72,122.4099,5.65,71.1457,102.4718522,97.85006008,428349.29,-7579.48443585215,-17592.28,-2472.7116326074515,25987.936959,39852.083073,2835610000000.0,21381000000000.0,2041.428637,64746.45068,83332078002.0,6.3122112801681896,1.7376412106666406,4.574570069501549,-0.6622112801681892,0.3923587893333593,-1.0545700695015483,3.823212255174968,3.5945292052653954,0.2286830499095726,4.345887019591976,-13864.146114000005,10.748479300702073,-18.594741589076623,-1.0691857393438662,2.9387707760235013,-10.878818577482264,2.2994539912930323,-470.9500000000117
2019-09-01,256.43,2.04,117.9461,16.24,1.7,62.826666666666675,3857715.0,5.65,123.175,5.65,71.33366,102.7700241,97.78532536,433707.15,-7579.48443585215,7547.89,1058.1105750076474,26013.728169,37694.818924,2835610000000.0,21381000000000.0,2041.428637,64746.45068,83332078002.0,6.976695711986669,1.6844977040391562,5.292198007947513,-1.3266957119866687,0.3555022959608438,-1.6821980079475125,3.823212255174968,3.5945292052653954,0.2286830499095726,5.06351495803794,-11681.090754999996,11.50574965950724,-20.362694519442414,-1.0691857393438662,2.9387707760235013,-7.994306578082188,-1.2208219645482354,5357.860000000044
2019-10-01,257.155,1.83,115.9125,13.22,1.71,59.71304347826087,4019823.0,5.4,124.3226,5.4,71.03945,103.7131004,98.05696167,445113.031,-2629.97744411774,12367.99,1741.0030623829434,26212.38913,37986.365411,2835610000000.0,21381000000000.0,2041.428637,64746.45068,83332078002.0,7.61588028156821,1.7339736996186297,5.881906581949581,-2.21588028156821,0.0960263003813706,-2.3119065819495805,3.823212255174968,3.5945292052653954,0.2286830499095726,5.653223532040008,-11773.976281,11.717705186690624,-26.309463766405184,-0.3709928296370432,2.9387707760235013,-2.8965167060371777,-3.5213486472648547,11405.880999999994
2019-11-01,257.879,1.55,117.1204,12.62,1.81,63.21190476190476,4052875.0,5.4,125.4702,5.4,71.4517,103.8286179,97.28237189,451258.56,-2629.97744411774,25230.63,3531.144815308803,25744.491675,38523.244936,2835610000000.0,21381000000000.0,2041.428637,64746.45068,83332078002.0,8.609263497581466,2.092290394862917,6.516973102718549,-3.209263497581466,-0.5422903948629167,-2.666973102718549,3.823212255174968,3.5945292052653954,0.2286830499095726,6.288290052808977,-12778.753261000002,11.713929103056904,-2.372695283693138,-0.3709928296370432,2.9387707760235013,-1.0811120846828448,-0.5602174624628975,6145.52899999998
2019-12-01,258.63,1.55,114.669,13.78,1.86,67.21714285714286,4165591.0,5.4,126.2353,5.4,71.1926,104.9795028,97.42740798,459863.19,-2629.97744411774,7338.4,1030.7812890665602,27096.050954,39594.104767,2835610000000.0,21381000000000.0,2041.428637,64746.45068,83332078002.0,9.634546589903415,2.3195274699624457,7.3150191199409695,-4.234546589903415,-0.7695274699624457,-3.465019119940969,3.823212255174968,3.5945292052653954,0.2286830499095726,7.086336070031397,-12498.053813,11.614435853674772,17.179891358487698,-0.3709928296370432,2.9387707760235013,2.2071401862187923,0.6525138104089168,8604.630000000005
2020-01-01,259.127,1.55,115.7345,18.84,1.76,63.64545454545455,4151630.0,5.4,126.2353,5.4,71.31378,104.0760112,96.91339632,471299.58,557.68612088816,12122.58,1699.8930641455272,25853.303508,41149.495366,2674850000000.0,21060500000000.0,1907.042516,63515.94918,83149172934.0,7.491931844308008,2.599767976845202,4.892163867462807,-2.091931844308008,-1.049767976845202,-1.0421638674628062,-6.582944834039772,-1.9004925939208217,-4.68245224011895,9.574616107581758,-15296.191858000002,11.453350176182571,7.130014307465138,0.0833969936090861,3.1085546080714805,2.7713099905487537,0.8212730516943267,11436.390000000014
2020-02-01,259.25,1.58,117.6568,40.11,1.5,55.657000000000004,4158637.0,5.4,125.4702,5.4,71.48852,103.7744902,97.57017605,481256.13,557.68612088816,1819.83,254.56255074241287,27742.764606,37904.473,2674850000000.0,21060500000000.0,1907.042516,63515.94918,83149172934.0,6.840433594182427,2.34131667975952,4.499116914422907,-1.4404335941824264,-0.7613166797595197,-0.6791169144229068,-6.582944834039772,-1.9004925939208217,-4.68245224011895,9.181569154541858,-10161.708393999996,12.696552462291192,-12.982231220831608,0.0833969936090861,3.1085546080714805,4.630590828236381,0.3745371780155659,9956.549999999988
2020-03-01,258.076,0.65,122.5301,53.54,0.87,32.01136363636363,5254278.0,5.2125,124.7051,4.65,74.3507,101.0429696,95.24783002,477806.78,557.68612088816,-61972.75,-8335.193885195431,21490.667493,31470.916906,2674850000000.0,21060500000000.0,1907.042516,63515.94918,83149172934.0,5.501594303316093,1.4940399642909163,4.007554339025177,-0.8515943033160926,-0.8440399642909163,-0.0075543390251763,-6.582944834039772,-1.9004925939208217,-4.68245224011895,8.690006579144127,-9980.249412999998,15.182486783818652,-51.59955386859939,0.0833969936090861,3.1085546080714805,32.830807431558725,7.012298022486041,-3449.3499999999767
2020-04-01,256.032,0.05,122.327,34.15,0.66,18.3785,6655929.0,4.65,125.8527,4.65,76.236488,102.4142391,93.99279185,481077.57,19057.9485934472,-6883.57,-902.9232826150125,10173.264466,17085.777269,2674850000000.0,21060500000000.0,1907.042516,63515.94918,83149172934.0,5.448694047827529,0.3130472940411133,5.135646753786416,-0.7986940478275288,-0.2630472940411133,-0.5356467537864156,-6.582944834039772,-1.9004925939208217,-4.68245224011895,9.818098993905366,-6912.512802999998,28.156610169140794,-74.19957884885353,2.849946515647188,3.1085546080714805,69.43651828678914,9.80747805513702,3270.789999999979
2020-05-01,255.802,0.05,120.9458,27.51,0.67,29.378947368421056,7097316.0,4.49,126.2353,4.25,75.65988,102.6470169,94.39714719,493559.53,19057.9485934472,14568.77,1925.5608124147168,19246.54352,22859.868291,2674850000000.0,21060500000000.0,1907.042516,63515.94918,83149172934.0,5.09554193155215,0.1982013035848551,4.897340627967295,-0.84554193155215,-0.1482013035848551,-0.6973406279672949,-6.582944834039772,-1.9004925939208217,-4.68245224011895,9.579792868086244,-3613.324771,21.5906550167796,-58.80554738365043,2.849946515647188,3.1085546080714805,84.27675438095426,8.437002673809047,12481.96000000002
2020-06-01,257.042,0.08,120.4649,30.43,0.73,40.26681818181818,7082302.0,4.25,127.0003,4.25,75.72684,101.5053325,93.09388076,505701.5,19057.9485934472,21831.62,2882.943484767092,22033.154907,21323.55235,2674850000000.0,21060500000000.0,1907.042516,63515.94918,83149172934.0,5.063294280764863,0.7166562831830481,4.346637997581815,-0.8132942807648629,-0.6366562831830481,-0.1766379975818147,-6.582944834039772,-1.9004925939208217,-4.68245224011895,9.029090237700764,709.6025569999983,23.71563104024738,-37.29912071407389,2.849946515647188,3.1085546080714805,85.07030777797841,9.0554194006065,12141.969999999972
2020-07-01,258.352,0.09,117.2082,24.46,0.62,43.24217391304348,6949032.0,4.25,128.5304,4.25,74.99339,103.2270672,93.67685168,534567.86,15250.1933466206,7562.71,1008.4502114119658,23782.4052,29116.06252,2674850000000.0,21060500000000.0,1907.042516,63515.94918,83149172934.0,5.329130998447873,0.9968647625897996,4.332266235858073,-1.079130998447873,-0.9068647625897998,-0.1722662358580732,-6.582944834039772,-1.9004925939208217,-4.68245224011895,9.014718475977023,-5333.657319999998,18.359895320076404,-32.34861985933312,2.280530623641789,3.1085546080714805,83.88050917916479,8.98887198201379,28866.359999999982
2020-08-01,259.316,0.1,115.7586,26.41,0.65,44.736000000000004,6990418.0,4.25,129.2955,4.25,74.67192,103.0570661,93.47224505,542880.84,15250.1933466206,47079.65,6304.866675451763,22829.285673,31034.005771,2674850000000.0,21060500000000.0,1907.042516,63515.94918,83149172934.0,5.625035229993669,1.2810698495523851,4.343965380441284,-1.375035229993669,-1.1810698495523853,-0.1939653804412837,-6.582944834039772,-1.9004925939208217,-4.68245224011895,9.026417620560236,-8204.720098000002,17.493095928573286,-24.229975672096813,2.280530623641789,3.1085546080714805,85.9180424399712,4.956336082152535,8312.979999999981
2020-09-01,259.997,0.09,116.946,26.37,0.68,40.90954545454545,7056129.0,4.25,130.1179,4.25,73.481741,105.5668841,94.82038016,544687.33,15250.1933466206,-7782.53,-1059.1107252072322,27559.04433,30518.34989,2674850000000.0,21060500000000.0,1907.042516,63515.94918,83149172934.0,5.636614572762322,1.3910228912373812,4.245591681524941,-1.3866145727623218,-1.3010228912373811,-0.0855916815249406,-6.582944834039772,-1.9004925939208217,-4.68245224011895,8.92804392164389,-2959.3055600000007,17.847863071341173,-34.88506135206052,2.280530623641789,3.1085546080714805,82.90954619509216,3.011314714540103,1806.4899999999907
2020-10-01,260.319,0.09,116.1354,38.02,0.79,40.18954545454546,7146306.0,4.25,131.6603,4.25,73.45811,106.3671939,94.68156085,560190.51,-2234.57407667465,19540.73,2660.1188078484456,24920.41079,34073.83709,2674850000000.0,21060500000000.0,1907.042516,63515.94918,83149172934.0,5.902144903661943,1.2303863428671624,4.671758560794781,-1.652144903661943,-1.1403863428671623,-0.5117585607947808,-6.582944834039772,-1.9004925939208217,-4.68245224011895,9.35421080091373,-9153.4263,16.440488006101457,-32.69553331479936,-0.3341606559881339,3.1085546080714805,77.77663344878619,3.40467162963678,15503.180000000051
2020-11-01,260.911,0.09,113.2256,20.57,0.87,42.69238095238095,7216480.0,4.25,132.101,4.25,74.21979,104.8518559,93.00708638,574820.835,-2234.57407667465,60357.67,8132.2878978773715,23619.94784,33812.29273,2674850000000.0,21060500000000.0,1907.042516,63515.94918,83149172934.0,5.28476084361067,1.1757452138405844,4.109015629770085,-1.0347608436106697,-1.0857452138405843,0.0509843702299146,-6.582944834039772,-1.9004925939208217,-4.68245224011895,8.791467869889036,-10192.34489,17.000350718305164,-32.46148630833553,-0.3341606559881339,3.1085546080714805,78.05829195324307,3.874071575623805,14630.324999999952
2020-12-01,262.045,0.09,111.3169,22.75,0.93,49.99363636363637,7363351.0,4.25,130.8891,4.25,73.59365,103.3003957,92.95346334,585770.63,-2234.57407667465,62015.68,8426.770516206223,27216.29376,42934.5448,2674850000000.0,21060500000000.0,1907.042516,63515.94918,83149172934.0,3.686607470335179,1.3204191315779434,2.366188338757236,0.5633925296648208,-1.2304191315779434,1.793811661242764,-6.582944834039772,-1.9004925939208217,-4.68245224011895,7.048640578876186,-15718.251040000005,13.64334087454911,-25.623681342885618,-0.3341606559881339,3.1085546080714805,76.76605792551405,3.3726117602110195,10949.795000000042
2021-01-01,262.687,0.09,111.9511,33.09,1.08,54.774,7404926.0,4.25,130.22799999999998,4.25,73.109395,102.9834764,93.70801111,590321.45,-8161.24078888493,19472.5099999999,2663.4757407033526,27538.27805,42030.07094,3167270000000.0,23315100000000.0,2239.613844,70205.05092,89375152218.0,3.162902928103306,1.3738437137002402,1.789059214403066,1.087097071896694,-1.28384371370024,2.370940785596934,17.439114503727193,10.531373342219164,6.90774116150803,-5.118681947104964,-14491.792889999995,14.045216598437651,-13.938865876303385,-1.030697198392929,2.821835593997354,78.3618964117708,2.517907478750958,4550.819999999949
2021-02-01,263.579,0.08,112.8306,27.95,1.26,62.2765,7590111.0,4.25,131.1094,4.25,72.75646,103.4846879,94.23164524,584554.23,-8161.24078888493,25786.7599999999,3544.2571010189195,27633.25189,40748.65307,3167270000000.0,23315100000000.0,2239.613844,70205.05092,89375152218.0,4.494453663100861,1.6698167791706853,2.824636883930176,-0.2444536631008613,-1.5898167791706852,1.3453631160698238,17.439114503727193,10.531373342219164,6.90774116150803,-4.083104277577854,-13115.40118,14.345363244174589,11.893382683220421,-1.030697198392929,2.821835593997354,82.51439113344108,1.7736274299705812,-5767.219999999972
2021-03-01,264.961,0.07,113.8234,19.4,1.61,65.41,7688988.0,4.25,131.7705,4.25,72.7928,103.9536008,95.00882374,576983.89,-8161.24078888493,10481.9599999999,1439.9720851512652,35256.60211,48898.86342,3167270000000.0,23315100000000.0,2239.613844,70205.05092,89375152218.0,5.66568648756145,2.6678187820641908,2.997867705497259,-1.41568648756145,-2.597818782064191,1.1821322945027408,17.439114503727193,10.531373342219164,6.90774116150803,-3.90987345601077,-13642.261310000002,11.799535810151555,104.33368832090876,-1.030697198392929,2.821835593997354,46.33766999005382,-2.0953400573229364,-7570.339999999967
2021-04-01,266.614,0.07,112.0839,18.61,1.64,64.8065,7780962.0,4.25,132.3214,4.25,74.472212,102.2146729,92.26369311,588020.4,6559.31664320559,-9659.14,-1297.0126360688737,30750.582034,46044.07977,3167270000000.0,23315100000000.0,2239.613844,70205.05092,89375152218.0,5.139897674026872,4.133077115360573,1.0068205586662993,-0.889897674026872,-4.0630771153605725,3.1731794413337004,17.439114503727193,10.531373342219164,6.90774116150803,-5.9009206028417305,-15293.497735999998,12.77081446599188,252.62126941807006,0.8283874305891938,2.821835593997354,16.902719364945142,-2.3142146841811484,11036.51000000001
2021-05-01,268.383,0.06,110.7576,16.76,1.62,68.53421052631579,7903541.0,4.25,132.8723,4.25,73.26774,104.7702598,93.24513746,598877.06,6559.31664320559,-2954.34,-403.2252120783308,32298.976908,38834.637905,3167270000000.0,23315100000000.0,2239.613844,70205.05092,89375152218.0,5.257641879886221,4.918257089467626,0.3393847904185954,-1.0076418798862212,-4.858257089467626,3.850615209581405,17.439114503727193,10.531373342219164,6.90774116150803,-6.568356371089434,-6535.660997000003,15.421208805011002,133.27660336796842,0.8283874305891938,2.821835593997354,11.359575929830369,-3.1617020804156626,10856.660000000033
2021-06-01,270.654,0.08,112.5533,15.83,1.52,73.1640909090909,8078544.0,4.25,134.0842,4.25,73.55826,104.7942816,93.0319616,611074.97,6559.31664320559,17215.0099999999,2340.32316696995,32492.996104,42098.264095,3167270000000.0,23315100000000.0,2239.613844,70205.05092,89375152218.0,5.577860839698823,5.295632620349999,0.2822282193488235,-1.3278608396988227,-5.215632620349999,3.887771780651177,17.439114503727193,10.531373342219164,6.90774116150803,-6.625512942159206,-9605.267990999995,14.51544340690706,81.69821757142695,0.8283874305891938,2.821835593997354,14.066641044112483,-2.863687432355544,12197.909999999916
2021-07-01,271.903,0.1,112.6714,18.24,1.32,75.1659090909091,8221473.0,4.25,135.2961,4.25,74.52697,104.879404,92.62957035,620061.63,-9733.88522441173,-11308.36,-1517.3513695780198,35512.816497,46146.973137,3167270000000.0,23315100000000.0,2239.613844,70205.05092,89375152218.0,5.263890877177713,5.245169381309234,0.0187214958684789,-1.0138908771777126,-5.145169381309234,4.131278504131521,17.439114503727193,10.531373342219164,6.90774116150803,-6.889019665639551,-10634.15664,13.436669576554376,73.82546317412641,-1.229309181018572,2.821835593997354,18.31105397125816,-0.6219481476967492,8986.660000000033
2021-08-01,272.676,0.09,113.1076,16.48,1.28,70.74714285714286,8332743.0,4.25,135.5165,4.25,74.18459,105.2338976,93.19039782,640703.2,-9733.88522441173,2082.94,280.7779890675409,33380.732323,45092.863104,3167270000000.0,23315100000000.0,2239.613844,70205.05092,89375152218.0,4.811459022162423,5.152015301793966,-0.3405562796315431,-0.5614590221624232,-5.062015301793966,4.500556279631543,17.439114503727193,10.531373342219164,6.90774116150803,-7.248297441139573,-11712.130781,14.208527822292258,58.14364909053751,-1.229309181018572,2.821835593997354,19.20235671171595,-0.652628190088056,20641.56999999995
2021-09-01,273.91,0.08,114.6403,23.14,1.37,74.48863636363636,8447981.0,4.25,135.847,4.25,73.56341,106.0359342,93.92206188,635362.77,-9733.88522441173,13153.69,1788.0750769981978,33814.611805,56286.422959,3167270000000.0,23315100000000.0,2239.613844,70205.05092,89375152218.0,4.403006811514798,5.351215590949132,-0.948208779434334,-0.153006811514798,-5.271215590949132,5.118208779434334,17.439114503727193,10.531373342219164,6.90774116150803,-7.855949940942364,-22471.811154000003,11.288028917076666,82.08131020766436,-1.229309181018572,2.821835593997354,19.725433024254517,0.1111418957806309,-5340.429999999935
2021-10-01,276.55,0.08,114.1349,16.26,1.58,83.53809523809524,8556181.0,4.25,137.6098,4.25,74.91528,105.697097,93.00139661,640393.95,-22166.6126604523,-13549.67,-1808.6657354814668,35727.72671,53638.245923,3167270000000.0,23315100000000.0,2239.613844,70205.05092,89375152218.0,4.518826100198758,6.235042390298062,-1.716216290099304,-0.2688261001987584,-6.155042390298062,5.886216290099304,17.439114503727193,10.531373342219164,6.90774116150803,-8.623957451607334,-17910.519213,11.93912923475001,107.86026389021286,-2.799459807399092,2.821835593997354,19.72872418281557,1.9836747773662955,5031.179999999935
2021-11-01,278.919,0.08,116.2071,27.19,1.56,81.05,8681771.0,4.25,138.4912,4.25,74.49651,106.4656571,93.49570326,637996.74,-22166.6126604523,-5945.1,-798.0373845700959,31795.049666,53025.06888,3167270000000.0,23315100000000.0,2239.613844,70205.05092,89375152218.0,4.837359293268029,6.901970403700863,-2.064611110432834,-0.5873592932680287,-6.821970403700863,6.234611110432835,17.439114503727193,10.531373342219164,6.90774116150803,-8.972352271940863,-21230.019214,12.031983238792918,89.84652106989091,-2.799459807399092,2.821835593997354,20.304788484136303,0.372838565024236,-2397.2099999999627
2021-12-01,280.845,0.08,115.283,17.22,1.47,74.1704761904762,8757460.0,4.25,138.1607,4.25,75.37252,105.0581811,92.94750029,633614.31,-22166.6126604523,-19026.06,-2524.270118605561,39270.202467,60329.774619,3167270000000.0,23315100000000.0,2239.613844,70205.05092,89375152218.0,5.555542822129556,7.174340285065539,-1.6187974629359836,-1.3055428221295555,-7.094340285065539,5.788797462935984,17.439114503727193,10.531373342219164,6.90774116150803,-8.526538624444013,-21059.572152,10.502514123440008,48.35983454171222,-2.799459807399092,2.821835593997354,18.933078159658567,2.41715147978121,-4382.429999999935
2022-01-01,282.543,0.08,115.566,24.83,1.76,86.50523809523808,8860485.0,4.25,137.8302,4.25,74.4416,105.36,93.94013787,629946.53,-13424.3833675611,-33303.45,-4473.768699221941,35233.005675,52566.769849,3346110000000.0,25604800000000.0,2347.448294,76657.24888,111222000000.0,5.837607887704643,7.558805726967832,-1.7211978392631888,-1.5876078877046431,-7.478805726967832,5.891197839263189,4.814867986679583,9.190503924500248,-4.3756359378206655,2.6544380985574767,-17333.764173999996,11.983740522949097,57.93120475999211,-1.6047749019083175,3.323919416875118,19.65663127491077,1.8222076656495112,-3667.780000000028
2022-02-01,284.5,0.08,115.2224,30.15,1.93,97.12899999999999,8928129.0,4.25,137.72,4.25,75.00313,104.0964417,93.16422698,631863.15,-13424.3833675611,-35591.98,-4745.399292002881,37153.986672,55898.387362,3346110000000.0,25604800000000.0,2347.448294,76657.24888,111222000000.0,5.042048853857928,7.937278766517819,-2.895229912659892,-0.7920488538579278,-7.857278766517819,7.065229912659891,4.814867986679583,9.190503924500248,-4.3756359378206655,1.4804060251607742,-18744.40069,11.303781375803046,55.964127720729316,-1.6047749019083175,3.323919416875118,17.628437844980137,3.0879319856958354,1916.619999999996
2022-03-01,287.674,0.2,115.2218,20.56,2.13,117.24521739130434,8937142.0,4.25,138.8218,4.25,76.24447,103.3416425,92.74069685,607309.13,-13424.3833675611,-41123.14,-5393.589856418439,44573.710745,63090.562692,3346110000000.0,25604800000000.0,2347.448294,76657.24888,111222000000.0,5.351197726349977,8.572204966013853,-3.2210072396638765,-1.1011977263499766,-8.372204966013854,7.271007239663877,4.814867986679583,9.190503924500248,-4.3756359378206655,1.154628698156789,-18516.851947000003,9.62599007025512,79.2466249675957,-1.6047749019083175,3.323919416875118,16.23300751672392,4.74177391170556,-24554.02000000002
2022-04-01,288.561,0.33,119.4933,33.4,2.75,104.57526315789474,8939199.0,4.25,140.6947,4.25,76.16783,105.0322459,93.09912036,596673.03,-17964.3277001369,-17143.75,-2250.7861914931805,39698.170067,58057.696892,3346110000000.0,25604800000000.0,2347.448294,76657.24888,111222000000.0,6.328001366370062,8.231750770777225,-1.9037494044071632,-2.078001366370062,-7.901750770777225,5.823749404407163,4.814867986679583,9.190503924500248,-4.3756359378206655,2.4718865334135023,-18359.526825,10.277242500851218,61.36539260397451,-2.1474880025028344,3.323919416875118,14.885524437723774,2.276846563923729,-10636.099999999977
2022-05-01,291.298,0.77,118.0704,26.19,2.9,113.33761904761906,8914281.0,4.65,142.127,4.65,77.31928,105.3493913,93.10375369,603203.08,-17964.3277001369,-39993.22,-5172.477032895288,39003.616619,61126.440218,3346110000000.0,25604800000000.0,2347.448294,76657.24888,111222000000.0,6.965108604276438,8.538171195642065,-1.5730625913656269,-2.3151086042764373,-7.768171195642065,5.453062591365628,4.814867986679583,9.190503924500248,-4.3756359378206655,2.802573346455038,-22122.823599000003,9.868120535872032,65.37378657641301,-2.1474880025028344,3.323919416875118,12.78844507797201,5.529773403683524,6530.04999999993
2022-06-01,294.957,1.21,120.9652,28.71,3.14,122.71095238095238,8913553.0,5.025,142.3474,5.15,78.07458,104.239494,92.36951903,589154.57,-17964.3277001369,-50202.81,-6430.109518360521,42279.520977,64352.758296,3346110000000.0,25604800000000.0,2347.448294,76657.24888,111222000000.0,6.162694784322076,8.979361103105798,-2.816666318783722,-1.0126947843220755,-7.7693611031057985,6.756666318783723,4.814867986679583,9.190503924500248,-4.3756359378206655,1.5589696190369429,-22073.237319,9.155078750317069,67.72019013183024,-2.1474880025028344,3.323919416875118,10.336132352562544,6.139786340786202,-14048.51000000001
2022-07-01,294.913,1.68,121.7678,21.33,2.9,111.92571428571429,8890004.0,5.15,143.1186,5.15,79.60155,103.7234223,91.828985,574251.62,-30902.378298095,4988.79,626.7202083376517,38335.803897,63771.393877,3346110000000.0,25604800000000.0,2347.448294,76657.24888,111222000000.0,5.7817631106883205,8.462576727730099,-2.6808136170417782,-0.6317631106883201,-6.782576727730099,6.150813617041779,4.814867986679583,9.190503924500248,-4.3756359378206655,1.6948223207788873,-25435.589980000004,9.00484661049743,48.904890048421024,-3.694125811535784,3.323919416875118,8.131523390029983,6.809051810371458,-14902.949999999952
2022-08-01,295.097,2.33,123.535,25.87,2.9,100.44636363636364,8826093.0,5.65,143.4492,5.65,79.55505,104.0068009,92.02070523,560377.59,-30902.378298095,51204.42,6436.350677926794,37017.740035,61879.149607,3346110000000.0,25604800000000.0,2347.448294,76657.24888,111222000000.0,5.853678334372559,8.222579178218826,-2.3689008438462675,-0.2036783343725581,-5.892579178218826,5.688900843846268,4.814867986679583,9.190503924500248,-4.3756359378206655,2.006735093974398,-24861.409572,9.05600018033551,41.97939249531439,-3.694125811535784,3.323919416875118,5.9206194166794734,7.239320187656206,-13874.030000000028
2022-09-01,296.349,2.56,127.5148,31.62,3.52,89.7647619047619,8795567.0,5.75,144.6611,5.75,80.23155,104.9153884,92.80928014,532663.72,-30902.378298095,-7623.66,-950.2072439084128,35390.796762,63372.111706,3346110000000.0,25604800000000.0,2347.448294,76657.24888,111222000000.0,6.488255169418533,8.192106896425821,-1.7038517270072884,-0.7382551694185331,-5.632106896425821,4.893851727007288,4.814867986679583,9.190503924500248,-4.3756359378206655,2.671784210813377,-27981.314944000005,8.405333287158994,20.507994624241753,-3.694125811535784,3.323919416875118,4.114426867200582,9.064479202364328,-27713.869999999995
2022-10-01,298.007,3.08,127.6219,25.88,3.98,93.33190476190477,8723090.0,6.15,145.9832,6.15,82.340117,104.1563771,91.66218994,534022.04,-16832.1016199737,-8.29,-1.006799638139936,31601.791937,57910.497047,3346110000000.0,25604800000000.0,2347.448294,76657.24888,111222000000.0,6.084886396172373,7.758813957693,-1.6739275615206273,0.0651136038276272,-4.678813957693,4.743927561520628,4.814867986679583,9.190503924500248,-4.3756359378206655,2.7017083763000382,-26308.705109999995,9.221506760105845,11.723764464458775,-2.012139663068303,3.323919416875118,1.9507418087578945,9.91097810753696,1358.3200000000652
2022-11-01,298.786,3.78,123.5175,20.58,3.89,91.41545454545455,8584576.0,6.15,145.9832,6.15,81.81052,103.5273779,91.39499599,553169.65,-16832.1016199737,36238.66,4429.584361522211,34887.098742,56951.410746,3346110000000.0,25604800000000.0,2347.448294,76657.24888,111222000000.0,5.409730004505708,7.122856456533988,-1.7131264520282796,0.740269995494292,-3.342856456533988,4.08312645202828,4.814867986679583,9.190503924500248,-4.3756359378206655,2.662509485792386,-22064.312004,9.71301049006678,12.788963041893343,-2.012139663068303,3.323919416875118,-1.119529644354822,9.817923014111663,19147.609999999982
2022-12-01,298.832,4.1,121.4256,21.67,3.62,80.924,8551169.0,6.43,145.7628,6.43,82.46421,100.3921038,89.26633956,562720.56,-16832.1016199737,11118.99,1348.3412986069957,38084.560544,61218.764185,3346110000000.0,25604800000000.0,2347.448294,76657.24888,111222000000.0,5.5023606568293415,6.404600402357152,-0.9022397455278108,0.9276393431706582,-2.3046004023571527,3.232239745527811,4.814867986679583,9.190503924500248,-4.3756359378206655,3.4733961922928547,-23134.203641,9.191962096776196,9.105407105895047,-2.012139663068303,3.323919416875118,-2.3556031086639284,9.408853518497184,9550.910000000033
2023-01-01,300.42,4.33,118.9802,19.4,3.53,82.50142857142858,8470557.0,6.5,146.3137,6.5,81.89959,100.2387842,89.06486681,574416.43,-1355.97761895583,-28852.02,-3522.8528006062056,35799.376703,52826.378309,3638490000000.0,27292200000000.0,2530.120313,81032.26212,119526000000.0,6.155037139901132,6.327178517960097,-0.1721413780589653,0.3449628600988683,-1.997178517960097,2.3421413780589653,7.781727055156185,5.707240090038557,2.074486965117628,-2.246628343176593,-17027.001605999998,10.873666686745722,-4.628401252883096,-0.1490703691867593,3.2850440704797865,-4.400752329020364,10.018578321798577,11695.869999999995
2023-02-01,301.45,4.57,121.3341,20.7,3.75,82.58500000000001,8382190.0,6.6875,146.2036,6.6875,82.60855,99.38940824,88.45169619,562722.99,-1355.97761895583,-5294.31,-640.8912878872709,37013.698236,53581.4998469999,3638490000000.0,27292200000000.0,2530.120313,81032.26212,119526000000.0,6.160034853325591,5.957820738137087,0.2022141151885037,0.5274651466744089,-1.387820738137087,1.915285884811496,7.781727055156185,5.707240090038557,2.074486965117628,-1.872272849929124,-16567.8016109999,10.502188098631729,-14.97390068877471,-0.1490703691867593,3.2850440704797865,-6.114819801550809,10.140136818290111,-11693.44000000006
2023-03-01,301.821,4.65,119.3602,18.7,3.66,78.43434782608696,8705942.0,6.75,146.8646,6.75,82.28857,100.1112574,89.2806623,578449.15,-1355.97761895583,7935.63,964.3660109781954,41957.821273,60920.796379,3638490000000.0,27292200000000.0,2530.120313,81032.26212,119526000000.0,5.793614547571058,4.917719362889961,0.875895184681097,0.9563854524289424,-0.2677193628899603,1.2241048153189027,7.781727055156185,5.707240090038557,2.074486965117628,-1.198591780436531,-18962.975106,9.495101580769834,-33.10230509077962,-0.1490703691867593,3.2850440704797865,-2.586956769848792,7.927263446122712,15726.160000000033
2023-04-01,302.845,4.83,119.2248,15.78,3.46,84.63833333333334,8562768.0,6.75,147.8562,6.75,82.02078,100.2732391,89.0900767,590097.26,-8963.549144834,11630.82,1418.0333325286592,34618.449645,49051.010857,3638490000000.0,27292200000000.0,2530.120313,81032.26212,119526000000.0,5.090099342761301,4.950079879124369,0.1400194636369311,1.6599006572386994,-0.1200798791243693,1.7799805363630687,7.781727055156185,5.707240090038557,2.074486965117628,-1.934467501480697,-14432.561212,12.03027724994964,-19.06467095804415,-0.9854141849870688,3.2850440704797865,-4.21101487952108,7.684280883412331,11648.109999999986
2023-05-01,303.334,5.06,120.9662,17.94,3.57,75.466,8385854.0,6.75,148.4071,6.75,82.34332,100.8011812,89.18778788,590716.5,-8963.549144834,43838.11,5323.821045835897,34953.430945,57452.915763,3638490000000.0,27292200000000.0,2530.120313,81032.26212,119526000000.0,4.418653739261358,4.131851231385042,0.2868025078763159,2.331346260738642,0.9281487686149577,1.4031974921236845,7.781727055156185,5.707240090038557,2.074486965117628,-1.787684457241312,-22499.484818,10.281749710263178,-33.414870866227766,-0.9854141849870688,3.2850440704797865,-5.927870122110801,6.497784252517613,619.2399999999907
2023-06-01,304.014,5.08,119.3606,13.59,3.75,74.83909090909091,8340914.0,6.75,150.2801,6.75,82.233657,102.9172548,90.32089182,595051.38,-8963.549144834,47148.3399999999,5733.460205959211,34324.887656,53203.063818,3638490000000.0,27292200000000.0,2530.120313,81032.26212,119526000000.0,5.572774774951994,3.070617072997095,2.502157701954899,1.177225225048006,2.009382927002905,-0.8321577019548991,7.781727055156185,5.707240090038557,2.074486965117628,0.4276707368372712,-18878.176162000003,11.184532192273451,-39.01188976452953,-0.9854141849870688,3.2850440704797865,-6.424362989707921,5.327056514425044,4334.880000000005
2023-07-01,304.609,5.12,117.8241,13.63,3.9,80.10809523809523,8243344.0,6.75,153.9159,6.75,82.151943,106.1662636,90.68860788,605810.44,-11284.09279688,46617.76,5674.5778976889205,34489.893621,53145.933926,3638490000000.0,27292200000000.0,2530.120313,81032.26212,119526000000.0,7.54430241771511,3.287749268428297,4.2565531492868125,-0.7943024177151097,1.832250731571703,-2.6265531492868126,7.781727055156185,5.707240090038557,2.074486965117628,2.1820661841691846,-18656.040304999995,11.39899885555734,-28.427443372304772,-1.2405248107737,3.2850440704797865,-7.274012475134994,3.203948918080113,10759.05999999994
2023-08-01,306.082,5.33,120.225,13.57,4.17,86.14772727272727,8121316.0,6.75,153.365,6.75,82.78539,105.4406355,90.85985484,598241.01,-11284.09279688,12262.28,1481.213049790549,38284.776857,62035.807183,3638490000000.0,27292200000000.0,2530.120313,81032.26212,119526000000.0,6.912412198882967,3.722504803505289,3.189907395377678,-0.1624121988829667,1.6074951964947113,-1.769907395377678,7.781727055156185,5.707240090038557,2.074486965117628,1.11542043026005,-23751.030326,9.643479099663251,-14.235096071173226,-1.2405248107737,3.2850440704797865,-7.985152660412709,4.060509043737648,-7569.429999999935
2023-09-01,307.276,5.33,122.3077,17.52,4.38,93.72238095238096,8002064.0,6.75,151.49200000000002,6.75,83.0475,104.1601159,91.29388266,587713.8,-11284.09279688,-14767.5,-1778.199223336043,34407.980367,54225.188794,3638490000000.0,27292200000000.0,2530.120313,81032.26212,119526000000.0,4.722001975652068,3.687206638119256,1.0347953375328125,2.027998024347932,1.6427933618807442,0.3852046624671876,7.781727055156185,5.707240090038557,2.074486965117628,-1.0396916275848156,-19817.208427000005,10.838391033228277,4.40887823199263,-1.2405248107737,3.2850440704797865,-9.021624188639576,3.509778883743375,-10527.209999999965
2023-10-01,307.696,5.33,123.8364,18.14,4.8,90.59590909090909,7907830.0,6.75,152.4836,6.75,83.23534,105.1540388,91.71078674,588461.42,-10430.461467138,-24547.66,-2949.1872082218924,33433.5355,63038.110072,3638490000000.0,27292200000000.0,2530.120313,81032.26212,119526000000.0,4.452841148844522,3.2512659098611785,1.2015752389833434,2.297158851155478,2.0787340901388216,0.2184247610166565,7.781727055156185,5.707240090038557,2.074486965117628,-0.8729117261342845,-29604.574572000005,9.335010509164682,-2.9314688026300995,-1.1466802401147729,3.2850440704797865,-9.346000098588911,1.0872258051321193,747.6199999999953
2023-11-01,308.148,5.33,120.2434,12.92,4.5,82.94,7796145.0,6.75,153.2548,6.75,83.29801,104.7531731,90.80004305,604171.69,-10430.461467138,9000.78,1080.5516242224753,33745.88191,54755.727455,3638490000000.0,27292200000000.0,2530.120313,81032.26212,119526000000.0,4.981121115306397,3.133346274591186,1.8477748407152104,1.7688788846936028,2.196653725408813,-0.4277748407152106,7.781727055156185,5.707240090038557,2.074486965117628,-0.2267121244024172,-21009.845545000004,11.03394508814676,-9.271358532971362,-1.1466802401147729,3.2850440704797865,-9.18427421459138,1.818213598935703,15710.269999999902
2023-12-01,308.741,5.33,118.4208,12.45,4.02,77.63105263157895,7712781.0,6.75,152.9243,6.75,83.2787,103.6058424,90.31475891,622452.29,-10430.461467138,66134.66,7941.365559260652,38391.029217,56914.615874,3638490000000.0,27292200000000.0,2530.120313,81032.26212,119526000000.0,4.913119122300058,3.3159099427102934,1.5972091795897647,1.836880877699942,2.0140900572897067,-0.1772091795897648,7.781727055156185,5.707240090038557,2.074486965117628,-0.4772777855278631,-18523.586657,10.936598278691916,-4.069185122363028,-1.1466802401147729,3.2850440704797865,-9.804367098814204,0.9876890835430308,18280.600000000093
2024-01-01,309.698,5.33,120.4331,14.35,4.06,80.12409090909091,7630124.0,6.75,153.0345,6.75,83.120981,103.6915013,90.70035849,619962.61,4567.237226804,-25743.55,-3097.118163222833,37323.801296,53706.862332,3909890000000.0,28751000000000.0,2694.737809,84534.04078,137675000000.0,4.59341811463998,3.0883429864855705,1.5050751281544097,2.15658188536002,2.2416570135144296,-0.0850751281544095,6.506310990595177,4.321462302032542,2.184848688562635,-0.6797735604082256,-16383.061036,11.543452420801904,-2.8815715115519502,0.4672496900735314,3.52119880610452,-9.92181505891525,1.4913273680613015,-2489.680000000051
2024-02-01,310.967,5.33,121.1824,13.4,4.21,83.47809523809524,7567807.0,6.75,153.365,6.75,82.96364,104.7526758,91.94361257,625164.99,4567.237226804,1538.88,185.48848628146013,41405.624064,59824.060438,3909890000000.0,28751000000000.0,2694.737809,84534.04078,137675000000.0,4.898237799890026,3.157074141648697,1.7411636582413292,1.8517622001099736,2.172925858351303,-0.3211636582413295,6.506310990595177,4.321462302032542,2.184848688562635,-0.4436850303213058,-18418.436374,10.450059481467388,1.081425486583787,0.4672496900735314,3.52119880610452,-9.715635174101278,0.4298465473610235,5202.380000000005
2024-03-01,312.345,5.33,121.0191,13.01,4.21,85.4085,7484739.0,6.75,153.0345,6.75,82.997627777778,104.5792296,92.07202097,646418.85,4567.237226804,35098.32,4228.834117280315,41692.743606,56638.657109,3909890000000.0,28751000000000.0,2694.737809,84534.04078,137675000000.0,4.201080450973227,3.4868349120836584,0.7142455388895685,2.548919549026773,1.8431650879163417,0.7057544611104314,6.506310990595177,4.321462302032542,2.184848688562635,-1.4706031496730665,-14945.913502999996,11.413032776465364,8.891706716777815,0.4672496900735314,3.52119880610452,-14.027235651236824,0.8616722562781121,21253.859999999982
2024-04-01,313.023,5.33,122.9853,15.65,4.54,89.93809523809524,7402434.0,6.75,153.5853,6.75,83.406011111111,104.5280007,91.98692854,640200.68,-4484.468278304,-8671.27,-1039.6456903386008,39802.470777,54488.045592,3909890000000.0,28751000000000.0,2694.737809,84534.04078,137675000000.0,3.8747783319197815,3.3607951262196734,0.5139832057001081,2.8752216680802185,1.9692048737803267,0.9060167942998918,6.506310990595177,4.321462302032542,2.184848688562635,-1.670865482862527,-14685.574815,11.749378658095878,6.261656741147914,-0.4587820402419505,3.52119880610452,-13.55092185143869,1.6888782465992014,-6218.1699999999255
2024-05-01,313.175,5.33,122.098,12.92,4.48,81.74619047619048,7284319.0,6.75,154.1362,6.75,83.39294,104.8459012,91.93970675,651509.98,-4484.468278304,-25586.33,-3068.1650029367,38780.797612,61675.192584,3909890000000.0,28751000000000.0,2694.737809,84534.04078,137675000000.0,3.860394819385316,3.244278584003113,0.6161162353822025,2.8896051806146845,2.085721415996887,0.8038837646177974,6.506310990595177,4.321462302032542,2.184848688562635,-1.5687324531804323,-22894.394971999995,10.563566203910275,8.321880682943949,-0.4587820402419505,3.52119880610452,-13.13563293613268,1.2746874913471815,11309.29999999993
2024-06-01,313.044,5.33,124.2103,12.44,4.31,82.24600000000001,7231163.0,6.75,155.7889,6.75,83.470915789474,106.3006759,92.1094309,651997.26,-4484.468278304,26564.54,3182.4905416156807,35445.828241,55997.07111,3909890000000.0,28751000000000.0,2694.737809,84534.04078,137675000000.0,3.665688271434475,2.9702579486470926,0.6954303227873826,3.084311728565525,2.3597420513529075,0.7245696772126173,6.506310990595177,4.321462302032542,2.184848688562635,-1.4894183657752524,-20551.242868999994,11.64341718371706,9.897112593078482,-0.4587820402419505,3.52119880610452,-13.30490879057139,1.5045649611253653,487.280000000028
2024-07-01,313.569,5.33,123.6373,16.36,4.25,85.15304347826087,7178391.0,6.75,157.2212,6.75,83.594654545455,107.468623,91.90963399,670615.076,-20862.360908736,32364.84,3871.639900419884,32679.534543,59473.540889,3909890000000.0,28751000000000.0,2694.737809,84534.04078,137675000000.0,2.1474714438209475,2.9414757935583014,-0.7940043497373539,4.6025285561790525,2.3885242064416987,2.214004349737354,6.506310990595177,4.321462302032542,2.184848688562635,-2.978853038299989,-26794.006346,11.275855884411186,6.297675940454184,-2.1343169151803245,3.52119880610452,-12.918944059595228,1.7561502415773589,18617.81599999999
2024-08-01,314.062,5.33,122.3262,15.0,3.87,80.3552380952381,7123238.0,6.75,157.111,6.75,83.89629,105.5326888,90.78870248,682230.75,-20862.360908736,7320.12,872.5201078617422,32890.092243,68509.802606,3909890000000.0,28751000000000.0,2694.737809,84534.04078,137675000000.0,2.442539040850256,2.607144490692037,-0.1646054498417815,4.307460959149744,2.722855509307963,1.5846054498417814,6.506310990595177,4.321462302032542,2.184848688562635,-2.3494541384044165,-35619.710363,9.958147944514018,-6.723902488049694,-2.1343169151803245,3.52119880610452,-12.289609220968622,1.3419034445570466,11615.674
2024-09-01,314.732,5.13,121.2864,16.73,3.72,74.01666666666667,7080059.0,6.75,157.8822,6.75,83.808215,105.4009975,90.35134199,705782.26,-20862.360908736,57723.64,6887.587332578316,34079.176777,58719.625963,3909890000000.0,28751000000000.0,2694.737809,84534.04078,137675000000.0,4.218176537374907,2.4264830315416708,1.7916935058332362,2.531823462625093,2.703516968458329,-0.171693505833236,6.506310990595177,4.321462302032542,2.184848688562635,-0.3931551827293988,-24640.449186,12.01952921915277,-21.025622786649535,-2.1343169151803245,3.52119880610452,-11.52208980083138,0.9159998795869928,23551.51000000001
2024-10-01,315.631,4.83,124.7988,23.16,4.1,75.63260869565217,7013490.0,6.75,159.2043,6.75,84.029514,107.3154371,90.85164673,682129.96,-11338.391627301,-94016.95,-11188.562866137723,38983.077189,65069.515466,3909890000000.0,28751000000000.0,2694.737809,84534.04078,137675000000.0,4.407490379293244,2.578844053871343,1.828646325421901,2.342509620706756,2.251155946128657,0.0913536745780989,6.506310990595177,4.321462302032542,2.184848688562635,-0.356202363140734,-26086.438277,10.48309573407574,-16.516529880219977,-1.1599703958219796,3.52119880610452,-11.309550154720071,0.954130781468554,-23652.300000000047
2024-11-01,316.528,4.64,126.5798,13.51,4.36,74.3452380952381,6905140.0,6.75,159.2043,6.75,84.364361,108.0326893,91.67769842,659432.86,-11338.391627301,-21611.8,-2561.721530730257,31942.523366,63928.512111,3909890000000.0,28751000000000.0,2694.737809,84534.04078,137675000000.0,3.882097004465757,2.719472461284833,1.1626245431809237,2.8679029955342434,1.9205275387151663,0.9473754568190768,6.506310990595177,4.321462302032542,2.184848688562635,-1.0222241453817116,-31985.988744999995,10.31516045383658,-10.362625879867249,-1.1599703958219796,3.52119880610452,-11.428789485059598,1.280163835846726,-22697.099999999977
2024-12-01,317.604,4.48,129.2775,17.35,4.39,73.8595,6885963.0,6.75,158.3229,6.75,84.986229,106.9176558,91.53322066,635701.425,-11338.391627301,15446.5,1817.529755320712,37804.047023,58478.808297,3909890000000.0,28751000000000.0,2694.737809,84534.04078,137675000000.0,3.530243394934618,2.870690967509981,0.6595524274246367,3.219756605065382,1.6093090324900192,1.6104475725753629,6.506310990595177,4.321462302032542,2.184848688562635,-1.5252962611379983,-20674.761274000004,10.870628925463446,-4.858304124095769,-1.1599703958219796,3.52119880610452,-10.720102126587028,2.0503790284910783,-23731.43499999994
2025-01-01,318.961,4.33,128.4828,16.43,4.63,79.27045454545454,6818186.0,6.75,157.77200000000002,6.75,86.265748,104.491822,90.69979238,630607.387,13625.532595705,-78026.94,-9044.950262298777,36338.507803,59430.335825,3825836803363.229,28751000000000.0,2694.737809,84534.04078,137675000000.0,3.095707177139806,2.9909783078999608,0.1047288692398451,3.654292822860194,1.3390216921000393,2.315271130760155,0.0,0.0,0.0,0.1047288692398451,-23091.828022,10.61086696290766,-1.0653928849001293,1.424580639061972,3.5985591408125988,-10.641216315750569,3.783361267114982,-5094.038000000059
2025-02-01,319.679,4.33,128.2805,19.63,4.45,75.438,6766101.0,6.5,157.3313,6.5,87.05475,102.342402,89.29630433,638698.405,13625.532595705,-34574.35,-3971.5638721609103,36910.921551,50963.670715,3824781358968.694,28751000000000.0,2694.737809,84534.04078,137675000000.0,2.5861832882339453,2.8015834477613355,-0.2154001595273902,3.913816711766055,1.5284165522386646,2.3854001595273906,0.0,0.0,0.0,-0.2154001595273902,-14052.749164,12.532425471700051,-9.631383197188882,1.4249737505914808,3.5995521594238897,-10.593636967750363,4.9312084185312965,8091.01800000004
2025-03-01,319.785,4.33,126.7075,22.28,4.28,72.73285714285714,6740253.0,6.5,157.5517,6.5,86.637663,101.7204502,88.99991273,668326.22,13625.532595705,-3972.61,-458.5315280260964,42047.598945,63507.140264,3877275058702.6055,28751000000000.0,2694.737809,84534.04078,137675000000.0,2.951752709356392,2.381981462805549,0.5697712465508431,3.548247290643608,1.948018537194451,1.6002287534491573,0.0,0.0,0.0,0.5697712465508431,-21459.541319000004,10.523639030536712,-14.841195966610886,1.405681298273877,3.55081849792901,-9.946719585011577,4.38570995302181,29627.814999999944
2025-04-01,320.302,4.33,122.5921,24.7,4.28,68.1345,6709277.0,6.3125,157.73810467084382,6.3125,85.561217,101.5589542,88.99318697,688428.344,-2907.711322111,4223.31,493.60097344103934,38283.772069,65381.303211,3960870476761.34,28751000000000.0,2694.737809,84534.04078,137675000000.0,2.7039076466587764,2.32538823025783,0.3785194164009464,3.608592353341224,2.00461176974217,1.603980583599054,0.0,0.0,0.0,0.3785194164009464,-27097.531142,10.529437472029102,-24.24289193625245,-0.2936436663779553,3.475877355943531,-9.363906520476917,2.583993479819946,20102.12400000007
2025-05-01,320.62,4.33,121.7674,18.57,4.42,64.453,6673244.0,6.25,158.2350154160168,6.25,85.189685,101.0309967,88.35184874,691308.968,-2907.711322111,19860.23,2331.2951562152152,38303.588166,60855.300311,4013422078397.993,28751000000000.0,2694.737809,84534.04078,137675000000.0,2.659216599356151,2.3772651073680877,0.2819514919880639,3.590783400643849,1.9527348926319128,1.638048508011936,0.0,0.0,0.0,0.2819514919880639,-22551.712145,11.359880971206731,-21.15473562187258,-0.2897987069699531,3.4303643452062405,-8.388910480169798,2.154552891407846,2880.6239999999525
2025-06-01,321.435,4.33,119.4088,16.73,4.38,71.4447619047619,6662200.0,5.75,159.18225152400277,5.75,85.903433,99.92595214,86.92473672,698117.773,-2907.711322111,14590.28,1698.4513296459293,34978.851579,54076.291864,4015370106602.363,28751000000000.0,2694.737809,84534.04078,137675000000.0,2.1781728505707143,2.680453865910226,-0.5022810153395119,3.5718271494292857,1.649546134089774,1.922281015339512,0.0,0.0,0.0,-0.5022810153395119,-19097.440285,12.909867687594817,-13.13284305040744,-0.2896581131916014,3.428700128379817,-7.868208751482985,2.9142093237136235,6808.805000000051
2025-07-01,322.169,4.33,121.721,16.72,4.39,71.04130434782608,6642578.0,5.75,160.4866422300818,5.75,86.114622,100.0788096,86.48423805,690109.423,-14132.402610501,,,37017.645092,64885.238207,4041042850697.618,28751000000000.0,2694.737809,84534.04078,137675000000.0,2.0769732263090424,2.742618052167134,-0.6656448258580916,3.6730267736909576,1.587381947832866,2.0856448258580915,0.0,0.0,0.0,-0.6656448258580916,-27867.593115000003,10.635846335315588,-16.572207585319532,-1.3988866866938845,3.4069175974274244,-7.464249300435155,3.014507887193618,-8008.350000000093
2025-08-01,323.291,4.33,120.2082,15.36,4.26,67.87,6603384.0,5.75,161.09225220076135,5.75,87.518389473684,98.74886587,85.3903856,695358.144,-14132.402610501,,,34770.202664,61975.697014,4011486101574.895,28751000000000.0,2694.737809,84534.04078,137675000000.0,2.5340378463388102,2.9385917430316155,-0.4045538966928053,3.2159621536611898,1.3914082569683843,1.8245538966928048,0.0,0.0,0.0,-0.4045538966928053,-27205.49435,11.219851933943108,-15.53755348274921,-1.4091937254827005,3.432019867797854,-7.298001274139654,4.317353572707461,5248.72100000002
2025-09-01,324.245,4.22,120.1368,16.28,4.12,67.98545454545454,6608395.0,5.75,161.09225220076135,5.75,88.32259047619,97.30965449,84.47647823,700088.694,-14132.402610501,,,36134.088861,69094.979158,4010209526765.501,28751000000000.0,2694.737809,84534.04078,137675000000.0,2.033194496125179,3.022571584713329,-0.9893770885881504,3.716805503874821,1.1974284152866703,2.5193770885881506,0.0,0.0,0.0,-0.9893770885881504,-32960.890297000005,10.132265796029868,-8.148451413481816,-1.409642315811834,3.4331123867995,-6.661865388409904,5.386554857647297,4730.550000000047
2025-10-01,,4.09,121.3859,17.44,4.06,64.54347826086956,6587034.0,5.75,161.09225220076135,5.75,88.4164,97.13793203,84.50354489,689732.836,-13197.808139262,,,34111.488826,76727.748969,4041478645300.055,28751000000000.0,2694.737809,84534.04078,137675000000.0,1.1858675932505447,,-1.6728503400323058,4.564132406749455,,,0.0,0.0,0.0,-1.6728503400323058,-42616.26014299999,8.98935320360656,-14.661837831623114,-1.3062355932138936,3.4065502278505417,-6.080510558937135,5.220649021009449,-10355.858000000007
2025-11-01,325.063,3.88,121.0527,16.35,4.09,63.797000000000004,6552419.0,5.75,161.51152064200105,5.75,88.825605263158,97.19855451,84.27096278,687929.818,,,,37879.713986,62981.177862,4058534056410.508,28751000000000.0,2694.737809,84534.04078,137675000000.0,1.44922005373036,2.6964439164939518,-1.2472238627635912,4.30077994626964,1.1835560835060486,3.1172238627635918,0.0,0.0,0.0,-1.2472238627635912,-25101.463875999994,10.922784256390765,-14.188182546036831,,3.392234685884686,-5.108093391299818,5.288067390397222,-1803.01800000004
2025-12-01,326.031,3.72,119.7456,14.95,4.14,62.54428571428572,6640618.0,5.5,161.65127678908092,5.5,90.091277272727,95.10709181,82.63889303,687734.274,,,,38238.330299,64476.039846,4037001210343.4897,28751000000000.0,2694.737809,84534.04078,137675000000.0,2.1022712375031727,2.653304114557753,-0.5510328770545803,3.397728762496828,1.0666958854422472,2.3310328770545805,0.0,0.0,0.0,-0.5510328770545803,-26237.709547,10.66650922796503,-15.319917256025661,,3.4103284301043315,-3.562972963984845,6.00691233485251,-195.5439999999944
2026-01-01,326.588,3.64,117.8996,17.44,4.21,66.60238095238095,6587568.0,5.5,162.09495280000004,5.5,90.799085,94.7813721,82.14201486,711548.14,,,,36474.160819,71226.630931,4041051688197.3394,28751000000000.0,2694.737809,84534.04078,137675000000.0,2.740000000000009,2.391201432150014,0.3487985678499949,2.759999999999991,1.248798567849986,1.511201432150005,0.0,0.0,0.0,0.3487985678499949,-34752.47011200001,9.98991712368516,-15.980826230546686,,3.406910146734971,-3.382395258797577,5.255083396483151,23813.86600000004
2026-02-01,327.46,3.64,117.8223,19.86,4.13,70.887,6613797.0,5.5,162.38163473,5.5,90.730847368421,93.98910676,81.69967088,728493.828,,,,36619.662258,63709.076388,4079953038851.506,28751000000000.0,2694.737809,84534.04078,137675000000.0,3.2100000000000017,2.4340041103732224,0.7759958896267793,2.2899999999999983,1.2059958896267775,1.0840041103732203,0.0,0.0,0.0,0.7759958896267793,-27089.414130000005,11.434694541219503,-6.0327686311938304,,3.37442609483454,-2.250986203132354,4.222741858911783,16945.687999999966
2026-03-01,330.293,3.64,121.035,25.25,4.25,103.13454545454546,6657161.0,5.5,162.9084578,5.5,92.7608,92.56989356,80.79470146,,,,,38918.611163,59588.704796,4026056816568.582,28751000000000.0,2694.737809,84534.04078,137675000000.0,3.400000000000003,3.2859577528651984,0.1140422471348046,2.099999999999997,0.3540422471348017,1.7459577528651953,0.0,0.0,0.0,0.1140422471348046,-20670.093633,,41.79911185391123,,3.4195990338094813,-1.2327727163950697,7.0675232779536135,
2026-04-01,332.407,3.64,118.671,16.89,4.32,117.2875,6699950.0,,163.22739071338918,,93.550242105263,90.95792161,79.65730831,,,,,,,4027483064224.207,28751000000000.0,2694.737809,84534.04078,137675000000.0,3.479999999999994,3.7792458367415622,-0.2992458367415684,,-0.1392458367415625,,0.0,0.0,0.0,-0.2992458367415684,,,72.14113261269985,,3.4183880553826635,-0.1390164692857354,9.337203683373277,
