,cpi_us,fed_funds_rate,dxy,vix,us_10y_yield,brent,fed_balance_sheet,india_stir,cpi_india,rbi_repo_rate,inr_usd,reer,neer,fx_reserves_usd_mn,current_account,fpi_flows_inr_cr,fpi_flows_usd_mn,exports_usd_mn,imports_usd_mn,gdp_india_usd,gdp_us_usd,gdp_pc_india,gdp_pc_us,remittances_usd,cpi_india_yoy,cpi_us_yoy,inflation_diff,real_rate_india,real_rate_us,real_rate_diff,prod_india_yoy,prod_us_yoy,prod_diff,justified_depreciation,trade_balance,import_cover,brent_yoy,cab_pct_gdp,remit_pct_gdp,fed_bs_yoy,inr_yoy_chg,reserves_mom_chg,merch_balance_usd_mn,priv_transfer_usd_mn,capital_account_usd_mn,fdi_bop_usd_mn,portfolio_bop_usd_mn,loans_usd_mn,banking_usd_mn,reserve_mov_usd_mn,fdi_net_usd_mn,fpi_pct_gdp
2000-01-01,169.3,5.45,98.1875,24.95,6.66,25.511,,8.0,35.73704,8.0,43.55027,,,34896.0,,184.00000000000003,42.2500250859524,2748.0,3879.0,468396000000.0,10250900000000.0,442.7502189,36329.95607,12883465957.0,,,,,,,,,,,-1131.0,8.99613302397525,,,2.750549952817701,,,,,,,,,,,,,0.10824180843376732
2000-02-01,170.0,5.73,99.3725,23.37,6.52,27.775714285714283,,8.0,35.65413,8.0,43.61245,,,35903.0,,2727.0,625.2801665579439,3404.0,4344.0,468396000000.0,10250900000000.0,442.7502189,36329.95607,12883465957.0,,,,,,,,,,,-940.0,8.264963167587476,,,2.750549952817701,,,1007.0,,,,,,,,,,1.60192700165999
2000-03-01,171.0,5.85,98.0581,24.11,6.26,27.48608695652174,,8.0,35.98579,8.0,43.58847,,,38036.0,,1360.0,312.00911617223545,3860.0,4871.0,468396000000.0,10250900000000.0,442.7502189,36329.95607,12883465957.0,,,,,,,,,,,-1011.0,7.808663518784644,,,2.750549952817701,,,2133.0,,,,,,,,,,0.7993470042585388
2000-04-01,170.9,6.02,101.8348,26.2,5.99,22.764444444444443,,7.0,36.31746,7.0,43.64028,,,37896.0,-2563.0,2438.0599999999995,558.6719425264915,3310.0,4401.0,468396000000.0,10250900000000.0,442.7502189,36329.95607,12883465957.0,,,,,,,,,,,-1091.0,8.610770279481937,,-2.1887462745198505,2.750549952817701,,,-140.0,-3493.0,3141.0,1623.0,924.0,789.0,234.0,473.0,1034.0,,1.431281076336668
2000-05-01,171.2,6.27,101.685,23.65,6.44,27.73761904761905,,7.0,36.48329,7.0,43.98503,,,37245.0,,172.17,39.142862924044834,3577.0,4371.0,468396000000.0,10250900000000.0,442.7502189,36329.95607,12883465957.0,,,,,,,,,,,-794.0,8.520933424845573,,,2.750549952817701,,,-651.0,,,,,,,,,,0.10028146164538937
2000-06-01,172.2,6.53,99.941,19.54,6.1,29.795454545454547,,7.0,36.64912,7.0,44.69095,,,36730.0,,-985.51,-220.5166817890423,3455.0,4028.0,468396000000.0,10250900000000.0,442.7502189,36329.95607,12883465957.0,,,,,,,,,,,-573.0,9.118669314796424,,,2.750549952817701,,,-515.0,,,,,,,,,,-0.5649493551329446
2000-07-01,172.7,6.54,102.0877,20.74,6.05,28.682380952380957,,8.0,36.89788,8.0,44.7825,,,36231.0,-1631.0,-1569.19,-350.40250097694417,3526.0,4487.0,468396000000.0,10250900000000.0,442.7502189,36329.95607,12883465957.0,,,,,,,,,,,-961.0,8.074660129262313,,-1.392838538330814,2.750549952817701,,,-499.0,-3962.0,2608.0,1513.0,804.0,396.0,199.0,-1058.0,414.0,,-0.8977083518482929
2000-08-01,172.7,6.5,102.9534,16.84,5.83,30.19608695652174,,8.0,36.732040000000005,8.0,45.6881,,,35619.0,,1626.01,355.89354777283364,3670.0,3993.0,468396000000.0,10250900000000.0,442.7502189,36329.95607,12883465957.0,,,,,,,,,,,-323.0,8.920360631104433,,,2.750549952817701,,,-612.0,,,,,,,,,,0.9117760555756247
2000-09-01,173.6,6.52,104.0693,20.57,5.8,33.1447619047619,,8.0,36.81496,8.0,45.889,,,35438.0,,-454.2000000000001,-98.97796857634728,3848.0,4249.0,468396000000.0,10250900000000.0,442.7502189,36329.95607,12883465957.0,,,,,,,,,,,-401.0,8.340315368321958,,,2.750549952817701,,,-181.0,,,,,,,,,,-0.2535750994705692
2000-10-01,173.9,6.51,106.5658,23.63,5.74,30.96090909090909,,8.0,37.22954,8.0,46.3475,,,34899.0,755.0,76.31999999999998,16.466907600194183,3719.0,4264.0,468396000000.0,10250900000000.0,442.7502189,36329.95607,12883465957.0,,,,,,,,,,,-545.0,8.184568480300188,,0.6447535845737368,2.750549952817701,,,-539.0,-3278.0,4088.0,3032.0,704.0,-168.0,4854.0,-2238.0,-4169.0,,0.042187143187031956
2000-11-01,174.2,6.51,106.4385,29.65,5.72,32.55227272727273,,8.0,37.31246,8.0,46.78227,,,39040.0,,1090.1099999999997,233.01776506355927,3604.0,4698.0,468396000000.0,10250900000000.0,442.7502189,36329.95607,12883465957.0,,,,,,,,,,,-1094.0,8.309919114516816,,,2.750549952817701,,,4141.0,,,,,,,,,,0.596976315075857
2000-12-01,174.6,6.4,102.9824,26.85,5.24,25.66,,8.0,36.98079,8.0,46.75053,,,40077.0,,-461.7799999999999,-98.77535078211946,3657.0,3976.0,468396000000.0,10250900000000.0,442.7502189,36329.95607,12883465957.0,,,,,,,,,,,-319.0,10.079728370221329,,,2.750549952817701,,,1037.0,,,,,,,,,,-0.2530560058978799
2001-01-01,175.6,5.98,103.9749,22.02,5.16,25.62454545454545,,8.0,36.89788,8.0,46.54545,,,41120.0,773.0,3971.58,853.2692239520727,3666.0,4007.0,485440000000.0,10581900000000.0,450.3579005,37133.62311,14273018778.0,3.248282454282725,3.7212049616065945,-0.47292250732386965,4.751717545717275,2.258795038393406,2.492922507323869,1.718278450296662,2.21213325568439,-0.4938548053877278,-0.47292250732386965,-341.0,10.262041427501872,0.4450842951881695,0.6369479235332893,2.9402230508404745,,6.877523377007777,1043.0,-1727.0,3017.0,2672.0,840.0,1573.0,-23.0,862.0,-3121.0,,2.109268022294181
2001-02-01,176.0,5.49,105.5054,28.35,5.1,27.503500000000003,,7.5,36.732040000000005,7.5,46.51889,,,41608.0,,1574.14,338.38726590423806,3695.0,3457.0,485440000000.0,10581900000000.0,450.3579005,37133.62311,14273018778.0,3.0232402249052326,3.529411764705892,-0.5061715398006594,4.476759775094767,1.9605882352941082,2.516171539800659,1.718278450296662,2.21213325568439,-0.4938548053877278,-0.5061715398006594,238.0,12.035869250795487,-0.9800442318572022,,2.9402230508404745,,6.664243811113568,488.0,,,,,,,,,,0.8364879677922826
2001-03-01,176.1,5.31,110.1972,28.64,4.89,24.49727272727273,,7.0,36.89788,7.0,46.6205,,,42281.0,,2204.8,472.9250008043672,4309.0,4625.0,485440000000.0,10581900000000.0,450.3579005,37133.62311,14273018778.0,2.5345837898792745,2.9824561403508643,-0.4478723504715898,4.4654162101207255,2.3275438596491353,2.13787235047159,1.718278450296662,2.21213325568439,-0.4938548053877278,-0.4478723504715898,-316.0,9.141837837837837,-10.873916807353478,,2.9402230508404745,,6.956036768438989,673.0,,,,,,,,,,1.1690631199844277
2001-04-01,176.4,4.8,108.4128,25.48,5.14,25.65714285714285,,7.0,37.14663,7.0,46.78647,,,42526.0,1127.0,1695.0,362.2842244777176,3115.0,4094.0,485440000000.0,10581900000000.0,450.3579005,37133.62311,14273018778.0,2.283116715761513,3.2182562902282053,-0.9351395744666924,4.716883284238487,1.5817437097717946,3.1351395744666926,1.718278450296662,2.21213325568439,-0.4938548053877278,-0.9351395744666924,-979.0,10.387396189545676,12.70708986445026,0.9286420566908371,2.9402230508404745,,7.209371708889134,245.0,-3967.0,5130.0,128.0,808.0,935.0,-1088.0,-92.0,-1462.0,,0.8955608713193415
2001-05-01,177.3,4.21,109.8213,22.64,5.39,28.313636363636363,,7.0,37.39537,7.0,46.92,,,42991.0,,1030.9999999999995,219.73572037510647,3629.0,4674.0,485440000000.0,10581900000000.0,450.3579005,37133.62311,14273018778.0,2.499993832793046,3.5630841121495394,-1.0630902793564934,4.500006167206954,0.6469158878504606,3.8530902793564934,1.718278450296662,2.21213325568439,-0.4938548053877278,-1.0630902793564934,-1045.0,9.197903294822423,2.0766646013431256,,2.9402230508404745,,6.672656583387582,465.0,,,,,,,,,,0.5431832243946271
2001-06-01,177.7,3.97,110.2966,19.06,5.28,27.84904761904762,,7.0,37.89288,7.0,47.0045,,,43454.0,,809.0,172.11118084438723,3612.0,4017.0,485440000000.0,10581900000000.0,450.3579005,37133.62311,14273018778.0,3.3936967654339067,3.193960511033689,0.19973625440021792,3.6063032345660933,0.7760394889663114,2.830263745599782,1.718278450296662,2.21213325568439,-0.4938548053877278,0.19973625440021792,-405.0,10.817525516554642,-6.532563292288696,,2.9402230508404745,,5.176775163651692,463.0,,,,,,,,,,0.425456116128182
2001-07-01,177.4,3.77,109.1777,21.62,5.24,24.613636363636363,,7.0,38.39037,7.0,47.14182,,,43730.0,-965.0,773.0,163.97330438239337,3433.0,4923.0,485440000000.0,10581900000000.0,450.3579005,37133.62311,14273018778.0,4.044920737993607,2.7214823393167498,1.3234383986768572,2.955079262006393,1.0485176606832503,1.9065616013231428,1.718278450296662,2.21213325568439,-0.4938548053877278,1.3234383986768572,-1490.0,8.882795043672557,-14.185518961970423,-0.7951549110085696,2.9402230508404745,,5.26839725339141,276.0,-3321.0,3047.0,1868.0,1293.0,216.0,-282.0,556.0,-483.0,,0.4053394142610251
2001-08-01,177.4,3.65,106.6244,24.92,4.97,25.68,,7.0,38.63912,7.0,47.127,,,45358.0,,270.00000000000006,57.29199821758228,3647.0,4372.0,485440000000.0,10581900000000.0,450.3579005,37133.62311,14273018778.0,5.191870639365503,2.7214823393167498,2.4703883000487536,1.8081293606344966,0.9285176606832501,0.8796116999512464,1.718278450296662,2.21213325568439,-0.4938548053877278,2.4703883000487536,-725.0,10.374656907593778,-14.955868166045128,,2.9402230508404745,,3.149397764406925,1628.0,,,,,,,,,,0.14162491319441894
2001-09-01,178.1,3.07,107.3094,31.93,4.73,25.6195,,7.0,38.55621,7.0,47.646,,,44877.0,,-229.0,-48.06279645720522,3702.0,3902.0,485440000000.0,10581900000000.0,450.3579005,37133.62311,14273018778.0,4.729734868651225,2.5921658986175045,2.137568970033721,2.2702651313487747,0.4778341013824954,1.7924310299662793,1.718278450296662,2.21213325568439,-0.4938548053877278,2.137568970033721,-200.0,11.501025115325474,-22.704226768576508,,2.9402230508404745,,3.8288042886094553,-481.0,,,,,,,,,,-0.1188104724551876
2001-10-01,177.6,2.49,108.6554,33.56,4.57,20.53782608695652,,6.5,38.80495,6.5,48.02048,,,45256.0,475.0,605.0,125.9879118242883,3718.0,4093.0,485440000000.0,10581900000000.0,450.3579005,37133.62311,14273018778.0,4.231612853664046,2.127659574468077,2.103953279195969,2.2683871463359537,0.36234042553192314,1.9060467208040306,1.718278450296662,2.21213325568439,-0.4938548053877278,2.103953279195969,-375.0,11.05692645980943,-33.66530024473039,0.39139749505603166,2.9402230508404745,,3.609644533146339,379.0,-3020.0,3215.0,3328.0,1133.0,129.0,-394.0,1332.0,-3624.0,,0.3114401248128419
2001-11-01,177.5,2.09,108.677,23.84,4.65,18.797272727272727,,6.5,39.13662,6.5,47.99737,,,46891.0,,162.0,33.75184932007733,3576.0,4158.0,485440000000.0,10581900000000.0,450.3579005,37133.62311,14273018778.0,4.888876262781916,1.894374282433997,2.994501980347919,1.611123737218084,0.19562571756600278,1.4154980196520812,1.718278450296662,2.21213325568439,-0.4938548053877278,2.994501980347919,-582.0,11.277296777296778,-42.25511415206312,,2.9402230508404745,,2.5973515180003126,1635.0,,,,,,,,,,0.0834340375413909
2001-12-01,177.4,1.82,110.5327,23.8,5.09,18.70526315789473,,6.5,38.88787,6.5,47.92263,,,48112.0,,279.0,58.218841495134974,3250.0,4079.0,485440000000.0,10581900000000.0,450.3579005,37133.62311,14273018778.0,5.156947701766246,1.603665521191311,3.553282180574935,1.3430522982337543,0.21633447880868917,1.126717819425065,1.718278450296662,2.21213325568439,-0.4938548053877278,3.553282180574935,-829.0,11.795047805834763,-27.103417155515473,,2.9402230508404745,,2.507137352239641,1221.0,,,,,,,,,,0.14391605511322095
2002-01-01,177.7,1.73,112.8265,21.09,5.04,19.416818181818183,,6.5,38.72204,6.5,48.31522,,,49479.0,2763.0,370.0,76.58042331174317,4253.0,4243.0,514939000000.0,10929100000000.0,469.149929,37997.75966,15735736286.0,4.943807069674455,1.1958997722095743,3.747907297464881,1.5561929303255448,0.5341002277904257,1.0220927025351192,4.17268765111849,2.327100017793016,1.845587633325474,3.747907297464881,10.0,11.661324534527457,-24.225706886153176,2.1462736362947843,3.0558447284047237,,3.8022406056875457,1367.0,-1266.0,4006.0,3227.0,1500.0,672.0,503.0,1068.0,-6188.0,,0.1784609594031367
2002-02-01,178.0,1.74,112.6823,21.59,4.91,20.2755,,6.5,38.63912,6.5,48.6915,,,50776.0,,2024.0,415.6783011408562,3535.0,3759.0,514939000000.0,10929100000000.0,469.149929,37997.75966,15735736286.0,5.191870639365503,1.1363636363636465,4.055507003001857,1.3081293606344966,0.6036363636363535,0.704492996998143,4.17268765111849,2.327100017793016,1.845587633325474,4.055507003001857,-224.0,13.507847831870178,-26.280291599251004,,3.0558447284047237,,4.6703822898611635,1297.0,,,,,,,,,,0.9686855362849337
2002-03-01,178.5,1.73,111.7899,17.4,5.28,23.696666666666665,,6.5,38.80495,6.5,48.73944,,,54106.0,,484.0,99.3035619613192,4141.0,4433.0,514939000000.0,10929100000000.0,469.149929,37997.75966,15735736286.0,5.16850832622362,1.3628620102214661,3.8056463160021536,1.3314916737763802,0.36713798977853385,0.9643536839978464,4.17268765111849,2.327100017793016,1.845587633325474,3.8056463160021536,-292.0,12.205278592375366,-3.2681436399846775,,3.0558447284047237,,4.545082099076581,3330.0,,,,,,,,,,0.23141435073587951
2002-04-01,179.3,1.75,108.9262,21.91,5.21,25.72863636363636,,6.5,38.88787,6.5,48.9195,,,55870.0,1129.0,-82.00000000000001,-16.762231829842907,4035.0,4207.0,514939000000.0,10929100000000.0,469.149929,37997.75966,15735736286.0,4.687477706591414,1.643990929705219,3.043486776886195,1.8125222934085858,0.1060090702947809,1.706513223113805,4.17268765111849,2.327100017793016,1.845587633325474,3.043486776886195,-172.0,13.280247207035892,0.27864952419520694,0.876997081207677,3.0558447284047237,,4.559074450369938,1764.0,-2067.0,3551.0,659.0,1240.0,-263.0,-1050.0,599.0,-1662.0,,-0.03906225435597516
2002-05-01,179.5,1.75,105.6437,19.98,5.16,25.345454545454547,,6.5,39.13662,6.5,49.0,,,56779.0,,-154.0,-31.428571428571427,4080.0,5181.0,514939000000.0,10929100000000.0,469.149929,37997.75966,15735736286.0,4.656325101209058,1.2408347433727984,3.4154903578362594,1.8436748987909422,0.5091652566272016,1.3345096421637406,4.17268765111849,2.327100017793016,1.845587633325474,3.4154903578362594,-1101.0,10.959081258444316,-10.483223631401495,,3.0558447284047237,,4.433077578857625,909.0,,,,,,,,,,-0.0732402978105867
2002-06-01,179.6,1.75,102.202,25.4,4.93,24.081666666666667,,6.5,39.46829,6.5,48.9665,,,58693.0,,-183.00000000000003,-37.37248935496717,3963.0,4251.0,514939000000.0,10929100000000.0,469.149929,37997.75966,15735736286.0,4.157535663691969,1.0692177827799743,3.088317880911995,2.342464336308031,0.6807822172200257,1.6616821190880051,4.17268765111849,2.327100017793016,1.845587633325474,3.088317880911995,-288.0,13.806868972006587,-13.527862797736102,,3.0558447284047237,,4.174068440255718,1914.0,,,,,,,,,,-0.08709184432711564
2002-07-01,180.0,1.73,103.5833,32.03,4.65,25.73608695652174,,6.5,39.88287,6.5,48.76391,,,60607.0,1815.0,305.0,62.54625603238132,4583.0,4874.0,514939000000.0,10929100000000.0,469.149929,37997.75966,15735736286.0,3.887693710688378,1.465614430665152,2.422079280023226,2.612306289311622,0.264385569334848,2.347920719976774,4.17268765111849,2.327100017793016,1.845587633325474,2.422079280023226,-291.0,12.434755847353303,4.560279417078172,1.4098757328537943,3.0558447284047237,,3.440872668895678,1914.0,-2456.0,3957.0,3162.0,532.0,-131.0,-779.0,3805.0,-4927.0,,0.1457561133238259
2002-08-01,180.5,1.74,102.9413,32.64,4.26,26.65136363636364,,6.5,40.13162,6.5,48.58667,,,62140.0,,192.0,39.5170115589317,4522.0,4861.0,514939000000.0,10929100000000.0,469.149929,37997.75966,15735736286.0,3.862665609361704,1.747463359639223,2.115202249722481,2.637334390638296,-0.007463359639223066,2.644797750277519,4.17268765111849,2.327100017793016,1.845587633325474,2.115202249722481,-339.0,12.783377905780704,3.7825686774284994,,3.0558447284047237,,3.097311519935486,1533.0,,,,,,,,,,0.09208938120965404
2002-09-01,180.8,1.75,103.5577,39.69,3.87,28.39952380952381,,6.5,40.21454,6.5,48.44158,,,63620.0,,422.0,87.11524273155418,4484.0,5086.0,514939000000.0,10929100000000.0,469.149929,37997.75966,15735736286.0,4.301071085565722,1.516002245929271,2.785068839636451,2.198928914434278,0.23399775407072898,1.964931160363549,4.17268765111849,2.327100017793016,1.845587633325474,2.785068839636451,-602.0,12.50884781753834,10.851202441592589,,3.0558447284047237,,1.669772908533762,1480.0,,,,,,,,,,0.2030110193204729
2002-10-01,181.2,1.75,103.2141,31.14,3.94,27.54304347826087,,6.5,40.38037,6.5,48.37286,,,65159.0,1354.0,-444.0,-91.78700618487308,4752.0,5593.0,514939000000.0,10929100000000.0,469.149929,37997.75966,15735736286.0,4.05984288086958,2.0270270270270174,2.0328158538425622,2.4401571191304203,-0.2770270270270174,2.7171841461574378,4.17268765111849,2.327100017793016,1.845587633325474,2.0328158538425622,-841.0,11.650098337207224,34.10885534644452,1.0517750646193045,3.0558447284047237,,0.7338119069197235,1539.0,-3781.0,4073.0,4940.0,676.0,745.0,248.0,3009.0,-6082.0,,-0.21389797125843582
2002-11-01,181.5,1.34,103.1296,27.5,4.05,24.335238095238097,,6.25,40.5462,6.25,48.25526,,,67578.0,,342.0,70.87310274569032,4049.0,5072.0,514939000000.0,10929100000000.0,469.149929,37997.75966,15735736286.0,3.60169069275782,2.2535211267605604,1.3481695659972597,2.64830930724218,-0.9135211267605603,3.56183043400274,4.17268765111849,2.327100017793016,1.845587633325474,1.3481695659972597,-1023.0,13.323738170347003,29.461536512849573,,3.0558447284047237,,0.5373002729107901,2419.0,,,,,,,,,,0.1651607730135577
2002-12-01,181.8,1.24,100.2577,28.62,4.03,28.3345,732059.0,6.25,40.13162,6.25,48.14,,,71110.0,,457.0,94.93144993768176,3985.0,4972.0,514939000000.0,10929100000000.0,469.149929,37997.75966,15735736286.0,3.198298081124018,2.4802705749718212,0.7180275061521968,3.051701918875982,-1.2402705749718212,4.291972493847803,4.17268765111849,2.327100017793016,1.845587633325474,0.7180275061521968,-987.0,14.302091713596138,51.478756330894804,,3.0558447284047237,,0.4535852894551162,3532.0,,,,,,,,,,0.22122569843266507
2003-01-01,182.6,1.24,98.3091,31.17,4.05,31.183636363636364,712809.0,6.25,40.04871,6.25,47.93261,,,74256.0,2047.0,1088.0,226.98534463280845,4850.0,5571.0,607701000000.0,11456400000000.0,544.1431335,39490.27496,20999150983.0,3.4261366394952253,2.757456387169399,0.6686802523258262,2.8238633605047747,-1.5174563871693991,4.341319747674174,15.984912256056203,3.927903416819501,12.057008839236705,0.6686802523258262,-721.0,13.329025309639203,60.60116581220591,1.3473731325108893,3.4555070640002237,,-0.7919036692785375,3146.0,-2386.0,4806.0,2079.0,769.0,593.0,-2269.0,3012.0,-4314.0,,0.44821781362770535
2003-02-01,183.6,1.26,97.3887,29.63,3.9,32.771,721980.0,6.25,40.13162,6.25,47.73579,,,73547.0,,433.0,90.70762210073406,4286.0,4631.0,607701000000.0,11456400000000.0,544.1431335,39490.27496,20999150983.0,3.862665609361704,3.146067415730336,0.7165981936313681,2.387334390638296,-1.8860674157303359,4.273401806368632,15.984912256056203,3.927903416819501,12.057008839236705,0.7165981936313681,-345.0,15.881451090477219,61.62856649651056,,3.4555070640002237,,-1.9627861125658397,-709.0,,,,,,,,,,0.1791162866621593
2003-03-01,183.9,1.25,96.5982,29.15,3.81,30.612380952380956,725019.0,6.25,40.38037,6.25,47.64105,,,76100.0,,293.0,61.50158319348545,5151.0,5891.0,607701000000.0,11456400000000.0,544.1431335,39490.27496,20999150983.0,4.05984288086958,3.025210084033625,1.0346327968359548,2.1901571191304203,-1.775210084033625,3.9653672031640452,15.984912256056203,3.927903416819501,12.057008839236705,1.0346327968359548,-740.0,12.918010524528942,29.184333741936808,,3.4555070640002237,,-2.253595855840773,2553.0,,,,,,,,,,0.1214444271643169
2003-04-01,183.2,1.26,94.9386,21.21,3.96,25.06772727272727,746294.0,6.25,40.87787,6.25,47.3775,,,78325.0,-422.0,572.3800000000001,120.81262202522296,4314.0,5764.0,607701000000.0,11456400000000.0,544.1431335,39490.27496,20999150983.0,5.11727692979842,2.175125488008911,2.942151441789509,1.13272307020158,-0.915125488008911,2.0478485582104913,15.984912256056203,3.927903416819501,12.057008839236705,2.942151441789509,-1450.0,13.588653712699514,-2.568768439835345,-0.27776817875896204,3.4555070640002237,,-3.152117253855824,2225.0,-5315.0,4323.0,5683.0,386.0,1376.0,957.0,2115.0,-5464.0,,0.23856328429650037
2003-05-01,182.9,1.26,91.6261,19.47,3.57,25.857727272727274,744896.0,6.0,40.96079,6.0,47.08316,,,82308.0,,1232.95,261.8664507649869,4696.0,6175.0,607701000000.0,11456400000000.0,544.1431335,39490.27496,20999150983.0,4.661031024140572,1.8941504178273005,2.766880606313271,1.3389689758594283,-0.6341504178273005,1.9731193936867288,15.984912256056203,3.927903416819501,12.057008839236705,2.766880606313271,-1479.0,13.329230769230769,2.0211621233859445,,3.4555070640002237,,-3.911918367346945,3983.0,,,,,,,,,,0.5170959746947664
2003-06-01,183.1,1.22,92.1028,19.52,3.33,27.652857142857144,744018.0,6.0,41.20954,6.0,46.70905,,,83221.0,,2592.95,555.1279677064723,4398.0,5727.0,607701000000.0,11456400000000.0,544.1431335,39490.27496,20999150983.0,4.411769549681521,1.948775055679297,2.462994494002224,1.5882304503184788,-0.7287750556792971,2.317005505997776,15.984912256056203,3.927903416819501,12.057008839236705,2.462994494002224,-1329.0,14.531342762353763,14.829498828391486,,3.4555070640002237,,-4.610192682752501,913.0,,,,,,,,,,1.0961863831847682
2003-07-01,183.7,1.01,94.3994,19.49,3.98,28.348695652173912,740295.0,6.0,41.5412,6.0,46.22957,,,85551.0,3186.0,2495.89,539.8903775224385,4637.0,5784.0,607701000000.0,11456400000000.0,544.1431335,39490.27496,20999150983.0,4.158000665448625,2.055555555555544,2.1024451098930808,1.8419993345513754,-1.0455555555555438,2.8875548901069195,15.984912256056203,3.927903416819501,12.057008839236705,2.1024451098930808,-1147.0,14.79097510373444,10.151538188637165,2.097083927786856,3.4555070640002237,,-5.197163229937873,2330.0,-3549.0,6060.0,5044.0,702.0,2136.0,1120.0,144.0,-8592.0,,1.0660973949803048
2003-08-01,184.5,1.03,94.3449,18.63,4.45,29.88809523809524,740637.0,6.0,41.37537,6.0,45.9355,,,87306.0,,2058.07,448.0347443698229,4516.0,5785.0,607701000000.0,11456400000000.0,544.1431335,39490.27496,20999150983.0,3.0991771575630267,2.216066481994461,0.8831106755685658,2.9008228424369733,-1.1860664819944609,4.086889324431434,15.984912256056203,3.927903416819501,12.057008839236705,0.8831106755685658,-1269.0,15.091789109766637,12.144712915609833,,3.4555070640002237,,-5.456578934098588,1755.0,,,,,,,,,,0.884714182210968
2003-09-01,185.1,1.01,90.1281,22.72,4.27,27.112272727272728,741193.0,6.0,41.37537,6.0,45.85048,,,92339.0,,4047.69,882.8020993455249,5481.0,6305.0,607701000000.0,11456400000000.0,544.1431335,39490.27496,20999150983.0,2.886592759733153,2.378318584070782,0.508274175662371,3.113407240266847,-1.368318584070782,4.481725824337629,15.984912256056203,3.927903416819501,12.057008839236705,0.508274175662371,-824.0,14.645360824742268,-4.532650233450042,,3.4555070640002237,,-5.3489171905623305,5033.0,,,,,,,,,,1.74322984364783
2003-10-01,184.9,1.01,89.1992,16.1,4.29,29.60782608695652,747272.0,6.0,41.70704,6.0,45.39045,,,93803.0,3962.0,6939.719999999999,1528.894293843749,5609.0,7019.0,607701000000.0,11456400000000.0,544.1431335,39490.27496,20999150983.0,3.2854329962801243,2.041942604856528,1.2434903914235962,2.7145670037198757,-1.0319426048565281,3.746509608576404,15.984912256056203,3.927903416819501,12.057008839236705,1.2434903914235962,-1410.0,13.364154437954124,7.496566638778823,2.6078614318554685,3.4555070640002237,,-6.165461376482606,1464.0,-3392.0,6126.0,3615.0,587.0,4111.0,-4884.0,3587.0,-7294.0,,3.0190392193076843
2003-11-01,185.0,1.0,87.3502,16.32,4.3,28.7525,756964.0,6.0,41.78995,6.0,45.52,,,97400.0,,3282.3900000000003,721.0874340949033,4902.0,6467.0,607701000000.0,11456400000000.0,544.1431335,39490.27496,20999150983.0,3.067488445279709,1.9283746556473913,1.1391137896323178,2.932511554720291,-0.9283746556473913,3.860886210367682,15.984912256056203,3.927903416819501,12.057008839236705,1.1391137896323178,-1565.0,15.061079325807947,18.15171023794615,,3.4555070640002237,,-5.668314708075339,3597.0,,,,,,,,,,1.4238991229467848
2003-12-01,185.5,0.98,84.8883,18.31,4.27,29.80714285714286,771551.0,6.0,41.62412,6.0,45.59091,,,103151.0,,6290.59,1379.7904012005902,6120.0,7450.0,607701000000.0,11456400000000.0,544.1431335,39490.27496,20999150983.0,3.7190125890756542,2.0352035203520247,1.6838090687236296,2.2809874109243458,-1.0552035203520247,3.3361909312763705,15.984912256056203,3.927903416819501,12.057008839236705,1.6838090687236296,-1330.0,13.845771812080537,5.1973490167211756,,3.4555070640002237,5.394647152756815,-5.295159950145411,5751.0,,,,,,,,,,2.724610427563404
2004-01-01,186.3,1.0,85.626,16.63,4.15,31.280952380952375,755279.0,6.0,41.78995,6.0,45.45667,,,106384.0,7357.0,2492.86,548.4035676172496,5216.0,6898.0,709153000000.0,12217200000000.0,624.2588265,41724.63163,18750377107.0,4.347805459901211,2.026286966046009,2.3215184938552014,1.6521945400987894,-1.0262869660460092,2.6784815061447986,14.723275562568515,5.657992182285887,9.06528338028263,2.3215184938552014,-1682.0,15.422441287329661,0.3120739870783318,4.149739195913999,2.6440524269092847,5.958117812766117,-5.165460424541857,3233.0,-1462.0,5099.0,2394.0,713.0,3733.0,-1557.0,187.0,-10071.0,,0.9279863176785539
2004-02-01,186.7,1.01,86.2937,14.55,4.08,30.8585,750666.0,6.0,41.78995,6.0,45.27167,,,109572.0,,3182.74,703.0312776179893,6227.0,6844.0,709153000000.0,12217200000000.0,624.2588265,41724.63163,18750377107.0,4.132227904081609,1.688453159041381,2.443774745040228,1.867772095918391,-0.6784531590413809,2.546225254959772,14.723275562568515,5.657992182285887,9.06528338028263,2.443774745040228,-617.0,16.009935710111048,-5.835952518995457,,2.6440524269092847,3.9732402559627733,-5.161996900019883,3188.0,,,,,,,,,,1.1896410691932306
2004-03-01,187.1,1.0,85.3923,16.74,3.83,33.63434782608696,760725.0,6.0,41.78995,6.0,45.01476,,,112959.0,,8811.8,1957.535706066188,7863.0,8034.0,709153000000.0,12217200000000.0,624.2588265,41724.63163,18750377107.0,3.4907555329483086,1.7400761283306032,1.7506794046177054,2.5092444670516914,-0.7400761283306032,3.2493205953822946,14.723275562568515,5.657992182285887,9.06528338028263,1.7506794046177054,-171.0,14.060119492158327,9.871714579819258,,2.6440524269092847,4.924836452561943,-5.512661874580848,3387.0,,,,,,,,,,3.3124626805208828
2004-04-01,187.4,1.0,88.815,17.19,4.35,33.59090909090909,772927.0,6.0,41.78995,6.0,43.93333,90.868,138.4952,118490.0,3608.0,4207.86,957.7830772217812,5643.0,6987.0,709153000000.0,12217200000000.0,624.2588265,41724.63163,18750377107.0,2.231231715351112,2.2925764192139875,-0.061344703862875605,3.768768284648888,-1.2925764192139875,5.061344703862876,14.723275562568515,5.657992182285887,9.06528338028263,-0.061344703862875605,-1344.0,16.958637469586375,34.00061651163213,2.035103849239868,2.6440524269092847,3.5687008069205994,-7.2696322093820935,5531.0,-5115.0,6140.0,3665.0,963.0,156.0,2690.0,1004.0,-7570.0,,1.6207217520988242
2004-05-01,188.2,1.0,87.7243,15.5,4.72,37.56761904761905,771108.0,6.0,42.12162,6.0,45.258,89.4499,135.7937,119379.0,,-3151.29,-696.2945777542092,5963.0,8073.0,709153000000.0,12217200000000.0,624.2588265,41724.63163,18750377107.0,2.834002957462478,2.8977583378895444,-0.0637553804270663,3.165997042537522,-1.8977583378895444,5.063755380427066,14.723275562568515,5.657992182285887,9.06528338028263,-0.0637553804270663,-2110.0,14.78743961352657,45.285850729976794,,2.6440524269092847,3.518880488014431,-3.876460288561767,889.0,,,,,,,,,,-1.1782414983861749
2004-06-01,188.9,1.03,87.3441,14.34,4.73,35.18363636363636,779578.0,6.0,42.45329,6.0,45.51591,88.9379,134.2308,119511.0,,511.0,112.268435366886,6068.0,8717.0,709153000000.0,12217200000000.0,624.2588265,41724.63163,18750377107.0,3.0181118255627304,3.1676679410158393,-0.14955611545310887,2.9818881744372696,-2.137667941015839,5.119556115453109,14.723275562568515,5.657992182285887,9.06528338028263,-0.14955611545310887,-2649.0,13.710106688080762,27.23327713253836,,2.6440524269092847,4.7794542605152035,-2.554408621027404,132.0,,,,,,,,,,0.1899761016878772
2004-07-01,189.1,1.26,87.8202,15.32,4.5,38.221363636363634,773916.0,6.0,42.86787,6.0,46.04364,88.1577,132.0906,118385.0,-4430.0,1292.83,280.7836217987978,5819.0,7872.0,709153000000.0,12217200000000.0,624.2588265,41724.63163,18750377107.0,3.1936246425235737,2.939575394665228,0.2540492478583456,2.8063753574764263,-1.679575394665228,4.485950752141655,14.723275562568515,5.657992182285887,9.06528338028263,0.2540492478583456,-2053.0,15.038744918699187,34.82582798631386,-2.4987555576864233,2.6440524269092847,4.541567888476883,-0.4021884694146993,-1126.0,-9692.0,4178.0,3548.0,1334.0,464.0,897.0,-714.0,634.0,,0.4751306786526424
2004-08-01,189.2,1.43,86.8051,15.29,4.28,42.74409090909091,775437.0,6.0,43.28245,6.0,46.34238,88.6611,131.8125,118154.0,,2850.25,615.0417824893758,5983.0,8132.0,709153000000.0,12217200000000.0,624.2588265,41724.63163,18750377107.0,4.609215579220205,2.5474254742547275,2.0617901049654774,1.390784420779795,-1.1174254742547276,2.508209895034523,14.723275562568515,5.657992182285887,9.06528338028263,2.0617901049654774,-2149.0,14.529513034923758,43.01376708211726,,2.6440524269092847,4.69865804705949,0.8857637339312774,-231.0,,,,,,,,,,1.0407488073620939
2004-09-01,189.8,1.61,85.2055,13.34,4.13,43.19681818181818,786330.0,6.0,43.36537,6.0,46.0981,89.089,132.5546,119579.0,,2815.61,610.7865617021092,6919.0,9420.0,709153000000.0,12217200000000.0,624.2588265,41724.63163,18750377107.0,4.809624663175227,2.5391680172879516,2.2704566458872755,1.190375336824773,-0.9291680172879515,2.119543354112724,14.723275562568515,5.657992182285887,9.06528338028263,2.2704566458872755,-2501.0,12.69416135881104,59.325699532248045,,2.6440524269092847,6.089776886721809,0.5400597769096516,1425.0,,,,,,,,,,1.0335482949977381
2004-10-01,190.8,1.76,82.6304,16.27,4.1,49.77666666666666,791336.0,6.0,43.61412,6.0,45.78368,89.0713,132.0247,121337.0,-5754.0,3952.04,863.1984148063241,6519.0,8989.0,709153000000.0,12217200000000.0,624.2588265,41724.63163,18750377107.0,4.572561370934025,3.1909140075716547,1.3816473633623705,1.4274386290659749,-1.4309140075716547,2.8583526366376297,14.723275562568515,5.657992182285887,9.06528338028263,1.3816473633623705,-2470.0,13.498386917343419,68.11996436508167,-3.2455619591258866,2.6440524269092847,5.8966480745966665,0.866327608560824,1758.0,-11767.0,4039.0,12622.0,582.0,4684.0,2989.0,1324.0,-6594.0,,1.4606694151580675
2004-11-01,191.7,1.93,79.9112,13.24,4.19,43.110454545454544,809956.0,6.0,43.5312,6.0,45.12684,88.3554,131.4104,128226.0,,6344.5700000000015,1405.941563823215,7086.0,9358.0,709153000000.0,12217200000000.0,624.2588265,41724.63163,18750377107.0,4.166671651916309,3.621621621621607,0.5450500302947026,1.8333283480836906,-1.691621621621607,3.5249499697052977,14.723275562568515,5.657992182285887,9.06528338028263,0.5450500302947026,-2272.0,13.70228681342167,49.93636916947932,,2.6440524269092847,7.000597122188101,-0.8637082601054558,6889.0,,,,,,,,,,2.37907740161553
2004-12-01,191.7,2.16,79.4917,13.29,4.23,39.60217391304348,810944.0,6.0,43.19954,6.0,43.98043,88.7982,133.2089,131178.0,,5890.0,1339.232017513244,7357.0,10457.0,709153000000.0,12217200000000.0,624.2588265,41724.63163,18750377107.0,3.78487280932307,3.3423180592991875,0.44255475002388245,2.21512719067693,-1.1823180592991873,3.3974452499761174,14.723275562568515,5.657992182285887,9.06528338028263,0.44255475002388245,-3100.0,12.5445156354595,32.86135508809218,,2.6440524269092847,5.105689708133365,-3.5324585536897657,2952.0,,,,,,,,,,2.2661942077603743
2005-01-01,191.6,2.28,81.6728,12.82,4.22,44.509,807262.0,6.0,43.61412,6.0,43.75684,89.8529,134.1472,129463.0,4106.0,1324.24,302.6361135767574,8194.0,11009.0,820384000000.0,13039200000000.0,710.4880804,44123.40707,22125089480.0,4.365092564121276,2.8448738593666034,1.5202187047546722,1.6349074358787243,-0.5648738593666036,2.199781295245328,13.81306122389283,5.74906319430577,8.063998029587061,1.5202187047546722,-2815.0,11.759742029248796,42.28786725529004,2.0019893123220345,2.6969186966103678,6.882622183325626,-3.7394512180500827,-1715.0,-7128.0,6168.0,8187.0,834.0,3983.0,4333.0,2260.0,-12629.0,,0.4426748160521279
2005-02-01,192.4,2.5,80.8079,12.08,4.17,45.475,804576.0,6.0,43.5312,6.0,43.677,90.0899,135.1026,135900.0,,7493.76,1715.722233669895,8046.0,10357.0,820384000000.0,13039200000000.0,710.4880804,44123.40707,22125089480.0,4.166671651916309,3.0530262453133394,1.11364540660297,1.8333283480836906,-0.5530262453133394,2.38635459339703,13.81306122389283,5.74906319430577,8.063998029587061,1.11364540660297,-2311.0,13.121560297383413,47.366203801221715,,2.6969186966103678,7.1816227190255155,-3.52244571494712,6437.0,,,,,,,,,,2.5096377798736618
2005-03-01,193.1,2.63,81.7542,14.02,4.5,53.10454545454545,807551.0,6.0,43.5312,6.0,43.69,89.1764,134.3602,141514.0,,7885.58,1804.8935683222708,10155.0,12369.0,820384000000.0,13039200000000.0,710.4880804,44123.40707,22125089480.0,4.166671651916309,3.2068412613575736,0.9598303905587358,1.8333283480836906,-0.5768412613575737,2.4101696094412643,13.81306122389283,5.74906319430577,8.063998029587061,0.9598303905587358,-2214.0,11.441021909612742,57.88784051688172,,2.6969186966103678,6.155443820040096,-2.9429458248805607,5614.0,,,,,,,,,,2.6400713348708957
2005-04-01,193.7,2.79,82.3876,15.31,4.34,51.88380952380952,809797.0,6.0,43.86287,6.0,43.74118,89.9783,135.4603,141841.0,-4794.0,-946.0,-216.27217189842617,7680.0,11336.0,820384000000.0,13039200000000.0,710.4880804,44123.40707,22125089480.0,4.960331371537907,3.3617929562433257,1.5985384152945814,1.0396686284620928,-0.5717929562433257,1.6114615847054186,13.81306122389283,5.74906319430577,8.063998029587061,1.5985384152945814,-3656.0,12.512438249823571,54.45789032798503,-2.3374419783906073,2.6969186966103678,4.7701788137819,-0.4373672562494102,327.0,-13964.0,5889.0,5773.0,1350.0,972.0,1944.0,782.0,-1247.0,,-0.3163477179931732
2005-05-01,193.6,3.0,84.6087,13.29,4.14,48.64545454545455,810160.0,6.0,43.69703,6.0,43.49143,90.3482,137.0498,138857.0,,-586.9999999999999,-134.96911920348444,7977.0,13232.0,820384000000.0,13039200000000.0,710.4880804,44123.40707,22125089480.0,3.740145796861549,2.869287991498415,0.870857805363134,2.259854203138451,0.13071200850158515,2.129142194636866,13.81306122389283,5.74906319430577,8.063998029587061,0.870857805363134,-5255.0,10.494029625151148,29.487723147409817,,2.6969186966103678,5.064400836199345,-3.903332007600868,-2984.0,,,,,,,,,,-0.19742333229826686
2005-06-01,193.7,3.04,85.3391,12.04,4.0,54.35454545454545,810082.0,6.0,43.86287,6.0,43.58591,91.5981,138.8308,138370.0,,5699.0,1307.5326407088896,7893.0,11803.0,820384000000.0,13039200000000.0,710.4880804,44123.40707,22125089480.0,3.3203080373747307,2.541026998411855,0.7792810389628757,2.6796919626252693,0.49897300158814506,2.1807189610371243,13.81306122389283,5.74906319430577,8.063998029587061,0.7792810389628757,-3910.0,11.72329068880793,54.488140147795995,,2.6969186966103678,3.9128862025352262,-4.240275543211158,-487.0,,,,,,,,,,1.912566760018074
2005-07-01,194.9,3.26,85.6004,11.57,4.18,57.52,814259.0,6.0,44.60912,6.0,43.53737,93.6529,140.1023,140542.0,-4684.0,7391.0,1697.6220658252898,7492.0,11509.0,820384000000.0,13039200000000.0,710.4880804,44123.40707,22125089480.0,4.061899973103378,3.067160232681121,0.9947397404222569,1.9381000268966222,0.19283976731887886,1.7452602595777433,13.81306122389283,5.74906319430577,8.063998029587061,0.9947397404222569,-4017.0,12.211486662611868,50.49175258957985,-2.283808557943597,2.6969186966103678,5.2128396363429585,-5.44324905676441,2172.0,-13424.0,4991.0,10543.0,1076.0,4441.0,4342.0,1996.0,-5256.0,,2.4831621277235394
2005-08-01,196.1,3.5,83.8601,12.6,4.26,63.98347826086956,823237.0,6.0,44.77495,6.0,43.62591,92.5839,138.4398,144079.0,,4085.0,936.3701525079936,8571.0,12760.0,820384000000.0,13039200000000.0,710.4880804,44123.40707,22125089480.0,3.448279845526314,3.6469344608879517,-0.19865461536163753,2.551720154473686,-0.1469344608879517,2.6986546153616375,13.81306122389283,5.74906319430577,8.063998029587061,-0.19865461536163753,-4189.0,11.291457680250783,49.68964574998462,,2.6969186966103678,6.1642660848012065,-5.861740376735081,3537.0,,,,,,,,,,1.3696563840952434
2005-09-01,198.8,3.62,84.3793,11.92,4.2,62.908181818181816,823771.0,6.0,44.94078,6.0,43.9165,91.752,137.6193,143059.0,,3258.0000000000005,741.8623979597646,8457.0,12896.0,820384000000.0,13039200000000.0,710.4880804,44123.40707,22125089480.0,3.6328757254924895,4.741833508956805,-1.1089577834643158,2.3671242745075105,-1.1218335089568052,3.4889577834643157,13.81306122389283,5.74906319430577,8.063998029587061,-1.1089577834643158,-4439.0,11.093284739454095,45.63151747287784,,2.6969186966103678,4.761486907532464,-4.732516090684868,-1020.0,,,,,,,,,,1.0851441246437248
2005-10-01,199.1,3.78,85.4842,15.32,4.46,58.53857142857142,819105.0,6.0,45.43828,6.0,44.8225,91.1678,136.1564,143573.0,-4913.0,-3808.0,-849.5733169725027,8622.0,11883.0,820384000000.0,13039200000000.0,710.4880804,44123.40707,22125089480.0,4.182498695376635,4.350104821802936,-0.16760612642630068,1.8175013046233648,-0.5701048218029361,2.387606126426301,13.81306122389283,5.74906319430577,8.063998029587061,-0.16760612642630068,-3261.0,12.08221829504334,17.602433727793688,-2.395463587783282,2.6969186966103678,3.509128865614608,-2.0993943693473294,514.0,-12739.0,6385.0,780.0,1368.0,2748.0,-2604.0,-978.0,4672.0,,-1.242696079356744
2005-11-01,198.1,4.0,86.3872,12.06,4.54,55.24181818181818,835059.0,6.0,45.85286,6.0,45.7285,91.1387,134.4257,142821.0,,4559.0,996.9712542506315,7293.0,11326.0,820384000000.0,13039200000000.0,710.4880804,44123.40707,22125089480.0,5.333324144521634,3.3385498174230532,1.9947743270985807,0.666675855478366,0.6614501825769468,0.005225672901419287,13.81306122389283,5.74906319430577,8.063998029587061,1.9947743270985807,-4033.0,12.61001236093943,28.140189576457942,,2.6969186966103678,3.0993041597321414,1.3332641948782475,-752.0,,,,,,,,,,1.4582994123492876
2005-12-01,198.1,4.16,86.0274,12.07,4.47,56.855714285714285,847700.0,6.0,45.60411,6.0,45.64545,90.4363,134.0633,137206.0,,9615.000000000002,2106.4531075934187,9235.0,12390.0,820384000000.0,13039200000000.0,710.4880804,44123.40707,22125089480.0,5.566193528912566,3.3385498174230532,2.227643711489513,0.43380647108743364,0.8214501825769469,-0.38764371148951327,13.81306122389283,5.74906319430577,8.063998029587061,2.227643711489513,-3155.0,11.073930589184826,43.56715469851551,,2.6969186966103678,4.532495462078767,3.7858201932086555,-5615.0,,,,,,,,,,3.0811714137673363
2006-01-01,199.3,4.29,99.4311,12.95,4.42,62.985238095238095,828901.0,6.0,45.5212,6.0,44.3985,91.237,136.0919,140374.0,4489.0,5177.000000000001,1166.0303839093665,9168.0,12894.0,940260000000.0,13815600000000.0,801.6683537,46302.00088,28333642280.0,4.372620610022637,4.018789144050117,0.3538314659725206,1.6273793899773628,0.27121085594988337,1.3561685340274794,12.833469809749133,4.937501327909133,7.89596848184,0.3538314659725206,-3726.0,10.886769039863502,41.51124063726008,1.9096845553357582,3.013383774700615,2.6805423765766223,1.4664221639405506,3168.0,-11777.0,7228.0,8374.0,-760.0,4333.0,4227.0,-427.0,-13221.0,,1.4881378136805135
2006-02-01,199.4,4.49,99.7695,12.34,4.57,60.21,840555.0,6.0,45.5212,6.0,44.33105,91.4411,136.7963,142400.0,,7859.0,1772.7980726826909,9055.0,11535.0,940260000000.0,13815600000000.0,801.6683537,46302.00088,28333642280.0,4.571433822178128,3.63825363825363,0.933180183924498,1.428566177821872,0.8517463617463701,0.5768198160755018,12.833469809749133,4.937501327909133,7.89596848184,0.933180183924498,-2480.0,12.34503684438665,32.402418911489825,,3.013383774700615,4.4717963250208825,1.4974700643359151,2026.0,,,,,,,,,,2.2625206721749613
2006-03-01,199.7,4.59,100.56,11.39,4.72,62.06478260869565,833675.0,6.0,45.5212,6.0,44.4819,90.8153,136.2672,151622.0,,6348.0,1427.0973137388464,11561.0,14314.0,940260000000.0,13815600000000.0,801.6683537,46302.00088,28333642280.0,4.571433822178128,3.4179181771103018,1.1535156450678263,1.428566177821872,1.172081822889698,0.2564843549321738,12.833469809749133,4.937501327909133,7.89596848184,1.1535156450678263,-2753.0,10.592566717898562,16.87282524961948,,3.013383774700615,3.2349659649978824,1.8125429159991047,9222.0,,,,,,,,,,1.821322587886984
2006-04-01,200.7,4.79,98.1412,11.59,4.99,70.26,844572.0,6.0,45.90373,6.0,44.94941,89.0325,133.3428,160677.0,-4437.0,722.07,160.6405957275079,8625.0,12924.5,940260000000.0,13815600000000.0,801.6683537,46302.00088,28333642280.0,4.652819115575424,3.613835828600931,1.038983286974493,1.347180884424576,1.1761641713990691,0.17101671302550692,12.833469809749133,4.937501327909133,7.89596848184,1.038983286974493,-4299.5,12.431970288986035,35.417966885715366,-1.887563014485355,3.013383774700615,4.294286098861821,2.762225436076493,9055.0,-16950.0,6894.0,10725.0,1738.0,-506.0,5211.0,5061.0,-6379.0,,0.20501639426648957
2006-05-01,201.3,4.94,97.7705,16.44,5.11,69.77695652173912,851580.0,6.0,46.28626,6.0,45.40909,87.5186,129.867,163868.0,,-8930.32,-1966.6370764091507,10109.7,15106.0,940260000000.0,13815600000000.0,801.6683537,46302.00088,28333642280.0,5.925414152861186,3.9772727272727293,1.9481414255884566,0.07458584713881411,0.9627272727272711,-0.888141425588457,12.833469809749133,4.937501327909133,7.89596848184,1.9481414255884566,-4996.299999999999,10.847875016549715,43.439828394530046,,3.013383774700615,5.11257035647279,4.40928247243193,3191.0,,,,,,,,,,-2.5099062936751335
2006-06-01,201.8,4.99,98.2483,13.08,5.11,68.5559090909091,844436.0,6.0,47.05132,6.0,46.05545,88.2731,129.3949,162912.0,,1781.8699999999997,386.89666478125815,10420.0,14400.1,940260000000.0,13815600000000.0,801.6683537,46302.00088,28333642280.0,7.269132184008931,4.1817243159525175,3.087407868056413,-1.2691321840089307,0.8082756840474827,-2.0774078680564134,12.833469809749133,4.937501327909133,7.89596848184,3.087407868056413,-3980.1,11.313254769064104,26.127278809165432,,3.013383774700615,4.240805251814006,5.66591359455384,-956.0,,,,,,,,,,0.49377406008711394
2006-07-01,202.9,5.24,97.9996,14.95,5.09,73.67428571428572,841552.0,6.0,47.43385,6.0,46.45619,87.6963,128.0549,164577.0,-5747.0,1073.1600000000003,231.004738012308,10600.1,14985.4,940260000000.0,13815600000000.0,801.6683537,46302.00088,28333642280.0,6.33218050479365,4.104669061056954,2.227511443736696,-0.3321805047936497,1.1353309389430466,-1.4675114437366963,12.833469809749133,4.937501327909133,7.89596848184,2.227511443736696,-4385.299999999999,10.982489623233281,28.084641366977948,-2.4448556782166633,3.013383774700615,3.3518818950726947,6.704171611652243,1665.0,-16016.0,5838.0,7860.0,2116.0,2150.0,4782.0,-1718.0,-2270.0,,0.29481812011014996
2006-08-01,203.8,5.25,97.644,12.31,4.88,73.2304347826087,850925.0,6.0,47.43385,6.0,46.53909,87.5329,127.1494,166244.0,,3998.05,859.0735229244921,10769.5,15326.7,940260000000.0,13815600000000.0,801.6683537,46302.00088,28333642280.0,5.938365090301612,3.926568077511483,2.0117970127901286,0.06163490969838836,1.323431922488517,-1.2617970127901286,12.833469809749133,4.937501327909133,7.89596848184,2.0117970127901286,-4557.200000000001,10.846692373439813,14.452100406354917,,3.013383774700615,3.363308500468265,6.677637211464482,1667.0,,,,,,,,,,1.096386347935029
2006-09-01,202.8,5.25,98.1054,11.98,4.72,61.95857142857143,849971.0,6.0,47.81638,6.0,46.12095,89.2017,128.7148,165305.0,,4624.13,1002.6094432139842,10756.9,17351.1,940260000000.0,13815600000000.0,801.6683537,46302.00088,28333642280.0,6.398642836194668,2.012072434607637,4.386570401587031,-0.3986428361946679,3.237927565392363,-3.636570401587031,12.833469809749133,4.937501327909133,7.89596848184,4.386570401587031,-6594.199999999999,9.527061684849953,-1.5095180979080913,,3.013383774700615,3.180495550341056,5.019639543224086,-939.0,,,,,,,,,,1.2795730243302712
2006-10-01,201.9,5.25,97.3901,11.1,4.73,57.808181818181815,852648.0,6.0,48.58145,6.0,45.46842,91.9043,131.0467,167392.0,-3604.0,5805.01,1276.7124962776363,9928.6,17512.4,940260000000.0,13815600000000.0,801.6683537,46302.00088,28333642280.0,6.917449340071857,1.4063284781516971,5.51112086192016,-0.9174493400718573,3.843671521848303,-4.76112086192016,12.833469809749133,4.937501327909133,7.89596848184,5.51112086192016,-7583.800000000001,9.558484274000136,-1.2477065848469304,-1.5331929466317828,3.013383774700615,4.09507938542677,1.4410619666462177,2087.0,-16433.0,8430.0,10815.0,2898.0,3569.0,6481.0,-3113.0,-7505.0,,1.6293950561899515
2006-11-01,202.0,5.25,96.5779,10.91,4.6,58.76136363636363,856671.0,6.0,48.58145,6.0,44.85045,92.2705,131.5449,174641.0,,7028.589999999999,1567.1169408556657,9979.4,16381.2,940260000000.0,13815600000000.0,801.6683537,46302.00088,28333642280.0,5.950752035968954,1.9687026754164672,3.9820493605524865,0.049247964031046365,3.281297324583533,-3.2320493605524865,12.833469809749133,4.937501327909133,7.89596848184,3.9820493605524865,-6401.800000000001,10.661062681610627,6.371161504788847,,3.013383774700615,2.588080602687959,-1.9201373322982218,7249.0,,,,,,,,,,2.000021620644076
2006-12-01,203.1,5.24,97.0312,11.56,4.56,62.47210526315789,869988.0,6.0,48.58145,6.0,44.6345,90.9644,130.6423,177251.0,,-1869.49,-418.84416762818,10834.5,15679.6,940260000000.0,13815600000000.0,801.6683537,46302.00088,28333642280.0,6.528665946994683,2.5239777889954462,4.004688157999237,-0.5286659469946828,2.716022211004554,-3.244688157999237,12.833469809749133,4.937501327909133,7.89596848184,4.004688157999237,-4845.1,11.304561340850531,9.87832278250842,,3.013383774700615,2.629232039636653,-2.2147881114108703,2610.0,,,,,,,,,,-0.5345468287003765
2007-01-01,203.437,5.25,97.964,10.42,4.76,53.68142857142857,865730.0,6.0,48.58145,6.0,44.333,91.5488,132.39,180161.0,4223.0,3184.86,718.3948751494373,10967.0,14446.9,1216740000000.0,14474200000000.0,1021.887077,48050.22378,37216755275.0,6.722691844678952,2.075765178123423,4.646926666555529,-0.7226918446789519,3.174234821876577,-3.8969266665555287,27.47005320636744,3.77569622645646,23.69435697991097,4.646926666555529,-3479.9,12.470564619399317,-14.771412802697537,1.3882998832947056,3.0587270308364976,4.443112024234508,-0.14752750655990798,2910.0,-12383.0,8663.0,15803.0,941.0,1847.0,8016.0,1683.0,-20452.0,,0.7085111446811355
2007-02-01,204.226,5.26,97.2386,15.42,4.72,57.55578947368421,877409.0,6.0,48.96398,6.0,44.16056,91.6216,132.6373,194563.0,,4279.07,968.9800129346186,10561.2,14484.7,1216740000000.0,14474200000000.0,1021.887077,48050.22378,37216755275.0,7.563025579290515,2.420260782347028,5.142764796943487,-1.5630255792905148,2.839739217652972,-4.402764796943487,27.47005320636744,3.77569622645646,23.69435697991097,5.142764796943487,-3923.5,13.432311335409086,-4.408255316917109,,3.0587270308364976,4.384484061126281,-0.3845837172816835,14402.0,,,,,,,,,,0.9556487133829268
2007-03-01,205.288,5.26,96.3183,14.64,4.56,62.05045454545455,869803.0,6.0,48.58145,6.0,44.0255,91.1494,132.5035,199179.0,,2057.05,467.2405764840831,12862.4,17136.6,1216740000000.0,14474200000000.0,1021.887077,48050.22378,37216755275.0,6.722691844678952,2.798197295943927,3.9244945487350247,-0.7226918446789519,2.4618027040560726,-3.1844945487350245,27.47005320636744,3.77569622645646,23.69435697991097,3.9244945487350247,-4274.199999999999,11.623017401351495,-0.023085657661026104,,3.0587270308364976,4.3335832308753375,-1.0260353087435559,4616.0,,,,,,,,,,0.46081224565716566
2007-04-01,205.904,5.25,94.8365,14.22,4.69,67.4857894736842,879686.0,6.0,48.96398,6.0,42.15105,94.1569,136.9509,204409.0,-4532.0,4752.88,1127.5828241526606,11326.8,18370.6,1216740000000.0,14474200000000.0,1021.887077,48050.22378,37216755275.0,6.666669571296269,2.5929247633283525,4.073744807967916,-0.6666695712962687,2.6570752366716475,-3.323744807967916,27.47005320636744,3.77569622645646,23.69435697991097,4.073744807967916,-7043.799999999999,11.126963735533952,-3.948492067059206,-1.4898828015845622,3.0587270308364976,4.157608824351278,-6.225576709460712,5230.0,-19747.0,8208.0,15698.0,2874.0,7542.0,9147.0,-918.0,-11200.0,,1.1120694552518966
2007-05-01,206.755,5.25,94.3215,13.05,4.75,67.21227272727273,876986.0,6.0,49.34651,6.0,40.77952,97.2921,141.2713,208068.0,,3242.1700000000005,795.0485930192411,12455.7,21149.5,1216740000000.0,14474200000000.0,1021.887077,48050.22378,37216755275.0,6.611573283302663,2.709885742672613,3.90168754063005,-0.611573283302663,2.540114257327387,-3.15168754063005,27.47005320636744,3.77569622645646,23.69435697991097,3.90168754063005,-8693.8,9.837963072413059,-3.6755455128905767,,3.0587270308364976,2.9833955705864446,-10.195249453358347,3659.0,,,,,,,,,,0.784110254962514
2007-06-01,207.234,5.25,94.1393,16.23,5.1,71.04571428571428,865105.0,6.0,49.729040000000005,6.0,40.7719,98.0085,141.6621,213362.0,,7210.020000000001,1768.379692876712,12101.0,20016.0,1216740000000.0,14474200000000.0,1021.887077,48050.22378,37216755275.0,5.691062439906069,2.692765113974227,2.9982973259318424,0.3089375600939306,2.557234886025773,-2.2482973259318424,27.47005320636744,3.77569622645646,23.69435697991097,2.9982973259318424,-7915.0,10.6595723421263,3.6317878762333278,,3.0587270308364976,2.4476692135342315,-11.472149333032245,5294.0,,,,,,,,,,1.7440501926887046
2007-07-01,207.603,5.26,93.4264,23.52,5.0,76.92999999999999,863890.0,6.0,50.4941,6.0,40.41636,98.9737,141.491,227107.0,-4257.0,19515.29,4828.561998161142,12513.3,21128.6,1216740000000.0,14474200000000.0,1021.887077,48050.22378,37216755275.0,6.4516163035469365,2.3178905864958077,4.133725717051129,-0.4516163035469365,2.942109413504192,-3.3937257170511286,27.47005320636744,3.77569622645646,23.69435697991097,4.133725717051129,-8615.3,10.748795471540944,4.419064608702383,-1.3994772917796736,3.0587270308364976,2.6543814285985956,-13.001130742749245,13745.0,-21475.0,9254.0,33224.0,2266.0,10900.0,9580.0,6643.0,-29236.0,,4.762130280744752
2007-08-01,207.667,5.02,93.6674,23.38,4.67,70.76086956521739,872873.0,6.0,50.87663,6.0,40.81762,98.6515,140.8047,228847.0,,-6476.32,-1586.648119121105,12640.6,20365.9,1216740000000.0,14474200000000.0,1021.887077,48050.22378,37216755275.0,7.258065706241434,1.897448478900876,5.360617227340558,-1.2580657062414344,3.1225515210991235,-4.380617227340558,27.47005320636744,3.77569622645646,23.69435697991097,5.360617227340558,-7725.300000000001,11.236773233689647,-3.37232084545509,,3.0587270308364976,2.5793107500660994,-12.293901750120174,1740.0,,,,,,,,,,-1.5648188955284827
2007-09-01,208.547,4.94,90.9446,18.0,4.52,77.17315789473685,889900.0,6.0,50.87663,6.0,40.34,98.8035,141.2353,247762.0,,19823.4,4914.080317302924,12521.4,18217.5,1216740000000.0,14474200000000.0,1021.887077,48050.22378,37216755275.0,6.400003513440367,2.8338264299802685,3.566177083460099,-0.40000351344036744,2.106173570019732,-2.5061770834600994,27.47005320636744,3.77569622645646,23.69435697991097,3.566177083460099,-5696.1,13.60021956909565,24.556064020464795,,3.0587270308364976,4.697689685883399,-12.534325507171895,18915.0,,,,,,,,,,4.846472032450244
2007-10-01,209.19,4.76,89.1389,18.53,4.53,82.34,883385.0,6.0,51.25916,6.0,39.51318,99.701,142.19,264692.0,-3511.0,16375.64,4144.348797034306,14674.7,21832.6,1216740000000.0,14474200000000.0,1021.887077,48050.22378,37216755275.0,5.511795139914533,3.610698365527476,1.9010967743870566,0.4882048600854674,1.1493016344725238,-0.6610967743870564,27.47005320636744,3.77569622645646,23.69435697991097,1.9010967743870566,-7157.899999999998,12.123704918333136,42.43658494393685,-1.1542317997271396,3.0587270308364976,3.604887362663134,-13.097530109909261,16930.0,-24241.0,10861.0,29639.0,2120.0,12727.0,10070.0,207.0,-26738.0,,4.08733053605632
2007-11-01,210.834,4.49,89.6212,22.87,4.15,92.41428571428573,879417.0,6.0,51.25916,6.0,39.44,98.4035,140.6996,273520.0,,-3052.11,-773.8615618661258,12909.3,22104.1,1216740000000.0,14474200000000.0,1021.887077,48050.22378,37216755275.0,5.511795139914533,4.373267326732666,1.1385278131818666,0.4882048600854674,0.11673267326733416,0.3714721868181332,27.47005320636744,3.77569622645646,23.69435697991097,1.1385278131818666,-9194.8,12.374174926823532,57.27049202972625,,3.0587270308364976,2.6551616664973965,-12.063312631199919,8828.0,,,,,,,,,,-0.7632147165699746
2007-12-01,211.445,4.24,89.6304,22.5,4.1,90.92684210526316,890662.0,6.0,51.25916,6.0,39.44,98.4681,141.3028,275316.0,,5054.92,1281.6734279918865,14625.5,20116.9,1216740000000.0,14474200000000.0,1021.887077,48050.22378,37216755275.0,5.511795139914533,4.108813392417532,1.4029817474970008,0.4882048600854674,0.13118660758246836,0.357018252502999,27.47005320636744,3.77569622645646,23.69435697991097,1.4029817474970008,-5491.4000000000015,13.685806461234085,45.547907697751434,,3.0587270308364976,2.376354616385523,-11.637858607131268,1796.0,,,,,,,,,,1.2640400690289328
2008-01-01,212.174,3.94,88.6547,26.2,3.74,92.17809523809524,900264.0,6.0,51.25916,6.0,39.37478,97.2519,140.7284,293240.0,-3438.0,-13000.980000000003,-3301.854638933856,14889.1,22844.4,1198900000000.0,14769900000000.0,992.5195849,48570.04598,49977276916.0,5.511795139914533,4.294695655165981,1.2170994847485517,0.4882048600854674,-0.354695655165981,0.8429005152514484,-2.873849054458677,1.0818309658244818,-3.955680020283159,1.2170994847485517,-7955.300000000001,12.836406296510305,71.71319335409072,-1.147051463841855,4.168594287763783,3.989003499936472,-11.184038977736666,17924.0,-26005.0,13384.0,28024.0,8633.0,-3736.0,11856.0,5827.0,-24990.0,,-3.304884116040227
2008-02-01,212.687,2.98,87.1654,26.54,3.74,94.9865,893825.0,6.0,51.6417,6.0,39.72952,95.8941,138.9403,301235.0,,7784.26,1959.3138804596683,15116.2,20804.4,1198900000000.0,14769900000000.0,992.5195849,48570.04598,49977276916.0,5.468754786681962,4.142959270611968,1.3257955160699941,0.5312452133180381,-1.1629592706119678,1.6942044839300059,-2.873849054458677,1.0818309658244818,-3.955680020283159,1.3257955160699941,-5688.200000000001,14.479388975409048,65.03378872672741,,4.168594287763783,1.8709632565884426,-10.033930729139296,7995.0,,,,,,,,,,1.9611115660618916
2008-03-01,213.448,2.61,86.6881,25.61,3.51,103.6355,893965.0,6.0,52.40676,6.0,40.35667,93.4735,134.3085,309723.0,,1354.39,335.6049941682503,17254.0,23573.7,1198900000000.0,14769900000000.0,992.5195849,48570.04598,49977276916.0,7.874013641009081,3.9749035501344343,3.8991100908746468,-1.874013641009081,-1.3649035501344344,-0.5091100908746466,-2.873849054458677,1.0818309658244818,-3.955680020283159,3.8991100908746468,-6319.700000000001,13.138497562962113,67.0181157562394,,4.168594287763783,2.777870391341497,-8.333420404083991,8488.0,,,,,,,,,,0.33591291433972836
2008-04-01,213.942,2.28,86.8907,20.79,3.68,109.07136363636364,888131.0,6.0,52.78929,6.0,40.02778,93.6252,135.2142,314155.0,-3400.776376,1475.95,368.7314160315661,18460.4,30316.9,1198900000000.0,14769900000000.0,992.5195849,48570.04598,49977276916.0,7.812498085327224,3.9037609759888126,3.9087371093384116,-1.8124980853272241,-1.6237609759888127,-0.18873710933841137,-2.873849054458677,1.0818309658244818,-3.955680020283159,3.9087371093384116,-11856.5,10.362372142270482,61.62123090950213,-1.13463220485445,4.168594287763783,0.9600016369477382,-5.037288513572014,4432.0,-25200.163962,12102.213917,5227.912784,8944.219014,-4206.732953,6194.787469,2696.049328,-2235.0,,0.36906972995068754
2008-05-01,215.208,1.98,86.5504,17.83,3.88,122.79714285714284,904054.0,6.0,53.17182,6.0,42.1255,88.8381,129.0945,314614.0,,-3378.41,-801.9869200365573,18686.6,29443.6,1198900000000.0,14769900000000.0,992.5195849,48570.04598,49977276916.0,7.751936256485004,4.088413823123993,3.6635224333610106,-1.7519362564850036,-2.108413823123993,0.35647756663898944,-2.873849054458677,1.0818309658244818,-3.955680020283159,3.6635224333610106,-10757.0,10.685310220217637,82.70047697303269,,4.168594287763783,3.086480285888249,3.30062737374055,459.0,,,,,,,,,,-0.8027227492233453
2008-06-01,217.463,2.0,86.7621,23.95,4.1,132.32238095238094,892713.0,6.0,53.55435,6.0,42.82,87.8737,127.0808,312087.0,,-10429.389999999996,-2435.635217188229,19180.9,28950.6,1198900000000.0,14769900000000.0,992.5195849,48570.04598,49977276916.0,7.692306145463479,4.935966105947864,2.7563400395156146,-1.692306145463479,-2.9359661059478643,1.2436599604843854,-2.873849054458677,1.0818309658244818,-3.955680020283159,2.7563400395156146,-9769.699999999995,10.779983834531928,86.24963135740904,,4.168594287763783,3.1912889186861637,5.023312624626275,-2527.0,,,,,,,,,,-2.437869931291913
2008-07-01,219.016,2.01,86.8567,22.94,4.01,132.71818181818182,918625.0,6.0,54.70195,6.0,42.83652,88.2374,126.2262,306176.0,-12264.168668,-1653.81,-386.0747791837432,19030.4,31625.5,1198900000000.0,14769900000000.0,992.5195849,48570.04598,49977276916.0,8.33334983691163,5.497512078341837,2.8358377585697925,-2.33334983691163,-3.4875120783418376,1.1541622414302077,-2.873849054458677,1.0818309658244818,-3.955680020283159,2.8358377585697925,-12595.1,9.681301481399503,72.51810973376034,-4.091807045791976,4.168594287763783,6.3358760953362125,5.988070177522187,-5911.0,-39121.13184,12988.37394,6780.126916,6159.158999,-1311.184175,2565.806412,2274.815471,4734.0,,-0.38642900577236783
2008-08-01,218.69,2.0,90.0567,20.65,3.89,113.24333333333334,909982.0,6.0,55.46701,6.0,42.93895,90.8741,128.469,295309.0,,-2808.24,-654.0076084766861,17759.3,33523.2,1198900000000.0,14769900000000.0,992.5195849,48570.04598,49977276916.0,9.02257087389633,5.308017162091239,3.714553711805091,-3.0225708738963295,-3.3080171620912386,0.28544628819490914,-2.873849054458677,1.0818309658244818,-3.955680020283159,3.714553711805091,-15763.899999999998,8.809093403970982,60.036661546338976,,4.168594287763783,4.25136302761111,5.197093804097341,-10867.0,,,,,,,,,,-0.6546076655033976
2008-09-01,218.877,1.81,92.3773,39.39,3.69,97.23476190476192,1211825.0,6.0,55.849540000000005,6.0,45.564,88.2564,123.8301,286336.0,,-7548.909999999999,-1656.770696163638,15789.1,31135.7,1198900000000.0,14769900000000.0,992.5195849,48570.04598,49977276916.0,9.774448504156052,4.953319875136075,4.821128629019976,-3.7744485041560516,-3.143319875136075,-0.6311286290199765,-2.873849054458677,1.0818309658244818,-3.955680020283159,4.821128629019976,-15346.6,9.196388711350636,25.995572239494003,,4.168594287763783,36.175412967749175,12.949925632126913,-8973.0,,,,,,,,,,-1.6582907960600264
2008-10-01,216.995,0.97,99.7662,59.89,3.81,71.58217391304348,1969086.0,6.0,56.6146,6.0,48.64222,87.5797,120.5964,252883.0,-11870.949995,-13461.39,-2767.429200394225,14130.8,25869.3,1198900000000.0,14769900000000.0,992.5195849,48570.04598,49977276916.0,10.447771676320873,3.7310578899565128,6.71671378636436,-4.447771676320873,-2.761057889956513,-1.6867137863643595,-2.873849054458677,1.0818309658244818,-3.955680020283159,6.71671378636436,-11738.5,9.775409462181042,-13.065127625645523,-3.9606138944032034,4.168594287763783,122.90235854129286,23.103784610603363,-33453.0,-34993.554879,9964.315607,-4994.767045,2940.904754,-5820.175794,383.253328,-4956.382347,17881.0,,-2.769968338037426
2008-11-01,213.153,0.39,101.6468,55.84,3.53,52.45263157894737,2106117.0,6.0,56.6146,6.0,49.00333,89.6112,122.6559,247686.0,,-2607.45,-532.0964922179778,11163.3,23488.2,1198900000000.0,14769900000000.0,992.5195849,48570.04598,49977276916.0,10.447771676320873,1.0999174706166848,9.347854205704188,-4.447771676320873,-0.7099174706166848,-3.737854205704188,-2.873849054458677,1.0818309658244818,-3.955680020283159,9.347854205704188,-12324.9,10.54512478606279,-43.24185792972152,,4.168594287763783,139.4901394901395,24.24779411764706,-5197.0,,,,,,,,,,-0.5325846948549282
2008-12-01,211.398,0.16,98.6518,40.0,2.42,39.94681818181818,2239457.0,6.0,56.23206999999999,6.0,48.6419,87.905,121.57,255968.0,,2207.88,453.9049667056592,13368.2,19456.3,1198900000000.0,14769900000000.0,992.5195849,48570.04598,49977276916.0,9.701505057827696,-0.02222800255385904,9.723733060381555,-3.7015050578276956,0.18222800255385904,-3.8837330603815547,-2.873849054458677,1.0818309658244818,-3.955680020283159,9.723733060381555,-6088.099999999999,13.156047141542842,-56.06707848099135,,4.168594287763783,151.43735783046765,23.33138945233266,8282.0,,,,,,,,,,0.4543214280146726
2009-01-01,211.933,0.15,102.1169,44.84,2.52,43.4395,1927082.0,6.0,56.6146,6.0,48.8345,88.1126,121.1649,248611.0,-379.599996,-3897.0100000000007,-798.0034606681753,12869.0,18228.2,1341890000000.0,14478100000000.0,1094.949746,47194.94335,49203912009.0,10.447771676320873,-0.11358601902212717,10.561357695343,-4.447771676320873,0.2635860190221272,-4.711357695343,10.3202156066593,-2.831174239707812,13.151389846367112,10.561357695343,-5359.200000000001,13.638812389594145,-52.87437879054004,-0.11315383406985668,3.6667619558235027,114.05743204215652,24.02481994820034,-7357.0,-20205.120904,9511.825243,381.558373,4328.017789,-2692.19288,-829.407057,-3259.910339,-300.2,,-0.7136234361995472
2009-02-01,212.705,0.22,104.9284,46.35,2.87,43.32473684210526,1916115.0,6.0,56.6146,6.0,49.22222,89.458,123.4355,249278.0,,-1758.8399999999997,-357.326426967333,11940.9,15062.2,1341890000000.0,14478100000000.0,1094.949746,47194.94335,49203912009.0,9.6296210233203,0.008463140671510772,9.62115788264879,-3.6296210233203006,0.21153685932848923,-3.84115788264879,10.3202156066593,-2.831174239707812,13.151389846367112,9.62115788264879,-3121.300000000001,16.549906388177025,-54.38853222078374,,3.6667619558235027,114.37250020977258,23.89331660689582,667.0,,,,,,,,,,-0.3195431163216058
2009-03-01,212.495,0.18,102.3761,44.14,2.82,46.540454545454544,2071556.0,6.0,56.6146,6.0,51.23158,86.4524,118.9807,251985.0,,521.8700000000001,101.8649044202814,12916.3,16596.6,1341890000000.0,14478100000000.0,1094.949746,47194.94335,49203912009.0,8.029193180421768,-0.4464787676623838,8.475671948084152,-2.0291931804217676,0.6264787676623838,-2.6556719480841515,10.3202156066593,-2.831174239707812,13.151389846367112,8.475671948084152,-3680.2999999999993,15.182929033657498,-55.09216962772936,,3.6667619558235027,131.7267454542404,26.946995378954707,2707.0,,,,,,,,,,0.09109381939230317
2009-04-01,212.709,0.15,100.1042,36.5,2.93,50.18190476190476,2066712.0,6.0,57.37966,6.0,50.06188,86.2497,119.9221,251702.0,-4152.119115,8122.99,1622.5898827610947,12475.7,19340.7,1341890000000.0,14478100000000.0,1094.949746,47194.94335,49203912009.0,8.695646408580227,-0.5763244243767063,9.271970832956933,-2.6956464085802274,0.7263244243767063,-3.4219708329569336,10.3202156066593,-2.831174239707812,13.151389846367112,9.271970832956933,-6865.0,13.01411014079118,-53.99167747713529,-1.2376928406948409,3.6667619558235027,132.70350882921548,25.067840384852722,-283.0,-26280.26314,12938.669985,3808.931142,4970.349211,8268.364505,-1417.021359,-3365.498721,-115.0,,1.4510189801796822
2009-05-01,213.022,0.18,95.268,28.92,3.29,57.3025,2080115.0,6.0,57.76219,6.0,48.534,87.8033,121.1796,262306.0,,21114.76,4350.508921580748,12316.5,20036.4,1341890000000.0,14478100000000.0,1094.949746,47194.94335,49203912009.0,8.633087977804777,-1.015761495855172,9.648849473659949,-2.6330879778047773,1.1957614958551719,-3.8288494736599494,10.3202156066593,-2.831174239707812,13.151389846367112,9.648849473659949,-7719.9000000000015,13.091473518196882,-53.33564066171851,,3.6667619558235027,130.08747265096997,15.212875811563054,10604.0,,,,,,,,,,3.8904908046836164
2009-06-01,214.79,0.21,96.3761,26.35,3.72,68.60954545454545,2025571.0,6.0,58.52726,6.0,47.77364,88.9404,121.7899,265142.0,,4331.550000000001,906.6820112513932,13606.3,23055.0,1341890000000.0,14478100000000.0,1094.949746,47194.94335,49203912009.0,9.285725622661833,-1.2291746182109153,10.514900240872748,-3.2857256226618325,1.4391746182109153,-4.724900240872747,10.3202156066593,-2.831174239707812,13.151389846367112,10.514900240872748,-9448.7,11.500412058121883,-48.149704561894126,,3.6667619558235027,126.90058283009206,11.56851938346568,2836.0,,,,,,,,,,0.810810434165
2009-07-01,214.726,0.16,94.2526,25.92,3.56,64.43545454545455,2000547.0,6.0,61.20497,6.0,48.47652,90.4031,119.8401,271641.0,-9195.936218,11987.48,2472.8425225243063,14341.3,21723.5,1341890000000.0,14478100000000.0,1094.949746,47194.94335,49203912009.0,11.888095396964848,-1.9587610037622771,13.846856400727125,-5.888095396964848,2.1187610037622773,-8.006856400727125,10.3202156066593,-2.831174239707812,13.151389846367112,13.846856400727125,-7382.200000000001,12.504476718760788,-51.44941434344818,-2.741189283175223,3.6667619558235027,117.77624166553271,13.166335640710303,6499.0,-29591.662257,13756.620718,19254.645186,7425.001746,9677.581655,3157.815247,4411.448199,-9418.0,,2.2113668236809034
2009-08-01,215.445,0.16,94.6202,26.01,3.59,72.50857142857143,2074902.0,6.0,61.97004,6.0,48.337,90.7601,119.4946,277252.0,,3847.28,795.9285847280552,13586.3,22448.7,1341890000000.0,14478100000000.0,1094.949746,47194.94335,49203912009.0,11.724140169084274,-1.4838355663267633,13.207975735411036,-5.724140169084274,1.6438355663267632,-7.367975735411037,10.3202156066593,-2.831174239707812,13.151389846367112,13.207975735411036,-8862.400000000001,12.350470183128644,-35.97100218240536,,3.6667619558235027,128.01571899224382,12.571453191100401,5611.0,,,,,,,,,,0.7117679554014608
2009-09-01,215.861,0.15,93.1907,25.61,3.4,67.64619047619047,2141020.0,6.0,62.35256999999999,6.0,48.43895,90.2903,118.186,281278.0,,20334.61,4197.987363475055,14624.2,21527.2,1341890000000.0,14478100000000.0,1094.949746,47194.94335,49203912009.0,11.643838069212364,-1.377942862886472,13.021780932098837,-5.643838069212364,1.527942862886472,-7.171780932098836,10.3202156066593,-2.831174239707812,13.151389846367112,13.021780932098837,-6903.0,13.066167453268422,-30.430034330265997,,3.6667619558235027,76.6773255214243,6.309696251426566,4026.0,,,,,,,,,,3.754096711481616
2009-10-01,216.509,0.12,92.6207,30.69,3.39,72.76954545454545,2161537.0,6.0,63.117630000000005,6.0,46.72105,93.452,121.2815,284391.0,-12183.987527,8558.21,1831.7674795408063,14806.0,25935.8,1341890000000.0,14478100000000.0,1094.949746,47194.94335,49203912009.0,11.486489350803495,-0.22396829420033848,11.710457645003833,-5.486489350803495,0.3439682942003385,-5.8304576450038335,10.3202156066593,-2.831174239707812,13.151389846367112,11.710457645003833,-11129.8,10.965190971552834,1.6587531177026937,-3.631888612926544,3.6667619558235027,9.773620857595855,-3.949593583516553,3113.0,-30929.333735,12506.096313,14372.126026,2790.970762,5685.299382,5692.42009,1939.237613,-1767.402526,,1.6380783636877596
2009-11-01,217.234,0.12,91.3717,24.51,3.4,76.662,2206359.0,6.0,64.26522,6.0,46.569,95.2518,121.2875,288146.0,,5728.01,1230.0049389078572,14932.7,24996.5,1341890000000.0,14478100000000.0,1094.949746,47194.94335,49203912009.0,13.51351064919648,1.9145871744709275,11.598923474725552,-7.51351064919648,-1.7945871744709274,-5.718923474725552,10.3202156066593,-2.831174239707812,13.151389846367112,11.598923474725552,-10063.8,11.527453843538096,46.15472606863336,,3.6667619558235027,4.759564639571301,-4.967682808494844,3755.0,,,,,,,,,,1.0999455444853368
2009-12-01,217.347,0.12,92.9124,21.68,3.59,74.45636363636363,2234067.0,6.0,64.64775,6.0,46.63,95.7093,121.8726,283470.0,,10600.75,2273.375509328758,16493.5,28251.4,1341890000000.0,14478100000000.0,1094.949746,47194.94335,49203912009.0,14.96597937795996,2.8141231232083674,12.151856254751593,-8.96597937795996,-2.6941231232083673,-6.271856254751592,10.3202156066593,-2.831174239707812,13.151389846367112,12.151856254751593,-11757.9,10.033839030986075,86.3887213681827,,3.6667619558235027,-0.24068334422139293,-4.136145997586437,-4676.0,,,,,,,,,,2.0329912371315904
2010-01-01,217.488,0.11,93.7638,24.62,3.73,76.16736842105263,2246886.0,6.0,65.79535,6.0,45.963,97.977,123.9133,280955.0,-12648.470307,-2435.27,-529.8326915127385,15557.1,25267.0,1675620000000.0,15049000000000.0,1347.519391,48642.61002,53479960083.0,16.216223377008742,2.6211113889767157,13.595111988032027,-10.216223377008742,-2.511111388976716,-7.7051119880320265,23.066779632825263,3.067419022550854,19.999360610274408,13.595111988032027,-9709.9,11.11944433450746,75.34126410537097,-3.019412589250546,3.1916520501665055,16.59524607671079,-5.880064298805143,-2515.0,-31401.404758,12590.10626,14198.015695,2779.785419,8764.798806,5013.893591,-901.817786,-2140.936476,,-0.3794411798709052
2010-02-01,217.281,0.13,93.6602,19.5,3.69,73.75210526315789,2286127.0,6.0,65.03028,6.0,46.32579,97.1173,124.5163,278357.0,,2734.14,590.1982459446455,15757.7,26163.8,1675620000000.0,15049000000000.0,1347.519391,48642.61002,53479960083.0,14.864858181458484,2.151336357866529,12.713521823591954,-8.864858181458484,-2.021336357866529,-6.843521823591955,23.066779632825263,3.067419022550854,19.999360610274408,12.713521823591954,-10406.1,10.639012681644104,70.23093650157317,,3.1916520501665055,19.3105319879026,-5.884395299521239,-2598.0,,,,,,,,,,0.42267214233153977
2010-03-01,217.353,0.16,92.8987,17.59,3.73,78.82739130434783,2307150.0,6.0,65.03028,6.0,45.498,98.1989,126.4996,279057.0,,19976.61,4390.656732164051,20254.1,29626.9,1675620000000.0,15049000000000.0,1347.519391,48642.61002,53479960083.0,14.864858181458484,2.2861714393279886,12.578686742130495,-8.864858181458484,-2.1261714393279885,-6.738686742130495,23.066779632825263,3.067419022550854,19.999360610274408,12.578686742130495,-9372.800000000005,9.41904147919627,69.37391796927915,,3.1916520501665055,11.372803824757804,-11.191495558013242,700.0,,,,,,,,,,3.1443812311841954
2010-04-01,217.403,0.2,92.8423,22.05,3.85,84.81761904761905,2330472.0,6.0,65.03028,6.0,44.49895,99.9212,128.884,279633.0,-13366.006538,8967.15,2015.1374358271376,18139.1,31674.9,1675620000000.0,15049000000000.0,1347.519391,48642.61002,53479960083.0,13.333331009629546,2.2067707525304403,11.126560257099106,-7.333331009629546,-2.00677075253044,-5.326560257099106,23.066779632825263,3.067419022550854,19.999360610274408,11.126560257099106,-13535.800000000005,8.828220452156124,69.02032605188741,-3.1907011226889153,3.1916520501665055,12.762300697920171,-11.112107655565474,576.0,-30824.296108,13110.131988,17174.898004,3643.922321,4605.104155,8978.04419,4002.337305,-3741.0,,1.4431463714879058
2010-05-01,217.29,0.2,96.3062,32.07,3.42,75.94550000000001,2334041.0,6.0,65.79535,6.0,45.8045,99.6772,127.8144,273544.0,,-8646.789999999999,-1887.759936250805,17282.0,29747.1,1675620000000.0,15049000000000.0,1347.519391,48642.61002,53479960083.0,13.907298182426953,2.003548929218568,11.903749253208385,-7.907298182426953,-1.8035489292185682,-6.103749253208385,23.066779632825263,3.067419022550854,19.999360610274408,11.903749253208385,-12465.1,9.195652685471861,32.53435713974086,,3.1916520501665055,12.207305846071016,-5.623892528948781,-6089.0,,,,,,,,,,-1.3519246150684319
2010-06-01,217.199,0.18,95.9934,34.54,3.2,74.7609090909091,2330851.0,6.0,66.56041,6.0,46.56455,99.7001,126.6214,275710.0,,9447.08,2028.8137649778644,20667.1,28648.6,1675620000000.0,15049000000000.0,1347.519391,48642.61002,53479960083.0,13.72548450072668,1.1215605940686268,12.603923906658054,-7.7254845007266795,-0.9415605940686269,-6.783923906658052,23.066779632825263,3.067419022550854,19.999360610274408,12.603923906658054,-7981.5,9.623855965038432,8.965754831357952,,3.1916520501665055,15.071305819445492,-2.530872673717144,2166.0,,,,,,,,,,1.4529407132723633
2010-07-01,217.605,0.18,93.2793,23.5,3.01,75.58,2325298.0,6.0,68.09053,6.0,46.83636,98.9576,123.0694,284183.0,-17215.394511,17017.950000000004,3633.491159432544,16954.5,29669.9,1675620000000.0,15049000000000.0,1347.519391,48642.61002,53479960083.0,11.250001429622468,1.3407784804821077,9.90922294914036,-5.250001429622468,-1.1607784804821077,-4.08922294914036,23.066779632825263,3.067419022550854,19.999360610274408,9.90922294914036,-12715.4,9.578158335552192,17.295672907349147,-4.109617815733877,3.1916520501665055,16.23311024434817,-3.3834111854563864,8473.0,-35067.437486,12972.852184,21902.622391,3694.319346,19190.92072,6575.966579,-3162.913688,-3289.353868,,2.602134965755394
2010-08-01,217.923,0.19,94.7204,26.05,2.7,77.03954545454545,2301015.0,6.0,68.09053,6.0,46.56714,98.6907,123.0812,283142.0,,10397.240000000002,2232.7418003338835,17750.4,27107.7,1675620000000.0,15049000000000.0,1347.519391,48642.61002,53479960083.0,9.876530659008775,1.1501775395112546,8.72635311949752,-3.8765306590087754,-0.9601775395112546,-2.9163531194975207,23.066779632825263,3.067419022550854,19.999360610274408,8.72635311949752,-9357.3,10.445076491181473,6.248880562262227,,3.1916520501665055,10.897526726563477,-3.661501541262391,-1041.0,,,,,,,,,,1.5989843522998413
2010-09-01,218.275,0.19,91.3415,23.7,2.65,77.8404761904762,2298691.0,6.0,68.47306,6.0,46.059,100.1057,124.1545,292870.0,,29506.91,6406.328839097679,18984.2,29511.8,1675620000000.0,15049000000000.0,1347.519391,48642.61002,53479960083.0,9.815938621295018,1.1183122472331775,8.69762637406184,-3.815938621295018,-0.9283122472331775,-2.8876263740618406,23.066779632825263,3.067419022550854,19.999360610274408,8.69762637406184,-10527.6,9.923827079337757,15.070007109822136,,3.1916520501665055,7.36429365442639,-4.913298079334916,9728.0,,,,,,,,,,4.587910508896536
2010-10-01,219.035,0.19,90.0935,21.2,2.54,82.6647619047619,2295392.0,6.0,69.23813,6.0,44.4107,102.0638,126.4263,297956.0,-11238.674859,24634.290000000005,5546.9267541380805,19080.8,32461.7,1675620000000.0,15049000000000.0,1347.519391,48642.61002,53479960083.0,9.696973729843773,1.1666951489314625,8.53027858091231,-3.696973729843773,-0.9766951489314626,-2.7202785809123102,23.066779632825263,3.067419022550854,19.999360610274408,8.53027858091231,-13380.9,9.178693660529177,13.5980187706372,-2.6828695907186595,3.1916520501665055,6.192584258331002,-4.944987323700989,5086.0,-31869.152503,13436.32038,16322.733478,1310.381379,6298.883681,7416.646586,4900.911024,-3989.0,,3.9724472762116094
2010-11-01,219.59,0.19,92.1494,23.54,2.76,85.2747619047619,2346001.0,6.0,69.62066,6.0,45.01825,101.2164,124.8699,292389.0,,17874.47,3970.49418846801,22575.0,28842.3,1675620000000.0,15049000000000.0,1347.519391,48642.61002,53479960083.0,8.333341113591452,1.084544776600338,7.248796336991114,-2.3333411135914517,-0.894544776600338,-1.4387963369911136,23.066779632825263,3.067419022550854,19.999360610274408,7.248796336991114,-6267.299999999999,10.137506370851145,11.234721119670631,,3.1916520501665055,6.3290697479422064,-3.33000493890786,-5567.0,,,,,,,,,,2.843480637711183
2010-12-01,220.472,0.18,90.5146,17.75,3.29,91.44681818181816,2420570.0,6.0,70.76825,6.0,45.1568,102.5215,125.437,297334.0,,2169.53,480.4436984020126,23349.4,31511.1,1675620000000.0,15049000000000.0,1347.519391,48642.61002,53479960083.0,9.467460197764034,1.437793022217937,8.029667175546097,-3.4674601977640336,-1.257793022217937,-2.2096671755460964,23.066779632825263,3.067419022550854,19.999360610274408,8.029667175546097,-8161.699999999997,9.43584958950973,22.81934507093841,,3.1916520501665055,8.348138171326113,-3.1593394810208175,4945.0,,,,,,,,,,0.34407111283131925
2011-01-01,221.187,0.17,89.694,19.53,3.39,96.5235,2443527.0,6.0,71.91584,6.0,45.39338,102.2926,123.9942,299224.0,-6232.865843,-6146.999999999999,-1354.162214842781,22691.8,33353.6,1823050000000.0,15599700000000.0,1445.461275,50024.8688,62499075445.0,9.302313917320904,1.7007834915029774,7.601530425817926,-3.3023139173209035,-1.5307834915029774,-1.771530425817926,7.268309803491335,2.8416624425203763,4.426647360970959,7.601530425817926,-10661.8,8.97126547059388,26.725528268770994,-1.3675688199445983,3.4282699566660266,8.75171236991996,-1.2393011770337026,1890.0,-29561.500147,13605.523161,8339.2857,3185.515212,197.662264,6164.212929,-778.289246,-2031.0,,-0.8913604442068715
2011-02-01,221.898,0.16,88.9391,18.35,3.58,103.71631578947368,2533221.0,6.0,70.76825,6.0,45.43579,100.6506,123.4608,301592.0,,-3878.0,-853.5121761941413,23243.5,32973.4,1823050000000.0,15599700000000.0,1445.461275,50024.8688,62499075445.0,8.823535743656642,2.124898173333145,6.698637570323497,-2.8235357436566417,-1.9648981733331452,-0.8586375703234965,7.268309803491335,2.8416624425203763,4.426647360970959,6.698637570323497,-9729.9,9.146524167965692,40.628278229345824,,3.4282699566660266,10.808410906305731,-1.9211760878767525,2368.0,,,,,,,,,,-0.5618137798924712
2011-03-01,223.046,0.14,88.0299,17.74,3.41,114.64347826086956,2622523.0,6.0,70.76825,6.0,44.99136,100.6183,123.7447,304818.0,,-2739.973824,-609.0,30418.5,34267.0,1823050000000.0,15599700000000.0,1445.461275,50024.8688,62499075445.0,8.823535743656642,2.619241510354109,6.204294233302533,-2.8235357436566417,-2.479241510354109,-0.34429423330253295,7.268309803491335,2.8416624425203763,4.426647360970959,6.204294233302533,-3848.5,8.895380395132342,45.43609316999717,,3.4282699566660266,13.669375636607928,-1.1135434524594423,3226.0,,,,,,,,,244.0,-0.4008666794657305
2011-04-01,224.093,0.1,85.5999,14.75,3.46,123.25888888888888,2690985.0,6.0,71.15078000000001,6.0,44.37,100.7618,124.1927,313511.0,-17541.329634,15421.237199999998,3475.6,23469.524697,36595.861501,1823050000000.0,15599700000000.0,1445.461275,50024.8688,62499075445.0,9.411769409573512,3.0772344447868694,6.334534964786643,-3.4117694095735125,-2.9772344447868693,-0.4345349647866432,7.268309803491335,2.8416624425203763,4.426647360970959,6.334534964786643,-13126.336804,8.566843001945266,45.32226944461597,-3.848787391239955,3.4282699566660266,15.469527203073019,-0.28978211845448465,8693.0,-45009.066955,14779.119905,23923.054094,9256.064035,2541.479734,6469.845846,12664.112518,-5442.492594,1918.2,2.2877704945009736
2011-05-01,224.806,0.09,86.656,15.45,3.17,114.98904761904762,2774996.0,6.0,71.53331,6.0,44.90452,100.0369,122.753,311516.0,,-7422.13339724,-1652.87,26521.927621,45254.240153,1823050000000.0,15599700000000.0,1445.461275,50024.8688,62499075445.0,8.720920247403496,3.4589718808964998,5.261948366506997,-2.7209202474034964,-3.3689718808965,0.6480516334930035,7.268309803491335,2.8416624425203763,4.426647360970959,5.261948366506997,-18732.312532,6.883686455607164,51.40995532197117,,3.4282699566660266,18.892341651239207,-1.9648287831981581,-1995.0,,,,,,,,,3186.07,-1.0879811305230245
2011-06-01,224.806,0.09,86.4786,16.52,3.0,113.8331818181818,2865251.0,6.0,72.29838000000001,6.0,44.85364,101.3161,122.7474,315715.0,,3229.77605548,720.07,26536.13253,40849.469998,1823050000000.0,15599700000000.0,1445.461275,50024.8688,62499075445.0,8.620695094876973,3.5023181506360412,5.118376944240932,-2.6206950948769734,-3.4123181506360414,0.791623055759068,7.268309803491335,2.8416624425203763,4.426647360970959,5.118376944240932,-14313.337468000002,7.728741646230844,52.26297165509439,,3.4282699566660266,22.927248459897264,-3.6742758171183887,4199.0,,,,,,,,,3877.03,0.4739771262444804
2011-07-01,225.395,0.07,85.7282,25.25,3.0,116.9735,2863576.0,6.0,73.8285,6.0,44.4174,103.3778,123.5665,319090.0,-18891.771952,7209.062467880581,1623.026667,26426.535021,41105.880124,1823050000000.0,15599700000000.0,1445.461275,50024.8688,62499075445.0,8.42697215016539,3.5798809769996165,4.847091173165774,-2.4269721501653905,-3.5098809769996167,1.0829088268342262,7.268309803491335,2.8416624425203763,4.426647360970959,4.847091173165774,-14679.345103000003,7.762636368262474,54.76779571315162,-4.14509134735745,3.4282699566660266,23.1487749097105,-5.164705369930534,3375.0,-44527.52383,15617.569508,19566.763373,6485.066734,-1195.726459,8497.969036,7049.416885,-276.216622,132.993333,1.0683371275609557
2011-08-01,226.106,0.1,86.7739,31.62,2.3,110.21954545454544,2853888.0,6.0,74.21103000000001,6.0,45.2788,102.2133,121.0865,321982.0,,-7851.54012662404,-1734.043333,24768.351766,39984.687841,1823050000000.0,15599700000000.0,1445.461275,50024.8688,62499075445.0,8.988768335332399,3.75499603070808,5.233772304624319,-2.9887683353323986,-3.6549960307080798,0.6662276953756812,7.268309803491335,2.8416624425203763,4.426647360970959,5.233772304624319,-15216.336075,8.052632579760747,43.068789936691296,,3.4282699566660266,24.027353146328913,-2.766629000621479,2892.0,,,,,,,,,5139.333333,-1.1414124678972053
2011-09-01,226.597,0.08,91.9998,42.96,1.98,112.83380952380952,2850921.0,6.0,75.35862,6.0,47.632,99.7526,117.2205,311482.0,,-5165.8015397456,-1084.523333,26561.19713,39756.06996,1823050000000.0,15599700000000.0,1445.461275,50024.8688,62499075445.0,10.055867227198556,3.812621692818685,6.243245534379871,-4.055867227198556,-3.732621692818685,-0.323245534379871,7.268309803491335,2.8416624425203763,4.426647360970959,6.243245534379871,-13194.87283,7.8348287522733795,44.95518918422903,,3.4282699566660266,24.02367260323375,3.41518487157777,-10500.0,,,,,,,,,939.043333,-0.7138740021392722
2011-10-01,226.75,0.07,89.2053,29.96,2.15,109.55,2845685.0,6.0,75.74116,6.0,49.25792,97.3456,113.9711,316210.0,-19953.939632,-2206.754816,-448.0,23632.020963,41175.060753,1823050000000.0,15599700000000.0,1445.461275,50024.8688,62499075445.0,9.392266948861838,3.5222681306640524,5.869998818197786,-3.392266948861838,-3.4522681306640526,0.060001181802214365,7.268309803491335,2.8416624425203763,4.426647360970959,5.869998818197786,-17543.03979,7.6796486566680064,32.523214820617994,-4.378144237843175,3.4282699566660266,23.97381362311972,10.914531858313413,4728.0,-48703.916651,16207.632408,7680.140065,4963.136465,1898.281492,1602.025353,-5486.559605,12812.300587,2608.0,-0.294890430871342
2011-11-01,227.169,0.08,91.4728,27.8,2.01,110.76809523809524,2814235.0,6.0,76.12369,6.0,50.85644,94.8053,110.7355,307884.0,,305.13864,60.0,23269.706046,39102.479349,1823050000000.0,15599700000000.0,1445.461275,50024.8688,62499075445.0,9.340661234754164,3.451432214581729,5.889229020172435,-3.3406612347541635,-3.371432214581729,0.03077097982756527,7.268309803491335,2.8416624425203763,4.426647360970959,5.889229020172435,-15832.773303000002,7.873771820248369,29.895519804329986,,3.4282699566660266,19.958815021817976,12.968496109910976,-8326.0,,,,,,,,,1624.0,0.03949425413455473
2011-12-01,227.223,0.07,92.4262,23.4,1.98,107.8705,2926095.0,6.0,75.35862,6.0,52.6769,91.7293,107.8049,296688.0,,12041.93934,2286.0,25365.693663,40044.058372,1823050000000.0,15599700000000.0,1445.461275,50024.8688,62499075445.0,6.486482285488204,3.062066838419386,3.424415447068818,-0.48648228548820427,-2.9920668384193863,2.505584552931182,7.268309803491335,2.8416624425203763,4.426647360970959,3.424415447068818,-14678.364709,7.409039244819729,17.95981767843211,,3.4282699566660266,20.884543723172634,16.653305814406714,-11196.0,,,,,,,,,773.0,1.5047310825265352
2012-01-01,227.842,0.08,90.5538,19.44,1.97,110.686,2919545.0,6.0,75.74116,6.0,51.3392,94.5509,110.9927,292766.0,-21767.952584,27543.4808,5365.0,25379.050518,42952.469339,1827640000000.0,16254000000000.0,1429.321995,51708.40116,68820517838.0,5.319161953750373,3.0087663379855023,2.310395615764871,0.6808380462496268,-2.9287663379855022,3.609604384235129,-1.1165487639922975,3.365390855357941,-4.481939619350239,2.310395615764871,-17573.418821000003,6.816045841028613,14.672592684683018,-4.764166374997264,3.7655401412750873,19.480775125464135,13.0984297710371,-3922.0,-51518.480483,16864.383249,16585.535209,1356.408918,13925.951659,2737.189992,1999.105397,5737.558232,999.0,3.5225755619268564
2012-02-01,228.329,0.1,89.7487,18.43,1.97,119.327,2925722.0,7.75,76.12369,9.5,49.1671,98.3884,115.1738,295819.0,,45086.2307,9170.0,25194.420517,40118.536519,1827640000000.0,16254000000000.0,1429.321995,51708.40116,68820517838.0,7.567574441928415,2.8981784423473878,4.6693959995810275,1.9324255580715848,-2.7981784423473877,4.730604000418973,-1.1165487639922975,3.365390855357941,-4.481939619350239,4.6693959995810275,-14924.116002000002,7.373623907240513,15.05132928382582,,3.7655401412750873,15.494147569438276,8.212270547073143,3053.0,,,,,,,,,444.0,6.020879385436957
2012-03-01,228.807,0.13,90.4593,15.5,2.17,125.44545454545457,2878137.0,9.5,76.88875,9.5,50.3213,96.3103,112.4306,294398.0,,-3064.56717,-609.0,28839.37,42380.69,1827640000000.0,16254000000000.0,1429.321995,51708.40116,68820517838.0,8.648652467738005,2.5828752813320977,6.065777186405907,0.851347532261995,-2.4528752813320978,3.3042228135940928,-1.1165487639922975,3.365390855357941,-4.481939619350239,6.065777186405907,-13541.320000000003,6.946512668859332,9.422233561341598,,3.7655401412750873,9.74687352599004,11.846585655556986,-1421.0,,,,,,,,,219.0,-0.39985992865115666
2012-04-01,229.187,0.14,90.3634,17.15,2.05,119.42166666666668,2866561.0,9.25,78.41887,9.0,51.8121,94.0422,108.7743,294846.0,-17093.42491,-7299.51316537293,-1408.843333,23791.85609,38171.037579,1827640000000.0,16254000000000.0,1429.321995,51708.40116,68820517838.0,10.21505315893936,2.2731633741348567,7.941889784804504,-1.2150531589393605,-2.1331633741348566,0.9181102151954961,-1.1165487639922975,3.365390855357941,-4.481939619350239,7.941889784804504,-14379.181489000002,7.724338102934123,-3.113140364003475,-3.741092317961962,3.7655401412750873,6.524599728352265,16.77281947261664,448.0,-43849.38434,16808.29349,16535.48593,3821.004481,-1922.157366,5959.801242,9408.139859,-521.773793,1562.296667,-0.9250246216979275
2012-05-01,228.713,0.16,94.6856,24.06,1.8,110.3395238095238,2842654.0,9.0,78.8014,9.0,54.47353,91.1764,104.6704,286019.0,,-499.9217408375489,-91.773333,24821.435239,42187.32125,1827640000000.0,16254000000000.0,1429.321995,51708.40116,68820517838.0,10.160427358946489,1.7379429374660749,8.422484421480414,-1.1604273589464889,-1.577942937466075,0.4175155785195861,-1.1165487639922975,3.365390855357941,-4.481939619350239,8.422484421480414,-17365.886011000002,6.779738355632143,-4.043449272601551,,3.7655401412750873,2.4381296405472375,21.309681074421903,-8827.0,,,,,,,,,1024.316667,-0.060256943161672974
2012-06-01,228.524,0.16,92.9096,17.08,1.62,95.15571428571428,2863547.0,9.0,79.56647,9.0,56.03021,90.3804,102.6774,289736.0,,-2361.6920263689926,-421.503333,24924.263172,36157.370675,1827640000000.0,16254000000000.0,1429.321995,51708.40116,68820517838.0,10.05290851606908,1.653870448297634,8.399038067771446,-1.0529085160690794,-1.4938704482976342,0.44096193222855473,-1.1165487639922975,3.365390855357941,-4.481939619350239,8.399038067771446,-11233.107503,8.013193287871728,-16.407753200028964,,3.7655401412750873,-0.05947122957116191,24.917866197704353,3717.0,,,,,,,,,1234.846667,-0.27675253310279924
2012-07-01,228.59,0.16,92.8422,18.93,1.53,102.6185714285714,2846757.0,9.0,81.09659,9.0,55.49475,92.6024,103.7503,288775.0,-21128.9732,11751.882732099828,2117.656667,23099.875455,40619.444564,1827640000000.0,16254000000000.0,1429.321995,51708.40116,68820517838.0,9.844558673141137,1.4175114798464783,8.427047193294658,-0.8445586731411368,-1.2575114798464784,0.4129528067053416,-1.1165487639922975,3.365390855357941,-4.481939619350239,8.427047193294658,-17519.569108999996,7.109279880600192,-12.271949263233639,-4.62431839968484,3.7655401412750873,-0.5873425395379717,24.93921301111728,-961.0,-47793.077,16076.09291,20745.17403,8159.185085,7717.826545,5151.65705,5490.689759,157.898238,1612.586667,1.3904204331268741
2012-08-01,229.918,0.13,92.1677,17.47,1.68,113.35608695652174,2812806.0,9.0,81.86165,9.0,55.55979,92.9504,103.2794,290462.0,,8197.828496421993,1475.496667,23134.474792,37307.265749,1827640000000.0,16254000000000.0,1429.321995,51708.40116,68820517838.0,10.309276127820866,1.6859349154821235,8.623341212338742,-1.3092761278208656,-1.5559349154821236,0.24665878766125804,-1.1165487639922975,3.365390855357941,-4.481939619350239,8.623341212338742,-14172.790956999996,7.785668399131761,2.84572168125099,,3.7655401412750873,-1.4395098896663128,22.705968356051855,1687.0,,,,,,,,,2398.926667,0.9687881641898842
2012-09-01,231.015,0.14,90.8342,15.73,1.72,112.8636842105263,2804457.0,9.0,82.24418,9.0,54.60552,94.2042,104.181,294812.0,,22521.373257740182,4124.376667,24902.002444,42051.448384,1827640000000.0,16254000000000.0,1429.321995,51708.40116,68820517838.0,9.137056915320365,1.9497168982819613,7.187340017038403,-0.13705691532036468,-1.8097168982819611,1.6726599829615965,-1.1165487639922975,3.365390855357941,-4.481939619350239,7.187340017038403,-17149.44594,7.010745439916213,0.026476715483481073,,3.7655401412750873,-1.6297891102559525,14.640409808532073,4350.0,,,,,,,,,4146.876667,2.708001576021536
2012-10-01,231.638,0.16,91.1609,18.6,1.75,111.7108695652174,2823137.0,9.0,83.00925,9.0,53.02393,97.2226,107.0696,295254.0,-31769.88643,15488.236929069995,2920.99,24032.900826,44243.752076,1827640000000.0,16254000000000.0,1429.321995,51708.40116,68820517838.0,9.595958128975044,2.1556780595369363,7.440280069438107,-0.5959581289750435,-1.9956780595369363,1.3997199305618928,-1.1165487639922975,3.365390855357941,-4.481939619350239,7.440280069438107,-20210.85125,6.673349030001468,1.9724961800250185,-6.953204445076711,3.7655401412750873,-0.7923575518723913,7.645491324034803,442.0,-58377.70655,15669.97692,31470.24265,2105.677751,9781.420399,10794.76012,5243.351267,-781.419524,1213.243333,1.9178766058961283
2012-11-01,231.249,0.16,91.1038,15.87,1.65,109.05857142857144,2851362.0,9.0,83.39178000000001,9.0,54.77581,94.7946,103.9371,294510.0,,10967.43178144,2002.24,23250.938695,40454.0064,1827640000000.0,16254000000000.0,1429.321995,51708.40116,68820517838.0,9.547737373214591,1.7960197033926262,7.751717669821965,-0.5477373732145914,-1.6360197033926263,1.0882823301780349,-1.1165487639922975,3.365390855357941,-4.481939619350239,7.751717669821965,-17203.067704999998,7.280119479093176,-1.5433359270548008,,3.7655401412750873,1.3192572759559873,7.706732913275105,-744.0,,,,,,,,,439.453333,1.3146396445689523
2012-12-01,231.221,0.16,91.0834,18.02,1.72,109.494,2907300.0,9.0,83.77431,9.0,54.6478,94.4151,103.7015,295638.0,,26548.447718,4858.1,25457.539516,43050.573666,1827640000000.0,16254000000000.0,1429.321995,51708.40116,68820517838.0,11.167521379770484,1.7595049796895523,9.408016400080932,-2.167521379770484,-1.5995049796895524,-0.5680164000809318,-1.1165487639922975,3.365390855357941,-4.481939619350239,9.408016400080932,-17593.034149999996,6.867225563442043,1.505045401662164,,3.7655401412750873,-0.6423236429439205,3.741488204507082,1128.0,,,,,,,,,453.338584,3.189752905386181
2013-01-01,231.679,0.14,90.798,14.28,1.91,112.96,3008704.0,9.0,84.53936999999999,9.0,54.3168,95.3643,104.2912,295508.0,-18170.46836,32820.6004992,6042.44,25775.191177,44754.681249,1856720000000.0,16843200000000.0,1432.843975,53179.01276,69970360847.0,11.6161542812389,1.684061762098299,9.932092519140602,-2.6161542812389005,-1.5440617620982988,-1.0720925191406017,0.2464091375015797,2.8440477118012675,-2.597638574299688,9.932092519140602,-18979.490072,6.602840010319654,2.0544603653578575,-3.914530647593606,3.7684928716769357,3.0538662702578545,5.799856639760659,-130.0,-45635.34189,15787.89321,20549.2422,5733.4812,11314.18362,9217.635142,-3571.890524,-2680.673085,2701.034092,3.9052350381317593
2013-02-01,232.937,0.15,92.295,15.51,1.98,116.05052631578948,3090600.0,8.75,85.30443000000001,8.75,53.77372,96.6519,105.6377,290912.0,,22054.43087848,4101.34,26668.77,40791.99,1856720000000.0,16843200000000.0,1432.843975,53179.01276,69970360847.0,12.0602929258947,2.0181404902574807,10.04215243563722,-3.3102929258947,-1.8681404902574807,-1.4421524356372193,0.2464091375015797,2.8440477118012675,-2.597638574299688,10.04215243563722,-14123.219999999998,7.131596178563488,-2.7457940652245605,,3.7684928716769357,5.635463656492301,9.369314033164455,-4596.0,,,,,,,,,2210.046667,2.6507001594209143
2013-03-01,232.282,0.14,92.302,12.7,1.96,108.474,3202256.0,8.65,85.68696,8.5,54.40462,96.4249,105.2858,292045.6,,6369.91052808,1170.84,30541.41,40947.79,1856720000000.0,16843200000000.0,1432.843975,53179.01276,69970360847.0,11.442779340280596,1.5187472411246183,9.924032099155978,-2.9427793402805964,-1.3787472411246182,-1.5640320991559782,0.2464091375015797,2.8440477118012675,-2.597638574299688,9.924032099155978,-10406.38,7.132145593205395,-13.528951373287935,,3.7684928716769357,11.26141667335503,8.114496247116044,1133.5999999999767,,,,,,,,,821.949107,0.756715067430738
2013-04-01,231.797,0.15,91.3741,13.52,1.76,102.24818181818182,3318649.0,8.5,86.45203000000001,8.5,54.37571,96.3815,105.1972,293892.1,-21767.871139,8814.987306253033,1621.125923,24524.539576,41577.149493,1856720000000.0,16843200000000.0,1432.843975,53179.01276,69970360847.0,10.243911956395202,1.138808047576867,9.105103908818336,-1.743911956395202,-0.9888080475768669,-0.755103908818335,0.2464091375015797,2.8440477118012675,-2.597638574299688,9.105103908818336,-17052.609916999998,7.0685966590730365,-14.380543604721252,-4.6895323234521085,3.7684928716769357,15.771092957728783,4.947898270867235,1846.5,-50483.770105,16791.612617,20534.50072,6487.772584,-224.62223,3646.619963,10325.013265,345.968518,2788.039291,1.047735311517084
2013-05-01,231.893,0.11,93.6076,16.3,1.93,102.55863636363635,3385128.0,8.25,87.21709,8.25,55.01081,96.3492,104.412,287897.3,,37309.02405462276,6782.125923,24922.939445,43987.097928,1856720000000.0,16843200000000.0,1432.843975,53179.01276,69970360847.0,10.679619905230098,1.3903888279197085,9.28923107731039,-2.4296199052300977,-1.2803888279197084,-1.1492310773103893,0.2464091375015797,2.8440477118012675,-2.597638574299688,9.28923107731039,-19064.158483000003,6.545039649381799,-7.051768194431752,,3.7684928716769357,19.0833636453821,0.9863139032847856,-5994.799999999988,,,,,,,,,1865.722518,4.383294792752811
2013-06-01,232.445,0.09,94.3047,16.86,2.3,102.9195,3478672.0,8.25,88.36468,8.25,58.3973,92.122,98.6098,282452.8,,-50384.45508367922,-8627.874077,23998.411409,35304.356216,1856720000000.0,16843200000000.0,1432.843975,53179.01276,69970360847.0,11.057685479825883,1.7157935271568725,9.34189195266901,-2.8076854798258832,-1.6257935271568724,-1.1818919526690108,0.2464091375015797,2.8440477118012675,-2.597638574299688,9.34189195266901,-11305.944807,8.000508443544195,8.159032563167145,,3.7684928716769357,21.48122590619257,4.224667371405544,-5444.5,,,,,,,,,1834.660291,-5.576203677668146
2013-07-01,232.9,0.09,93.5703,13.45,2.58,107.93318181818182,3571797.0,9.25,89.89480999999999,10.25,59.7754,92.808,98.3657,277571.6,-5129.195916,-28187.34969573118,-4715.543467,25835.082274,38326.44782,1856720000000.0,16843200000000.0,1432.843975,53179.01276,69970360847.0,10.849062827425904,1.885471805415806,8.963591022010098,-0.5990628274259038,-1.7954718054158059,1.196408977989902,0.2464091375015797,2.8440477118012675,-2.597638574299688,8.963591022010098,-12491.365546,7.242299137755051,5.178994713748963,-1.1050014899392475,3.7684928716769357,25.468981019454763,7.7136125489347895,-4881.200000000012,-33305.387872,16282.51956,-4771.384069,8100.53606,-6601.610401,-471.658231,1162.30912,10354.825198,1930.254117,-3.0476604767547077
2013-08-01,233.456,0.08,94.7541,17.01,2.74,111.28045454545456,3644456.0,10.25,90.65987,10.25,63.2088,88.743,93.1135,275491.6,,-12836.71785369096,-2030.843467,26337.977496,37026.02322,1856720000000.0,16843200000000.0,1432.843975,53179.01276,69970360847.0,10.747670001765176,1.538809488600279,9.208860513164897,-0.49767000176517584,-1.458809488600279,0.9611394868351031,0.2464091375015797,2.8440477118012675,-2.597638574299688,9.208860513164897,-10688.045724000003,7.44048580003024,-1.8310727432425344,,3.7684928716769357,29.56656093594794,13.767168666404238,-2080.0,,,,,,,,,1660.598686,-1.3125361715282864
2013-09-01,233.544,0.08,92.9207,16.6,2.81,111.5965,3734018.0,9.875,91.0424,9.5,63.75214,88.6117,92.2091,277233.7,,922.981380053062,144.776533,28135.901695,34258.243662,1856720000000.0,16843200000000.0,1432.843975,53179.01276,69970360847.0,10.69768097876349,1.0947341081747997,9.60294687058869,-1.19768097876349,-1.0147341081747996,-0.1829468705886903,0.2464091375015797,2.8440477118012675,-2.597638574299688,9.60294687058869,-6122.341967,8.092466815732113,-1.1227563758795966,,3.7684928716769357,33.145846058613124,16.750357839280717,1742.100000000035,,,,,,,,,4510.566972,0.09356921862208627
2013-10-01,233.669,0.09,92.731,13.75,2.62,109.07652173913044,3843396.0,9.125,92.18999,8.75,61.61556,91.6186,94.667,281542.9,-4056.034013,-2551.0635037642683,-414.029103,27480.129706,38075.016656,1856720000000.0,16843200000000.0,1432.843975,53179.01276,69970360847.0,11.05989995090908,0.8767991434911471,10.183100807417933,-2.309899950909079,-0.7867991434911471,-1.523100807417932,0.2464091375015797,2.8440477118012675,-2.597638574299688,10.183100807417933,-10594.88695,7.394426180917598,-2.358183976492101,-0.8738062848463959,3.7684928716769357,36.139195511942916,16.203306695674957,4309.200000000012,-33151.976319,16207.640905,23765.696718,6066.295488,2390.042691,3011.702891,15757.857149,-19102.827467,2039.669432,-0.2675874249213667
2013-11-01,234.1,0.08,93.6291,13.7,2.72,107.792,3925876.0,8.75,92.95506,8.75,62.63296,91.791,93.612,290676.7,,-516.9668336634879,-82.539103,24201.832772,33772.916062,1856720000000.0,16843200000000.0,1432.843975,53179.01276,69970360847.0,11.46789287865062,1.2328701961954458,10.235022682455174,-2.71789287865062,-1.1528701961954457,-1.565022682455174,0.2464091375015797,2.8440477118012675,-2.597638574299688,10.235022682455174,-9571.083289999997,8.606798994388832,-1.1613680722023623,,3.7684928716769357,37.684236515742306,14.344196827030032,9133.799999999988,,,,,,,,,2164.981317,-0.05334510513162996
2013-12-01,234.719,0.09,93.5576,13.72,2.9,110.75666666666666,4032575.0,8.75,91.42493,8.75,61.91031,91.8846,94.8067,293876.8,,17871.09754826481,2886.610897,26393.05908,36580.093664,1856720000000.0,16843200000000.0,1432.843975,53179.01276,69970360847.0,9.13241780206844,1.5128383667573297,7.619579435311111,-0.38241780206844034,-1.4228383667573297,1.0404205646888893,0.2464091375015797,2.8440477118012675,-2.597638574299688,7.619579435311111,-10187.034584,8.033790254867949,1.1531834316644396,,3.7684928716769357,38.70515598665429,13.28966582369282,3200.0999999999767,,,,,,,,,1860.885195,1.8656195206600885
2014-01-01,235.288,0.07,95.1774,18.41,2.86,108.11772727272728,4102138.0,8.8,90.65987,9.0,62.07597,91.6709,95.0836,291070.3,-1342.954753,15693.480739120734,2528.108822,26891.577111,36346.324453,2039130000000.0,17550700000000.0,1553.883961,54973.42075,70388642797.0,7.239822108918026,1.557758795574915,5.682063313343111,1.760177891081974,-1.487758795574915,3.247936686656889,8.447534282300339,3.374278492341088,5.073255789959251,5.682063313343111,-9454.747342000002,8.008245795978285,-4.286714524851909,-0.26343680942362674,3.451895798551343,36.342358703282216,14.28502783669141,-2806.5,-30667.999582,16199.298983,9258.530408,909.540684,9258.066465,1578.679185,-1796.482666,-7106.403375,-558.921905,1.4877573212105164
2014-02-01,235.547,0.07,94.3879,14.0,2.71,108.90052631578948,4159972.0,9.0,91.0424,9.0,62.25401,90.9715,94.7347,294360.2,,8845.104661287622,1420.808822,25353.24,33665.55,2039130000000.0,17550700000000.0,1553.883961,54973.42075,70388642797.0,6.72646191997297,1.1204746347724948,5.6059872852004755,2.2735380800270297,-1.0504746347724947,3.324012714799524,8.447534282300339,3.374278492341088,5.073255789959251,5.6059872852004755,-8312.310000000001,8.74366228978882,-6.161109498585016,,3.451895798551343,34.600789490713765,15.770324240167888,3289.9000000000233,,,,,,,,,-665.628912,0.8361264786453045
2014-03-01,236.028,0.08,94.2432,13.88,2.72,107.48095238095236,4226971.0,9.0,91.42493,9.0,61.01399,92.6292,96.1843,304223.2,,32393.235313401976,5309.148822,30341.03,41294.46,2039130000000.0,17550700000000.0,1553.883961,54973.42075,70388642797.0,6.696433156223547,1.6126949139408042,5.083738242282743,2.303566843776453,-1.5326949139408041,3.8362617577172573,8.447534282300339,3.374278492341088,5.073255789959251,5.083738242282743,-10953.43,7.3671674118029395,-0.9154706372473065,,3.451895798551343,31.999783902348856,12.14854547279256,9863.0,,,,,,,,,2132.688513,3.1243611669682663
2014-04-01,236.468,0.09,93.8896,13.41,2.71,107.7552380952381,4296049.0,9.0,92.57253,9.0,60.35662,93.3653,97.3522,310986.3,-7481.646936,-463.8147256743581,-76.845709,25827.540375,35795.638279,2039130000000.0,17550700000000.0,1553.883961,54973.42075,70388642797.0,7.0796486791576685,2.015125303606169,5.0645233755515,1.9203513208423315,-1.9251253036061688,3.8454766244485006,8.447534282300339,3.374278492341088,5.073255789959251,5.0645233755515,-9968.097903999998,8.687826644578772,5.385969881448793,-1.467615490135499,3.451895798551343,29.451743766815962,10.999231090499784,6763.099999999977,-35092.771265,16629.911936,18803.979389,7592.492763,12439.802873,1349.949132,-114.71609,-11178.853659,1884.600449,-0.045222644363037176
2014-05-01,236.918,0.09,93.7606,11.4,2.56,109.53909090909092,4322654.0,9.0,93.33759,9.0,59.30502,95.5325,99.1496,312207.0,,45669.99107950408,7700.864291,28019.237643,39058.854636,2039130000000.0,17550700000000.0,1553.883961,54973.42075,70388642797.0,7.017546675771924,2.166947687079812,4.850598988692112,1.982453324228076,-2.0769476870798123,4.059401011307888,8.447534282300339,3.374278492341088,5.073255789959251,4.850598988692112,-11039.616992999996,7.993245140174777,6.806305926986345,,3.451895798551343,27.695437218326745,7.8061202879943,1220.7000000000116,,,,,,,,,3708.237516,4.5318528731370735
2014-06-01,237.231,0.1,93.2058,11.57,2.6,111.79523809523808,4368348.0,9.0,94.10265,9.0,59.7307,95.5816,98.6292,316138.0,,28765.016675043367,4815.784291,25926.627001,38352.390109,2039130000000.0,17550700000000.0,1553.883961,54973.42075,70388642797.0,6.493510755654852,2.0589816945944195,4.434529061060433,2.506489244345148,-1.9589816945944194,4.465470938939568,8.447534282300339,3.374278492341088,5.073255789959251,4.434529061060433,-12425.763108,8.242980401000176,8.623961538132296,,3.451895798551343,25.575162015849727,2.283324742753523,3931.0,,,,,,,,,1999.080136,2.834022916243692
2014-07-01,237.498,0.09,94.4467,16.95,2.54,106.76818181818182,4406637.0,9.0,96.39783,9.0,60.05857,96.6568,98.2116,319808.0,-10962.127304,32311.802652755625,5380.048618,25815.699795,40068.005067,2039130000000.0,17550700000000.0,1553.883961,54973.42075,70388642797.0,7.23403275450496,1.9742378703305974,5.2597948841743625,1.7659672454950401,-1.8842378703305973,3.6502051158256377,8.447534282300339,3.374278492341088,5.073255789959251,5.2597948841743625,-14252.305271999998,7.981630217557146,-1.079371496675141,-2.1503537889197846,3.451895798551343,23.37310883009309,0.47372330423554043,3670.0,-39651.887939,16513.144597,17541.123225,7474.681323,9762.205854,-1267.888044,-427.555229,-6896.812794,3544.850441,3.1660847231907723
2014-08-01,237.46,0.09,94.7251,11.98,2.42,101.60809523809525,4413736.0,9.0,96.78036,9.0,60.89517,96.5206,97.27,318399.7,,12512.000373847506,2054.678618,26825.30061,37472.782204,2039130000000.0,17550700000000.0,1553.883961,54973.42075,70388642797.0,6.751046521465343,1.7150983482969062,5.035948173168436,2.2489534785346574,-1.6250983482969061,3.874051826831564,8.447534282300339,3.374278492341088,5.073255789959251,5.035948173168436,-10647.481594000004,8.496825729849668,-8.691876167174051,,3.451895798551343,21.108225754406142,-3.660297300375892,-1408.2999999999884,,,,,,,,,1176.500441,1.2091501481514175
2014-09-01,237.477,0.09,97.5261,16.31,2.53,97.09142857142858,4459050.0,9.0,96.78036,9.0,60.86492,97.3402,98.4367,313841.2,,14166.179988628057,2327.478618,28889.652138,43341.748368,2039130000000.0,17550700000000.0,1553.883961,54973.42075,70388642797.0,6.302513993479963,1.6840509711232077,4.618463022356756,2.6974860065200366,-1.5940509711232076,4.291536977643244,8.447534282300339,3.374278492341088,5.073255789959251,4.618463022356756,-14452.09623,7.241083062346296,-12.997783468631564,,3.451895798551343,19.416939072066608,-4.528820522730692,-4558.5,,,,,,,,,2753.712824,1.3696892015712585
2014-10-01,237.43,0.09,98.1163,14.03,2.3,87.42521739130434,4486754.0,9.0,96.78036,9.0,61.34199,97.3615,98.5615,315910.1,-7708.202169,10828.892280557298,1765.331102,25914.721576,39468.755455,2039130000000.0,17550700000000.0,1553.883961,54973.42075,70388642797.0,4.9792499163954895,1.6095417021513292,3.3697082142441603,4.0207500836045105,-1.519541702151329,5.54029178575584,8.447534282300339,3.374278492341088,5.073255789959251,3.3697082142441603,-13554.033879,8.004055267468022,-19.849646837481473,-1.5120570378543792,3.451895798551343,16.73931075538404,-0.4439949908756846,2068.899999999965,-38634.720814,16520.645025,22856.363191,6913.451678,6280.249306,-1187.667533,10500.854384,-13181.676921,2740.173706,1.038873108825823
2014-11-01,236.983,0.09,100.0719,13.33,2.33,79.4378947368421,4485931.0,9.0,96.78036,9.0,61.70418,98.0225,98.9056,315558.4,,30085.00277487664,4875.683102,26503.044384,42722.49263,2039130000000.0,17550700000000.0,1553.883961,54973.42075,70388642797.0,4.1152143842411615,1.231524989320798,2.8836893949203635,4.8847856157588385,-1.141524989320798,6.026310605079637,8.447534282300339,3.374278492341088,5.073255789959251,2.8836893949203635,-16219.448246,7.3862356939916225,-26.30446161418093,,3.451895798551343,14.265733303853722,-1.482893351998682,-351.69999999995343,,,,,,,,,1884.343005,2.869272543879007
2014-12-01,236.252,0.12,102.2843,19.2,2.21,62.33500000000001,4497660.0,9.0,96.78036,9.0,62.75295,97.0366,98.501,320648.8,,-2263.91871118491,-360.766898,26172.793394,35333.272018,2039130000000.0,17550700000000.0,1553.883961,54973.42075,70388642797.0,5.85773486509642,0.6531213919623191,5.204613473134101,3.14226513490358,-0.5331213919623191,3.675386526865899,8.447534282300339,3.374278492341088,5.073255789959251,5.204613473134101,-9160.478624000005,9.074981785911316,-43.71896349354439,,3.451895798551343,11.533201490362854,1.3610657094109246,5090.399999999965,,,,,,,,,2289.586092,-0.2123063647732121
2015-01-01,234.747,0.11,105.5884,20.97,1.88,47.7595,4500064.0,8.85,97.1629,8.75,62.22593,98.2017,99.6967,328688.9,-706.653666,41316.7258839258,6639.792428,24415.169792,32265.37127,2103590000000.0,18206000000000.0,1583.998159,56572.9189,68909693353.0,7.172997269905634,-0.22993097820542818,7.4029282481110625,1.5770027300943656,0.33993097820542817,1.2370717518889376,1.937995291528716,2.9095845377240748,-0.971589246195359,7.4029282481110625,-7850.201477999999,10.187048438076133,-55.82639294708209,-0.13437098788261972,3.275813887354475,9.700453763379002,0.2415749604879336,8040.100000000035,-31560.35426,16599.896822,30084.644264,9270.755858,13722.502141,4290.10433,1658.936452,-30149.009488,4468.31669,3.787691952138962
2015-02-01,235.342,0.11,105.5981,13.34,1.98,58.0955,4486725.0,8.75,96.78036,8.75,62.03761,99.9518,101.6502,337733.2,,23414.31635186091,3774.213151,22008.044543,28725.378102,2103590000000.0,18206000000000.0,1583.998159,56572.9189,68909693353.0,6.302513993479963,-0.08703146293520536,6.389545456415169,2.4474860065200366,0.19703146293520535,2.2504545435848313,1.937995291528716,2.9095845377240748,-0.971589246195359,6.389545456415169,-6717.333558999999,11.757310862915514,-46.652691253727454,,3.275813887354475,7.8546922911981065,-0.34760812998231305,9044.299999999988,,,,,,,,,3214.760755,2.153012602836104
2015-03-01,235.976,0.11,107.4396,15.29,2.04,55.88545454545454,4480603.0,8.5,97.1629,8.5,62.44984,100.9753,102.7226,341638.4,,20661.496003455984,3308.494626,24034.177853,35428.720215,2103590000000.0,18206000000000.0,1583.998159,56572.9189,68909693353.0,6.27615465497211,-0.022031284423873476,6.298185939395983,2.2238453450278897,0.13203128442387346,2.0918140606040163,1.937995291528716,2.9095845377240748,-0.971589246195359,6.298185939395983,-11394.542362,9.64297885802139,-48.0043176884256,,3.275813887354475,6.000325055459332,2.3533127402420417,3905.2000000000116,,,,,,,,,1588.154793,1.8873419017964528
2015-04-01,236.222,0.12,105.312,14.55,1.94,59.52428571428571,4471499.0,8.5,97.92796,8.5,62.75316,99.80049612,101.8869462,351868.8,-6132.475498,26981.893132566795,4299.686762,22137.213767,33506.505086,2103590000000.0,18206000000000.0,1583.998159,56572.9189,68909693353.0,5.785117896205283,-0.10403098939391064,5.889148885599194,2.714882103794717,0.22403098939391064,2.4908511144008063,1.937995291528716,2.9095845377240748,-0.971589246195359,5.889148885599194,-11369.291318999996,10.501507068459405,-44.75972883872622,-1.1660971002904557,3.275813887354475,4.083985075589225,3.970633213059327,10230.399999999965,-34175.252736,16267.472471,18637.13298,10002.775868,223.392287,-1632.015204,11016.84721,-11429.938637,3764.085616,2.4527707939284746
2015-05-01,237.001,0.12,106.7388,13.84,2.2,64.075,4463981.0,8.5,98.69302,8.5,63.80033,97.9177341,99.62205766,352478.9,,-12166.035405883851,-1906.892238,22529.080184,32837.757293,2103590000000.0,18206000000000.0,1583.998159,56572.9189,68909693353.0,5.737699034226185,0.03503321824429584,5.702665815981889,2.7623009657738153,0.08496678175570416,2.677334184018111,1.937995291528716,2.9095845377240748,-0.971589246195359,5.702665815981889,-10308.677109000004,10.733951678092756,-41.5049006996257,,3.275813887354475,3.269449740830521,7.57998226794292,610.1000000000349,,,,,,,,,4060.125869,-1.0877930992256095
2015-06-01,237.657,0.13,106.5191,18.23,2.36,61.47772727272727,4495055.0,8.25,99.84061,8.25,63.86074,99.41700742,100.1443021,356001.0,,-13853.963227633614,-2169.402238,22323.722676,33536.23371,2103590000000.0,18206000000000.0,1583.998159,56572.9189,68909693353.0,6.09755410713726,0.1795718097550525,5.917982297382207,2.1524458928627404,-0.04957180975505249,2.202017702617793,1.937995291528716,2.9095845377240748,-0.971589246195359,5.917982297382207,-11212.511034,10.61541385590493,-45.008635143873875,,3.275813887354475,2.9005701926678062,6.914434285886495,3522.0999999999767,,,,,,,,,2178.867484,-1.237542812810481
2015-07-01,238.034,0.13,108.7819,12.12,2.32,56.56130434782609,4485480.0,8.25,100.6057,8.25,63.63498,100.9044926,101.3548937,353460.5,-8558.839801,3078.39627905049,483.758505,23281.205117,36372.069889,2103590000000.0,18206000000000.0,1583.998159,56572.9189,68909693353.0,4.365108633669457,0.22568611104094582,4.139422522628511,3.8848913663305433,-0.09568611104094582,3.9805774773714893,1.937995291528716,2.9095845377240748,-0.971589246195359,4.139422522628511,-13090.864771999995,9.717909953397978,-47.02419448881715,-1.6274729963538521,3.275813887354475,1.7891875368903687,5.95487038735687,-2540.5,-37173.155112,16420.692242,8121.360311,6519.436074,-3369.036485,-1944.48084,7299.714906,856.181952,1864.480622,0.27596166838594977
2015-08-01,238.033,0.14,110.5621,28.43,2.17,46.515,4475105.0,8.25,100.9882,8.25,65.07233,100.6024892,100.335247,351437.6,,-16062.372564251336,-2468.387495,21582.676479,33981.728683,2103590000000.0,18206000000000.0,1583.998159,56572.9189,68909693353.0,4.347824289969582,0.2413037985344868,4.106520491435095,3.902175710030418,-0.10130379853448679,4.003479508564905,1.937995291528716,2.9095845377240748,-0.971589246195359,4.106520491435095,-12399.052204,10.341957681976705,-54.221167229832645,,3.275813887354475,1.3904093946715435,6.859591655627195,-2022.9000000000233,,,,,,,,,2087.626617,-1.4080999595928865
2015-09-01,237.498,0.14,111.3311,24.5,2.17,47.62318181818182,4484111.0,8.25,101.7533,8.25,66.21781,100.017626,99.49511758,350288.6,,-9167.243246648595,-1384.407495,21870.31423,32036.445496,2103590000000.0,18206000000000.0,1583.998159,56572.9189,68909693353.0,5.138377249268333,0.008842961634170088,5.129534287634163,3.1116227507316667,0.13115703836582993,2.9804657123658367,1.937995291528716,2.9095845377240748,-0.971589246195359,5.129534287634163,-10166.131266,10.934065704752927,-50.950168805945395,,3.275813887354475,0.5620255435574872,8.794704733038339,-1149.0,,,,,,,,,2567.454162,-0.7897399179497907
2015-10-01,237.733,0.12,110.2079,15.07,2.07,48.43,4489339.0,7.75,102.9009,7.75,65.05801,101.84318,100.8175441,354176.8,-7121.280813,34404.23683301956,5288.239962,21456.110713,31148.328745,2103590000000.0,18206000000000.0,1583.998159,56572.9189,68909693353.0,6.324155024841804,0.12761656067050708,6.196538464171297,1.4258449751581956,-0.007616560670507089,1.4334615358287026,1.937995291528716,2.9095845377240748,-0.971589246195359,6.196538464171297,-9692.218032,11.37065179000505,-44.60408398730841,-1.35411954097519,3.275813887354475,0.057614034555930616,6.05787324473821,3888.2000000000116,-33975.486815,15304.896639,10915.313471,10702.248691,553.859886,-2327.599211,1315.079943,-4056.420338,4618.989153,3.016694296131851
2015-11-01,238.017,0.12,112.34,16.13,2.26,44.26761904761905,4477088.0,7.75,103.2834,7.75,66.11709,101.5046976,100.106483,350247.2,,-19657.735098774945,-2973.170038,19560.91709,29896.404965,2103590000000.0,18206000000000.0,1583.998159,56572.9189,68909693353.0,6.719379841116524,0.4363182169185187,6.283061624198005,1.030620158883476,-0.3163182169185187,1.3469383758019946,1.937995291528716,2.9095845377240748,-0.971589246195359,6.283061624198005,-10335.487875000004,11.71536177711125,-44.27392720531351,,3.275813887354475,-0.19712741903520348,7.1517197052128445,-3929.5999999999767,,,,,,,,,2600.409194,-1.6960548612609871
2015-12-01,237.761,0.24,113.3429,18.21,2.24,38.00545454545455,4486587.0,7.75,102.9009,7.75,66.59551,100.4267786,99.72132431,350381.4,,-11728.86806977294,-1761.210038,22593.353382,34096.490036,2103590000000.0,18206000000000.0,1583.998159,56572.9189,68909693353.0,6.324155024841804,0.6387247515364791,5.685430273305325,1.4258449751581956,-0.3987247515364791,1.8245697266946748,1.937995291528716,2.9095845377240748,-0.971589246195359,5.685430273305325,-11503.136654000002,10.276172111265934,-39.030312752940496,,3.275813887354475,-0.24619468790437748,6.1233137246934355,134.20000000001164,,,,,,,,,3482.870451,-1.0046881976050466
2016-01-01,237.652,0.34,115.5731,20.2,2.09,30.6995,4482349.0,7.75,102.9009,7.75,67.25233,100.6482307,99.84303881,349608.9,-337.997298,-7692.625963423142,-1143.845271,21199.025451,28866.530777,2294800000000.0,18695100000000.0,1707.508929,57638.10184,62744364090.0,5.905546252736382,1.2375025026943876,4.668043750041995,1.8444537472636178,-0.8975025026943875,2.7419562499580055,7.7974061584752175,1.88284953421416,5.914556624261058,4.668043750041995,-7667.505325999999,12.111219831049393,-35.72064196651975,-0.058915338678751955,2.7341974938992504,-0.39366106793148337,8.077661515062928,-772.5,-24754.827389,15146.081873,3454.562048,8796.530443,-1538.005812,1269.656936,-9002.05534,-3274.499581,4418.039069,-0.5981411561791877
2016-02-01,237.336,0.38,114.2418,20.55,1.78,32.1815,4489796.0,7.75,102.1358,7.75,68.23767,97.95985916,97.70515024,348418.1,,-10246.058593915855,-1501.525271,20845.724216,27418.979994,2294800000000.0,18695100000000.0,1707.508929,57638.10184,62744364090.0,5.533602065543053,0.8472775790126619,4.686324486530391,2.216397934456947,-0.46727757901266187,2.683675513469609,7.7974061584752175,1.88284953421416,5.914556624261058,4.686324486530391,-6573.2557780000025,12.707186776322208,-44.60586448175848,,2.7341974938992504,0.06844636121001724,9.994034264053674,-1190.8000000000466,,,,,,,,,2847.09002,-0.7851796780547324
2016-03-01,238.08,0.36,109.9191,13.95,1.89,38.21045454545455,4482840.0,7.75,102.5183,7.75,67.02185,98.65239086,98.68114873,360176.2,,7421.763276232865,1107.364729,22911.742382,27310.280823,2294800000000.0,18695100000000.0,1707.508929,57638.10184,62744364090.0,5.511774555926174,0.8916160965521946,4.62015845937398,2.2382254440738256,-0.5316160965521947,2.7698415406260204,7.7974061584752175,1.88284953421416,5.914556624261058,4.62015845937398,-4398.538441000001,13.188300857626812,-31.62719198360281,,2.7341974938992504,0.0499263157213381,7.321091615286757,11758.100000000035,,,,,,,,,1530.934643,0.5790647005403521
2016-04-01,238.992,0.37,108.8274,15.7,1.81,41.583333333333336,4474665.0,7.15,103.6659,7.0,66.46953,99.15870511,98.51310524,363049.0,-401.0725744978,22793.26951030376,3429.130537,20863.472334,25689.177558,2294800000000.0,18695100000000.0,1707.508929,57638.10184,62744364090.0,5.859348035024925,1.1726257503534843,4.686722284671441,1.140651964975075,-0.8026257503534843,1.9432777153285592,7.7974061584752175,1.88284953421416,5.914556624261058,4.686722284671441,-4825.705224000001,14.132371469671321,-30.14055887552899,-0.06990980904615653,2.7341974938992504,0.0708039966015761,5.922203758344602,2872.7999999999884,-23835.4347041964,14160.6035721365,7181.5587408991,3881.3516655606,2103.4416106125,-1600.429354061,-148.1018723197,-6969.1576340491,1256.25574,1.7931656982743591
2016-05-01,239.557,0.37,112.4276,14.19,1.81,46.74238095238096,4461111.0,7.0,105.196,7.0,66.90673,99.87957359,98.46245858,361605.0,,-8926.826137168599,-1334.219463,22407.028245,28286.233407,2294800000000.0,18695100000000.0,1707.508929,57638.10184,62744364090.0,6.58909819559681,1.0784764621246223,5.510621733472187,0.41090180440319024,-0.7084764621246223,1.1193782665278125,7.7974061584752175,1.88284953421416,5.914556624261058,5.510621733472187,-5879.205161999998,12.78378053369642,-27.050517436783515,,2.7341974938992504,-0.06429238834125828,4.86894033306724,-1444.0,,,,,,,,,1365.381795,-0.6976918928011155
2016-06-01,240.222,0.38,112.1618,15.63,1.64,48.24727272727273,4466482.0,7.0,105.9611,7.0,67.29686,100.5965447,98.31977163,363506.1,,57.407835421382,8.530537,22655.583607,30917.01308,2294800000000.0,18695100000000.0,1707.508929,57638.10184,62744364090.0,6.130261023044636,1.0792865347959424,5.050974488248694,0.8697389769553636,-0.6992865347959424,1.5690255117513061,7.7974061584752175,1.88284953421416,5.914556624261058,5.050974488248694,-8261.429473,11.75747796397413,-21.520728127703304,,2.7341974938992504,-0.635654068748881,5.380645448204957,1901.0999999999767,,,,,,,,,1260.393598,0.004460800244029981
2016-07-01,240.101,0.39,111.874,11.87,1.5,44.95190476190477,4464498.0,7.0,107.1087,7.0,67.20763,102.1714965,99.15433482,366503.9,-3466.7090479803,13758.122299910548,2047.107196,21692.270863,29305.248157,2294800000000.0,18695100000000.0,1707.508929,57638.10184,62744364090.0,6.463848469818312,0.8683633430518256,5.595485126766486,0.5361515301816882,-0.4783633430518256,1.0145148732335136,7.7974061584752175,1.88284953421416,5.914556624261058,5.595485126766486,-7612.977294,12.50642540327559,-20.52533922225137,-0.6042721017919296,2.7341974938992504,-0.4677760239706785,5.614286356340492,2997.8000000000466,-25612.234372523,14047.566222028,12834.9737145688,16999.6030694873,6050.2437989528,-1689.5282607192,-6605.7772330903,-8511.507725209,4710.39568,1.0704761352623322
2016-08-01,240.545,0.4,112.4036,13.42,1.56,45.84304347826088,4457907.0,7.0,106.3436,7.0,66.93964,101.9446432,99.14783833,366800.0,,8960.315306597528,1338.566402,21597.086255,29303.198987,2294800000000.0,18695100000000.0,1707.508929,57638.10184,62744364090.0,5.302995795548382,1.0553158595656864,4.2476799359826956,1.697004204451618,-0.6553158595656864,2.3523200640173045,7.7974061584752175,1.88284953421416,5.914556624261058,4.2476799359826956,-7706.112732000001,12.517404675261778,-1.4446017881094675,,2.7341974938992504,-0.3843038319771286,2.8695914223449526,296.0999999999767,,,,,,,,,6035.888992,0.6999650001743071
2016-09-01,241.176,0.4,112.2795,13.29,1.63,46.56772727272728,4452002.0,7.0,105.9611,7.0,66.73773,101.8792855,99.65178192,371990.3,,17782.736664038373,2664.570201,22769.070768,31840.481481,2294800000000.0,18695100000000.0,1707.508929,57638.10184,62744364090.0,4.135295857726495,1.5486446201652182,2.586651237561277,2.8647041422735047,-1.1486446201652183,4.0133487624387225,7.7974061584752175,1.88284953421416,5.914556624261058,2.586651237561277,-9071.410712999996,11.682935769108132,-2.216262133605662,,2.7341974938992504,-0.7160616675189302,0.7851664076477194,5190.299999999988,,,,,,,,,6252.974843,1.3933607465574342
2016-10-01,241.741,0.4,114.0188,17.06,1.76,49.52238095238096,4454326.0,6.75,106.3436,6.75,66.74769,102.7870934,100.3147642,366211.6,-7975.705100524,-328.68486224425806,-49.242882,23360.614495,34495.092014,2294800000000.0,18695100000000.0,1707.508929,57638.10184,62744364090.0,3.3456461508111213,1.685924966243646,1.6597211845674753,3.4043538491888787,-1.285924966243646,4.690278815432524,7.7974061584752175,1.88284953421416,5.914556624261058,1.6597211845674753,-11134.477519,10.616339270855438,2.2555873474725763,-1.3902222591117308,2.7341974938992504,-0.7799143704674605,2.597189800302857,-5778.700000000012,-33273.0528098602,13996.1832080692,6073.3674264726,9733.7937626406,-11340.8890352719,1681.7923575233,3180.113005048,1241.8647811325,4166.809208,-0.025750156179187727
2016-11-01,242.026,0.41,117.7636,13.33,2.14,44.73409090909091,4446307.0,6.75,105.9611,6.75,67.62566,102.642463,100.452416,361121.0,,-46738.20768528239,-6911.312612,20066.25774,33461.865209,2294800000000.0,18695100000000.0,1707.508929,57638.10184,62744364090.0,2.592575379973927,1.6843334719788938,0.9082419079950332,4.157424620026073,-1.274333471978894,5.431758092004967,7.7974061584752175,1.88284953421416,5.914556624261058,0.9082419079950332,-13395.607469000002,10.792016456478697,1.053754124363615,,2.7341974938992504,-0.6875227826658725,2.2816642414237975,-5090.599999999977,,,,,,,,,3578.403411,-3.6140731804078783
2016-12-01,242.637,0.54,118.3466,14.04,2.49,53.3085,4451451.0,6.75,105.196,6.75,67.90043,102.5749915,101.2011378,358898.0,,-29742.653104522306,-4380.333542,24056.477749,34602.469917,2294800000000.0,18695100000000.0,1707.508929,57638.10184,62744364090.0,2.230398373580811,2.0507989115119862,0.1795994620688246,4.519601626419189,-1.5107989115119862,6.030400537931175,7.7974061584752175,1.88284953421416,5.914556624261058,0.1795994620688246,-10545.992168,10.372034160014554,40.265392527388414,,2.7341974938992504,-0.7831342621908322,1.9594714418434522,-2223.0,,,,,,,,,1989.554459,-2.2905700934286215
2017-01-01,243.618,0.65,116.2241,11.99,2.43,54.57666666666666,4452838.0,6.75,104.8135,6.75,68.08037,101.5124982,100.7265788,362952.6,-2573.2235488081,1732.4618650144432,254.473039,22356.316704,32261.139355,2651470000000.0,19477300000000.0,1950.104683,59635.09844,68967175500.0,1.858681508130644,2.5103933482571117,-0.6517118401264677,4.891318491869356,-1.8603933482571118,6.751711840126468,14.207583332643292,3.464716110089028,10.742867222554263,-0.6517118401264677,-9904.822651,11.250458206267526,77.77705391510175,-0.38819576292518493,2.60109205459613,-0.6583824686565043,1.23124358665343,4054.5999999999767,-29721.7402219929,14368.2451926815,10357.1543204989,4997.4323398915,10798.7691181327,3987.0534882328,-13041.9041021083,-7311.5390175741,4070.600607,0.1151691879598864
2017-02-01,244.006,0.66,116.0032,12.92,2.42,54.8695,4468702.0,6.75,104.8135,6.75,67.07545,102.3752804,101.5891799,364259.0,,10791.185855679254,1608.813039,24384.971731,34248.437052,2651470000000.0,19477300000000.0,1950.104683,59635.09844,68967175500.0,2.6217056115485526,2.8103616813294208,-0.18865606978086813,4.128294388451447,-2.1503616813294206,6.278656069780868,14.207583332643292,3.464716110089028,10.742867222554263,-0.18865606978086813,-9863.465321,10.635784618344458,70.5001320634526,,2.60109205459613,-0.46982090054871195,-1.7031941448176546,1306.4000000000233,,,,,,,,,993.620187,0.7281152141265035
2017-03-01,243.892,0.79,114.7938,12.37,2.48,51.58913043478261,4469618.0,6.75,105.196,6.75,65.87666,104.0422923,103.3931393,369954.7,,58863.97780959698,8935.483039,28892.798379,39946.672104,2651470000000.0,19477300000000.0,1950.104683,59635.09844,68967175500.0,2.6119239199245525,2.44119623655914,0.17072768336541255,4.1380760800754475,-1.65119623655914,5.789272316634587,14.207583332643292,3.464716110089028,10.742867222554263,0.17072768336541255,-11053.873724999998,9.261214527128411,35.01312938691426,,2.60109205459613,-0.29494695327069165,-1.7086815717560766,5695.700000000012,,,,,,,,,-67.825683,4.044013187703426
2017-04-01,244.193,0.9,114.7877,10.82,2.3,52.30789473684211,4470142.0,6.5,105.9611,6.5,64.50709,106.0465878,105.2174867,373301.9,-14978.9914132372,13684.285223598908,2121.361423,24579.014311,38834.650411,2651470000000.0,19477300000000.0,1950.104683,59635.09844,68967175500.0,2.2140356665017125,2.176223471915395,0.03781219458631746,4.2859643334982875,-1.276223471915395,5.562187805413682,14.207583332643292,3.464716110089028,10.742867222554263,0.03781219458631746,-14255.636100000003,9.612598441062866,25.790528425271585,-2.2597263273938153,2.60109205459613,-0.10108019259542633,-2.9523903659315787,3347.2000000000116,-41935.8511962865,14603.4598527824,26946.0531906019,7143.792978894,12451.5992694624,927.1906565492,6806.5304551269,-11404.5658548436,1633.156468,0.9600839185810135
2017-05-01,244.004,0.91,113.2956,10.41,2.3,50.32652173913044,4459914.0,6.5,106.3436,6.5,64.42484,105.7495414,104.8712529,380100.4,,38026.22980899873,5902.417423,23947.03531,38278.742888,2651470000000.0,19477300000000.0,1950.104683,59635.09844,68967175500.0,1.0909160044108024,1.8563431667619756,-0.7654271623511733,5.409083995589198,-0.9463431667619756,6.355427162351173,14.207583332643292,3.464716110089028,10.742867222554263,-0.7654271623511733,-14331.707578,9.929803627881356,7.667860972680951,,2.60109205459613,-0.026831881116606837,-3.709477357509461,6798.5,,,,,,,,,3412.705666,2.6713109737617247
2017-06-01,244.163,1.04,111.9896,11.18,2.19,46.36818181818182,4463347.0,6.5,107.1087,6.5,64.44299,105.4512675,104.2747861,386539.4,,28534.19872411848,4427.820423,23012.651391,37055.024664,2651470000000.0,19477300000000.0,1950.104683,59635.09844,68967175500.0,1.0830389642991545,1.640565809959127,-0.5575268456599725,5.4169610357008455,-0.6005658099591269,6.017526845659972,14.207583332643292,3.464716110089028,10.742867222554263,-0.5575268456599725,-14042.373272999996,10.431497577048814,-3.894709074464886,,2.60109205459613,-0.07018946902730416,-4.240717917596748,6439.0,,,,,,,,,2097.936135,2.003939138515616
2017-07-01,244.243,1.15,109.8177,10.26,2.32,48.47857142857143,4465284.0,6.5,109.0214,6.5,64.45588,106.7709746,103.7702918,393655.2,-6955.6603145652,5714.829264239348,886.626521,22292.633411,34215.041814,2651470000000.0,19477300000000.0,1950.104683,59635.09844,68967175500.0,1.785755965668523,1.7251073506566073,0.06064861501191565,4.714244034331477,-0.5751073506566073,5.289351384988084,14.207583332643292,3.464716110089028,10.742867222554263,0.06064861501191565,-11922.408402999998,11.505325702654131,7.8454220913356965,-1.0493289103124228,2.60109205459613,0.017605562820266485,-4.094401186293883,7115.799999999988,-32454.6986970121,15776.2024657451,16889.8694742556,12411.375399935,2065.9085632775,2856.873706688,173.9833369087,-9498.5749000269,4199.176201,0.401268664250397
2017-08-01,245.183,1.16,109.3686,10.59,2.21,51.70434782608696,4452360.0,6.25,109.0214,6.25,63.96839,107.5006409,103.9091278,397822.1,,3583.939068983961,560.267199,23355.109487,36070.616348,2651470000000.0,19477300000000.0,1950.104683,59635.09844,68967175500.0,2.518064086602312,1.92812155729698,0.5899425293053318,3.731935913397688,-0.7681215572969802,4.500057470694668,14.207583332643292,3.464716110089028,10.742867222554263,0.5899425293053318,-12715.506861000002,11.028979825626347,12.785591669116725,,2.60109205459613,-0.12443059040935234,-4.438700297760789,4166.899999999965,,,,,,,,,7681.815191,0.25356524448702045
2017-09-01,246.435,1.15,110.0867,9.51,2.2,56.15285714285714,4455661.0,6.25,109.0214,6.25,64.44095,105.6433857,102.6043957,400205.3,,3988.990454702085,619.014843,28567.096732,37962.669459,2651470000000.0,19477300000000.0,1950.104683,59635.09844,68967175500.0,2.8881353628831707,2.1805652303711787,0.7075701325119921,3.3618646371168293,-1.0305652303711788,4.3924298674880085,14.207583332643292,3.464716110089028,10.742867222554263,0.7075701325119921,-9395.572726999995,10.542074772487354,20.58320307107504,,2.60109205459613,0.08218774385095884,-3.441501531442559,2383.2000000000116,,,,,,,,,530.390376,0.28015320241224684
2017-10-01,246.626,1.15,111.8052,10.18,2.36,57.50772727272727,4461117.0,6.25,109.7864,6.25,65.08128,105.9591199,102.4047452,399224.8,-13716.1835025,25062.102404113637,3850.892669,22888.701041,37501.433058,2651470000000.0,19477300000000.0,1950.104683,59635.09844,68967175500.0,3.237430367224748,2.020757753132485,1.2166726140922632,3.012569632775252,-0.870757753132485,3.883327385907737,14.207583332643292,3.464716110089028,10.742867222554263,1.2166726140922632,-14612.732017000002,10.64558784680457,16.124722129222224,-2.0692194899433143,2.60109205459613,0.15245853132437315,-2.496580780548363,-980.5,-44022.194881816,16167.1347184577,22530.1397446688,4323.3403345937,5321.5080066429,5911.0683173501,4580.2078652891,-9434.484928974,631.534528,1.7428336744522848
2017-11-01,247.284,1.16,110.4648,11.28,2.35,62.71409090909091,4438592.0,6.25,110.169,6.25,64.86261,107.6506383,102.9902146,401942.0,,10318.555898460609,1590.832669,26292.657425,41390.189147,2651470000000.0,19477300000000.0,1950.104683,59635.09844,68967175500.0,3.971174327182325,2.172493864295566,1.7986804628867592,2.278825672817675,-1.012493864295566,3.2913195371132407,14.207583332643292,3.464716110089028,10.742867222554263,1.7986804628867592,-15097.531721999996,9.711045256944256,40.19306000101612,,2.60109205459613,-0.1735147842917728,-4.085801158909197,2717.2000000000116,,,,,,,,,956.136979,0.7199776738186742
2017-12-01,247.805,1.3,110.0783,11.04,2.4,64.3736842105263,4448680.0,6.25,109.4039,6.25,64.24232,107.6348225,103.5776135,409072.2,,-772.3040247647921,-120.217331,27832.559814,42030.787058,2651470000000.0,19477300000000.0,1950.104683,59635.09844,68967175500.0,4.000057036389215,2.129930719552253,1.870126316836962,2.249942963610785,-0.8299307195522532,3.0798736831630382,14.207583332643292,3.464716110089028,10.742867222554263,1.870126316836962,-14198.227244000002,9.73267998611362,20.75688531946369,,2.60109205459613,-0.06224936543163251,-5.3874622001657375,7130.200000000012,,,,,,,,,2735.669478,-0.05440785571777165
2018-01-01,248.859,1.41,106.7696,13.54,2.58,69.07727272727273,4419225.0,6.25,110.169,6.25,63.6369,106.2692202,103.1452827,422366.5,-13066.3771304374,21504.23029932252,3379.207708,25407.743953,40701.209668,2702930000000.0,20533100000000.0,1966.254552,62499.87444,78790170929.0,5.109551727592332,2.151318868063945,2.958232859528387,1.140448272407668,-0.7413188680639451,1.8817671404716132,0.8281539519794157,4.8038421582925706,-3.975688206313155,2.958232859528387,-15293.465715000002,10.377246854460738,26.569240934354244,-1.9336611943982864,2.914991173615299,-0.7548668961233296,-6.526800603463235,13294.299999999988,-41623.1057173144,16402.1869780909,25023.6987024781,6407.574082133,2275.9011691205,6965.284077871,4629.4364572484,-13236.7526228855,1688.546727,1.5002420519954272
2018-02-01,249.529,1.42,108.3903,19.85,2.86,65.3175,4393401.0,6.25,109.7864,6.25,64.37384,103.7386379,101.5036203,420962.8,,1846.701476290512,286.871418,26030.721477,37871.272328,2702930000000.0,20533100000000.0,1966.254552,62499.87444,78790170929.0,4.744522413620378,2.263468931091861,2.481053482528517,1.5054775863796221,-0.843468931091861,2.348946517471483,0.8281539519794157,4.8038421582925706,-3.975688206313155,2.481053482528517,-11840.550851,11.115623376845528,19.041544027191783,,2.914991173615299,-1.6850754424886705,-4.027718039908789,-1403.7000000000116,,,,,,,,,2667.793591,0.1273601985992978
2018-03-01,249.577,1.51,107.4784,19.97,2.84,66.01666666666667,4392198.0,6.25,109.7864,6.25,65.02133,102.9983614,100.652343,424544.8,,-9039.121970082282,-1390.177957,29167.029889,42801.16479,2702930000000.0,20533100000000.0,1966.254552,62499.87444,78790170929.0,4.363664017643254,2.3309497646499366,2.0327142529933173,1.886335982356746,-0.8209497646499366,2.707285747006683,0.8281539519794157,4.8038421582925706,-3.975688206313155,2.0327142529933173,-13634.134901,9.919001085203877,27.96623263523099,,2.914991173615299,-1.732139077657191,-1.2983809440247795,3582.0,,,,,,,,,2051.241206,-0.6171871074722617
2018-04-01,250.227,1.69,109.3363,15.93,2.87,72.10600000000001,4372886.0,6.25,110.169,6.25,65.63635,102.7563781,100.0450392,420517.0,-15803.4671700706,-18970.645885074715,-2890.265209,25949.464389,39966.951126,2702930000000.0,20533100000000.0,1966.254552,62499.87444,78790170929.0,3.971174327182325,2.4709963021052994,1.5001780250770258,2.278825672817675,-0.7809963021052995,3.0598219749229743,0.8281539519794157,4.8038421582925706,-3.975688206313155,1.5001780250770258,-14017.486737,10.521618190846635,37.849172410323504,-2.3387164551165736,2.914991173615299,-2.175680325144036,1.7505982675702692,-4027.7999999999884,-45750.6510978878,17215.5152779605,4787.4978728201,9572.5068687977,-8145.3388855952,-4272.0979943866,10061.469169298,11338.4305584943,4260.410415,-1.2831698382126062
2018-05-01,250.792,1.7,111.9894,15.43,2.98,76.9752380952381,4327519.0,6.25,110.5515,6.25,67.53936,101.754017,98.78522334,412373.0,,-9275.541158092608,-1373.353428,28944.971019,43917.274066,2702930000000.0,20533100000000.0,1966.254552,62499.87444,78790170929.0,3.956890682655101,2.781921607842497,1.174969074812604,2.293109317344899,-1.081921607842497,3.375030925187396,0.8281539519794157,4.8038421582925706,-3.975688206313155,1.174969074812604,-14972.303046999998,9.389767665913766,52.951635509885534,,2.914991173615299,-2.968554999042583,4.834346503615694,-8144.0,,,,,,,,,3667.543567,-0.6097176447780741
2018-06-01,251.018,1.82,113.2586,16.09,2.91,74.4047619047619,4305491.0,6.45,111.3165,6.5,67.79307,102.2995894,99.21235878,405740.3,,-26315.373249308137,-3881.720248,27158.075424,44806.585904,2702930000000.0,20533100000000.0,1966.254552,62499.87444,78790170929.0,3.928532416134267,2.8075506935940187,1.1209817225402485,2.571467583865733,-0.9875506935940186,3.559018277459751,0.8281539519794157,4.8038421582925706,-3.975688206313155,1.1209817225402485,-17648.51048,9.055371923880022,60.46512713506145,,2.914991173615299,-3.5367180727825964,5.198517325158258,-6632.700000000012,,,,,,,,,1644.539635,-1.7233388573141
2018-07-01,251.214,1.91,112.7299,12.83,2.89,74.2540909090909,4277681.0,6.5,115.1419,6.5,68.69336,102.697442,98.8550212,403674.8,-19053.5118233536,33189.108461907,4831.487128,25754.235583,44388.072262,2702930000000.0,20533100000000.0,1966.254552,62499.87444,78790170929.0,5.614035409561802,2.854124785561929,2.7599106239998727,0.8859645904381983,-0.944124785561929,1.8300893760001273,0.8281539519794157,4.8038421582925706,-3.975688206313155,2.7599106239998727,-18633.836679,9.094217870452109,53.16889240124838,-2.8196826145484493,2.914991173615299,-4.201367706958836,6.574233413615649,-2065.5,-50037.1046926299,19510.6788255824,16603.774886257,7410.3298523493,202.1273963596,6925.818081538,521.5765587634,1867.7829972939,1808.501943,2.144999890341222
2018-08-01,251.663,1.91,114.2755,12.86,2.89,72.52826086956522,4218914.0,6.75,115.1419,6.75,69.54651,102.3487811,98.48048312,400101.9,,-19685.2098974751,-2830.5101,27808.31876,45731.108757,2702930000000.0,20533100000000.0,1966.254552,62499.87444,78790170929.0,5.614035409561802,2.6429238568742575,2.9711115526875442,1.1359645904381983,-0.7329238568742575,1.8688884473124558,0.8281539519794157,4.8038421582925706,-3.975688206313155,2.9711115526875442,-17922.789997000003,8.749009391528407,40.274974772956604,,2.914991173615299,-5.2431968663809725,8.720119421483009,-3572.899999999965,,,,,,,,,1986.941615,-1.2566408009086436
2018-09-01,252.182,1.95,113.8077,12.12,3.0,78.89099999999999,4192909.0,6.75,115.1419,6.75,72.21528,98.31422308,95.10000149,400525.1,,-12990.442985277698,-1798.849632,27865.972165,42819.587442,2702930000000.0,20533100000000.0,1966.254552,62499.87444,78790170929.0,5.614035409561802,2.332055105808828,3.281980303752974,1.1359645904381983,-0.38205510580882796,1.5180196962470263,0.8281539519794157,4.8038421582925706,-3.975688206313155,3.281980303752974,-14953.615276999995,9.353782320825005,40.49329635942706,,2.914991173615299,-5.897037499037738,12.064269691865203,423.19999999995343,,,,,,,,,3614.887755,-0.7986220724917035
2018-10-01,252.772,2.19,116.5281,21.23,3.15,81.03217391304348,4139731.0,6.75,115.5244,6.75,73.6323,96.98295417,93.69369589,392084.9,-17751.9366590634,-27667.90369371,-3757.577,26673.950264,44677.886899,2702930000000.0,20533100000000.0,1966.254552,62499.87444,78790170929.0,5.22651257350637,2.492032470218053,2.734480103288317,1.52348742649363,-0.302032470218053,1.825519896711683,0.8281539519794157,4.8038421582925706,-3.975688206313155,2.734480103288317,-18003.936635,8.775815671102741,40.90658378612808,-2.627065689316912,2.914991173615299,-7.204159855031822,13.138985588482566,-8440.199999999953,-49280.7877801058,17558.300059042,13770.4015214956,7309.2503977459,-2110.6292713566,2937.982994296,4913.3433856576,4295.6417521685,3120.151303,-1.6682238903708198
2018-11-01,252.594,2.2,116.413,18.07,3.12,64.74818181818182,4097170.0,6.75,115.5244,6.75,71.85424,99.71367366,96.08474504,393718.0,,21490.91237733664,2990.90386,26071.56472,43655.186161,2702930000000.0,20533100000000.0,1966.254552,62499.87444,78790170929.0,4.8610770724977215,2.147328577667773,2.7137484948299484,1.8889229275022785,0.0526714223322271,1.8362515051700514,0.8281539519794157,4.8038421582925706,-3.975688206313155,2.7137484948299484,-17583.621441,9.018813905591216,3.2434352146465617,,2.914991173615299,-7.692123988868538,10.779137626438406,1633.0999999999767,,,,,,,,,1076.608506,1.3278496416851342
2018-12-01,252.767,2.27,115.5674,25.42,2.83,57.36235294117647,4075636.0,6.75,115.1419,6.75,70.73107,100.6870795,97.48214558,395591.1,,-9505.945524942124,-1343.956132,27858.291132,42351.016666,2702930000000.0,20533100000000.0,1966.254552,62499.87444,78790170929.0,5.244785606363234,2.0023809043401064,3.2424047020231272,1.5052143936367663,0.2676190956598936,1.2375952979768727,0.8281539519794157,4.8038421582925706,-3.975688206313155,3.2424047020231272,-14492.725534000005,9.340769859666347,-10.891610998090673,,2.914991173615299,-8.385498619815312,10.100429125224618,1873.0999999999767,,,,,,,,,3112.490576,-0.5966663429685563
2019-01-01,252.561,2.4,113.5504,16.57,2.71,59.40954545454545,4039678.0,6.75,117.437,6.75,70.73287,99.68380247,96.88035915,400190.2,-4647.4476414917,-2558.578133624942,-361.724066,26407.364294,41455.209687,2835610000000.0,21381000000000.0,2041.428637,64746.45068,83332078002.0,6.597137125688724,1.4875893578291333,5.109547767859591,0.15286287431127565,0.9124106421708666,-0.759547767859591,3.823212255174968,3.5945292052653954,0.2286830499095726,5.109547767859591,-15047.845393000003,9.653556284519198,-13.99552543265119,-0.6555834746656557,2.9387707760235013,-8.588542108627639,11.150716015393591,4599.100000000035,-35214.075150131,16316.5790875098,19241.0976922344,6419.8971386978,9435.8770209394,10258.4522635688,-8063.5118556929,-14162.4923181296,3681.518713,-0.15307777839688813
2019-02-01,253.319,2.4,114.1991,14.78,2.68,63.9605,3974590.0,6.5625,117.437,6.5,71.221768,98.71113003,96.06862942,402362.5,,8366.03094835925,1174.645222,26862.075442,36591.126743,2835610000000.0,21381000000000.0,2041.428637,64746.45068,83332078002.0,6.968622707366312,1.5188615351321877,5.449761172234124,-0.46862270736631206,0.8811384648678122,-1.3497611722341243,3.823212255174968,3.5945292052653954,0.2286830499095726,5.449761172234124,-9729.051301,10.996176827951142,-2.0775443028284823,,2.9387707760235013,-9.532728744769713,10.637749744306069,2172.2999999999884,,,,,,,,,1949.202266,0.4970973675505448
2019-03-01,254.277,2.41,115.1371,13.71,2.57,66.13857142857144,3955617.0,6.5,118.2021,6.5,69.47865,101.4173969,98.73083816,412870.87,,59911.13325097823,8622.955865,32725.186271,43690.4449,2835610000000.0,21381000000000.0,2041.428637,64746.45068,83332078002.0,7.665521412488241,1.8831863513063984,5.7823350611818425,-1.165521412488241,0.5268136486936017,-1.6923350611818426,3.823212255174968,3.5945292052653954,0.2286830499095726,5.7823350611818425,-10965.258629000004,9.449912239277745,0.18465755400873807,,2.9387707760235013,-9.939920741278051,6.855165835580412,10508.369999999995,,,,,,,,,789.17668,3.6491432312624092
2019-04-01,255.233,2.42,115.3281,13.12,2.53,71.23333333333333,3928273.0,6.25,119.3497,6.25,69.42741,101.8318838,98.97730289,418793.1,-15004.4949081796,7713.590839446491,1111.029612,26037.651825,42387.256496,2835610000000.0,21381000000000.0,2041.428637,64746.45068,83332078002.0,8.333287948515466,2.000583470209061,6.332704478306405,-2.0832879485154656,0.41941652979093913,-2.5027044783064047,3.823212255174968,3.5945292052653954,0.2286830499095726,6.332704478306405,-16349.604671,9.880165281268454,-1.2102552723305626,-2.1165808990911446,2.9387707760235013,-10.167495791109115,5.7758543855653155,5922.229999999981,-46773.9602589135,18223.7719940258,28623.6115461809,13992.5180824891,4842.6916590175,9561.27871998,3433.39133626764,-13983.9932037591,4385.557767,0.4701759178448376
2019-05-01,255.296,2.39,116.7273,18.71,2.4,71.31772727272727,3851444.0,6.25,120.1148,6.25,69.77312,102.3821473,99.26390344,421867.8,,12809.8743867384,1835.932575,29849.709402,46683.354924,2835610000000.0,21381000000000.0,2041.428637,64746.45068,83332078002.0,8.650538436837119,1.7959105553606136,6.854627881476505,-2.4005384368371185,0.5940894446393865,-2.994627881476505,3.823212255174968,3.5945292052653954,0.2286830499095726,6.854627881476505,-16833.645522,9.036792678820882,-7.349780218297008,,2.9387707760235013,-11.001107100858487,3.307345524150662,3074.7000000000116,,,,,,,,,2818.355566,0.776947143648104
2019-06-01,255.213,2.38,114.5821,15.08,2.07,64.2205,3826817.0,6.0,120.8798,6.0,69.43886,103.0862696,99.4450684,429837.1,,13163.72934735208,1895.729473,25027.345537,41032.494584,2835610000000.0,21381000000000.0,2041.428637,64746.45068,83332078002.0,8.591089371297155,1.671194894390049,6.919894476907106,-2.591089371297155,0.7088051056099509,-3.299894476907106,3.823212255174968,3.5945292052653954,0.2286830499095726,6.919894476907106,-16005.149047,10.47552931786917,-13.687647999999985,,2.9387707760235013,-11.11775637203748,2.4276670167024506,7969.299999999988,,,,,,,,,6788.604657,0.802252555041067
2019-07-01,255.802,2.4,115.4946,16.12,2.06,63.9191304347826,3779102.0,6.0,122.0274,6.0,68.8083,104.6668946,100.1411608,428820.24,-7579.48443585215,3144.7941071349005,457.03703,26231.643087,40430.648303,2835610000000.0,21381000000000.0,2041.428637,64746.45068,83332078002.0,5.980012488937558,1.826331335037068,4.15368115390049,0.019987511062441676,0.5736686649629319,-0.5536811539004902,3.823212255174968,3.5945292052653954,0.2286830499095726,4.15368115390049,-14199.005216,10.60631619820405,-13.918371833494492,-1.0691857393438662,2.9387707760235013,-11.655357190028893,0.1673233046105338,-1016.859999999986,-39649.9573115007,20187.9969138203,13579.6520821155,7314.46258731006,2476.4404997096,3071.59442598278,-1818.43487798003,-5118.48742354762,3482.411434,0.1934132112667116
2019-08-01,256.036,2.13,118.1575,18.98,1.63,59.041818181818186,3759946.0,5.72,122.4099,5.65,71.1457,102.4718522,97.85006008,428349.29,,-2583.5787601241004,-363.13913,25987.936959,39852.083073,2835610000000.0,21381000000000.0,2041.428637,64746.45068,83332078002.0,6.3122112801681896,1.7376412106666406,4.574570069501549,-0.6622112801681892,0.3923587893333593,-1.0545700695015485,3.823212255174968,3.5945292052653954,0.2286830499095726,4.574570069501549,-13864.146114000005,10.748479300702073,-18.594741589076623,,2.9387707760235013,-10.878818577482264,2.2994539912930323,-470.95000000001164,,,,,,,,,1850.740587,-0.15367661843483416
2019-09-01,256.43,2.04,117.9461,16.24,1.7,62.82666666666668,3857715.0,5.65,123.175,5.65,71.33366,102.7700241,97.78532536,433707.15,,16995.5483763916,2382.5426,26013.728169,37694.818924,2835610000000.0,21381000000000.0,2041.428637,64746.45068,83332078002.0,6.976695711986669,1.6844977040391562,5.292198007947513,-1.3266957119866687,0.3555022959608438,-1.6821980079475125,3.823212255174968,3.5945292052653954,0.2286830499095726,5.292198007947513,-11681.090754999996,11.50574965950724,-20.362694519442403,,2.9387707760235013,-7.994306578082188,-1.2208219645482354,5357.860000000044,,,,,,,,,1981.310608,1.0082666939388703
2019-10-01,257.155,1.83,115.9125,13.22,1.71,59.71304347826087,4019823.0,5.4,124.3226,5.4,71.03945,103.7131004,98.05696167,445113.031,-2629.97744411774,18328.72797375878,2580.077404,26212.38913,37986.365411,2835610000000.0,21381000000000.0,2041.428637,64746.45068,83332078002.0,7.61588028156821,1.7339736996186295,5.881906581949581,-2.21588028156821,0.09602630038137061,-2.3119065819495805,3.823212255174968,3.5945292052653954,0.2286830499095726,5.881906581949581,-11773.976281,11.717705186690624,-26.309463766405184,-0.3709928296370432,2.9387707760235013,-2.8965167060371777,-3.5213486472648547,11405.880999999994,-36040.0180426339,19132.3978356197,23626.3959202437,9743.0675135183,7829.11069872619,3134.88383437676,-2323.97661957778,-21601.228939544,2646.196214,1.0918613225373024
2019-11-01,257.879,1.55,117.1204,12.62,1.81,63.21190476190476,4052875.0,5.4,125.4702,5.4,71.4517,103.8286179,97.28237189,451258.56,,41873.91784997545,5860.450885,25744.491675,38523.244936,2835610000000.0,21381000000000.0,2041.428637,64746.45068,83332078002.0,8.609263497581466,2.092290394862917,6.516973102718549,-3.209263497581466,-0.5422903948629167,-2.666973102718549,3.823212255174968,3.5945292052653954,0.2286830499095726,6.516973102718549,-12778.753261000002,11.713929103056905,-2.372695283693138,,2.9387707760235013,-1.0811120846828448,-0.5602174624628975,6145.52899999998,,,,,,,,,2770.458105,2.480080498376011
2019-12-01,258.63,1.55,114.669,13.78,1.86,67.21714285714286,4165591.0,5.4,126.2353,5.4,71.1926,104.9795028,97.42740798,459863.19,,-4352.8407917834,-611.41759,27096.050954,39594.104767,2835610000000.0,21381000000000.0,2041.428637,64746.45068,83332078002.0,9.634546589903415,2.3195274699624457,7.3150191199409695,-4.234546589903415,-0.7695274699624457,-3.465019119940969,3.823212255174968,3.5945292052653954,0.2286830499095726,7.3150191199409695,-12498.053813,11.614435853674772,17.179891358487698,,2.9387707760235013,2.2071401862187923,0.6525138104089168,8604.630000000005,,,,,,,,,4326.413195,-0.2587454226780128
2020-01-01,259.127,1.55,115.7345,18.84,1.76,63.64545454545455,4151630.0,5.4,126.2353,5.4,71.31378,104.0760112,96.91339632,471299.58,557.68612088816,14537.91333121885,2038.584034,25853.303508,41149.495366,2674850000000.0,21060500000000.0,1907.042516,63515.94918,83149172934.0,7.491931844308008,2.599767976845202,4.892163867462806,-2.0919318443080073,-1.049767976845202,-1.0421638674628053,-6.582944834039772,-1.9004925939208217,-4.68245224011895,4.892163867462806,-15296.191858000002,11.453350176182571,7.130014307465138,0.08339699360908612,3.1085546080714805,2.7713099905487537,0.8212730516943267,11436.390000000014,-35041.9548780356,18673.3187209934,17350.4571552977,11963.139705815,-13744.8274414887,9917.98434159729,-4606.3479379451,-18794.3552571029,5251.875083,0.9145562707441539
2020-02-01,259.25,1.58,117.6568,40.11,1.5,55.657,4158637.0,5.4,125.4702,5.4,71.48852,103.7744902,97.57017605,481256.13,,-8208.707955693912,-1148.255406,27742.764606,37904.473,2674850000000.0,21060500000000.0,1907.042516,63515.94918,83149172934.0,6.840433594182427,2.3413166797595197,4.499116914422907,-1.4404335941824264,-0.7613166797595197,-0.6791169144229068,-6.582944834039772,-1.9004925939208217,-4.68245224011895,4.499116914422907,-10161.708393999996,12.696552462291192,-12.982231220831618,,3.1085546080714805,4.630590828236381,0.37453717801556596,9956.549999999988,,,,,,,,,2737.099582,-0.5151341148849468
2020-03-01,258.076,0.65,122.5301,53.54,0.87,32.01136363636363,5254278.0,5.2125,124.7051,4.65,74.3507,101.0429696,95.24783002,477806.78,,-108813.40983393983,-14635.156069,21490.667493,31470.916906,2674850000000.0,21060500000000.0,1907.042516,63515.94918,83149172934.0,5.501594303316093,1.4940399642909163,4.007554339025177,-0.8515943033160926,-0.8440399642909163,-0.0075543390251763265,-6.582944834039772,-1.9004925939208217,-4.68245224011895,4.007554339025177,-9980.249412999998,15.182486783818653,-51.59955386859939,,3.1085546080714805,32.830807431558725,7.012298022486041,-3449.3499999999767,,,,,,,,,3974.16504,-6.565671825635082
2020-04-01,256.032,0.05,122.327,34.15,0.66,18.3785,6655929.0,4.65,125.8527,4.65,76.236488,102.4142391,93.99279185,481077.57,19057.9485934472,-15033.142786988275,-1971.909145,10173.264466,17085.777269,2674850000000.0,21060500000000.0,1907.042516,63515.94918,83149172934.0,5.448694047827529,0.3130472940411133,5.135646753786416,-0.7986940478275288,-0.2630472940411133,-0.5356467537864156,-6.582944834039772,-1.9004925939208217,-4.68245224011895,5.135646753786416,-6912.512802999998,28.156610169140794,-74.19957884885353,2.8499465156471877,3.1085546080714805,69.43651828678914,9.80747805513702,3270.789999999979,-10989.9217462223,17217.3350211849,1375.53230849189,-527.938365591119,641.664900570664,2750.09260541701,2235.22145724701,-19846.2130032278,186.415746,-0.8846443628614691
2020-05-01,255.802,0.05,120.9458,27.51,0.67,29.378947368421056,7097316.0,4.49,126.2353,4.25,75.65988,102.6470169,94.39714719,493559.53,,-4243.594280571072,-560.877744,19246.54352,22859.868291,2674850000000.0,21060500000000.0,1907.042516,63515.94918,83149172934.0,5.09554193155215,0.1982013035848551,4.897340627967295,-0.84554193155215,-0.14820130358485512,-0.6973406279672949,-6.582944834039772,-1.9004925939208217,-4.68245224011895,4.897340627967295,-3613.324771,21.5906550167796,-58.80554738365043,,3.1085546080714805,84.27675438095426,8.437002673809047,12481.960000000021,,,,,,,,,200.048219,-0.25162281727947367
2020-06-01,257.042,0.08,120.4649,30.43,0.73,40.26681818181818,7082302.0,4.25,127.0003,4.25,75.72684,101.5053325,93.09388076,505701.5,,24039.12027133168,3174.451789,22033.154907,21323.55235,2674850000000.0,21060500000000.0,1907.042516,63515.94918,83149172934.0,5.063294280764863,0.7166562831830481,4.346637997581815,-0.8132942807648629,-0.6366562831830481,-0.17663799758181475,-6.582944834039772,-1.9004925939208217,-4.68245224011895,4.346637997581815,709.6025569999983,23.71563104024738,-37.29912071407389,,3.1085546080714805,85.07030777797841,9.055419400606501,12141.969999999972,,,,,,,,,-914.402331,1.4241329969157148
2020-07-01,258.352,0.09,117.2082,24.46,0.62,43.24217391304348,6949032.0,4.25,128.5304,4.25,74.99339,103.2270672,93.67685168,534567.86,15250.1933466206,3543.158469609692,472.462769,23782.4052,29116.06252,2674850000000.0,21060500000000.0,1907.042516,63515.94918,83149172934.0,5.329130998447873,0.9968647625897997,4.332266235858073,-1.079130998447873,-0.9068647625897998,-0.1722662358580732,-6.582944834039772,-1.9004925939208217,-4.68245224011895,4.332266235858073,-5333.657319999998,18.359895320076404,-32.34861985933312,2.2805306236417895,3.1085546080714805,83.88050917916479,8.98887198201379,28866.359999999986,-14816.0031906396,18618.9879982449,15943.0388989136,24424.4696979177,6997.65484404138,-3887.25582957905,-11263.1493739506,-31568.4510724412,3583.526271,0.2119578005495635
2020-08-01,259.316,0.1,115.7586,26.41,0.65,44.736,6990418.0,4.25,129.2955,4.25,74.67192,103.0570661,93.47224505,542880.84,,39928.84976908167,5347.237592,22829.285673,31034.005771,2674850000000.0,21060500000000.0,1907.042516,63515.94918,83149172934.0,5.625035229993669,1.2810698495523853,4.343965380441284,-1.375035229993669,-1.1810698495523853,-0.19396538044128375,-6.582944834039772,-1.9004925939208217,-4.68245224011895,4.343965380441284,-8204.720098000002,17.493095928573286,-24.229975672096828,,3.1085546080714805,85.9180424399712,4.956336082152535,8312.979999999981,,,,,,,,,18247.368111,2.3988953064283978
2020-09-01,259.997,0.09,116.946,26.37,0.68,40.90954545454545,7056129.0,4.25,130.1179,4.25,73.481741,105.5668841,94.82038016,544687.33,,8655.81462295949,1177.954483,27559.04433,30518.34989,2674850000000.0,21060500000000.0,1907.042516,63515.94918,83149172934.0,5.636614572762322,1.3910228912373812,4.245591681524941,-1.3866145727623218,-1.3010228912373811,-0.08559168152494068,-6.582944834039772,-1.9004925939208217,-4.68245224011895,4.245591681524941,-2959.3055600000007,17.847863071341173,-34.88506135206052,,3.1085546080714805,82.90954619509216,3.011314714540103,1806.4899999999907,,,,,,,,,2593.575316,0.5284578124380807
2020-10-01,260.319,0.09,116.1354,38.02,0.79,40.18954545454546,7146306.0,4.25,131.6603,4.25,73.45811,106.3671939,94.68156085,560190.51,-2234.57407667465,12758.866600707996,1736.890127,24920.41079,34073.83709,2674850000000.0,21060500000000.0,1907.042516,63515.94918,83149172934.0,5.902144903661943,1.2303863428671624,4.671758560794781,-1.6521449036619433,-1.1403863428671623,-0.511758560794781,-6.582944834039772,-1.9004925939208217,-4.68245224011895,4.671758560794781,-9153.4263,16.440488006101457,-32.69553331479936,-0.3341606559881339,3.1085546080714805,77.77663344878619,3.4046716296367796,15503.180000000051,-34601.9822755193,19494.4764708001,34141.1624931791,17380.0263526827,21217.2144435322,318.896496402467,-7614.13040043996,-32482.7059426243,3971.036962,0.7792093584313139
2020-11-01,260.911,0.09,113.2256,20.57,0.87,42.69238095238095,7216480.0,4.25,132.101,4.25,74.21979,104.8518559,93.00708638,574820.835,,81115.90689193815,10929.147993,23619.94784,33812.29273,2674850000000.0,21060500000000.0,1907.042516,63515.94918,83149172934.0,5.28476084361067,1.1757452138405844,4.109015629770085,-1.0347608436106697,-1.0857452138405843,0.050984370229914644,-6.582944834039772,-1.9004925939208217,-4.68245224011895,4.109015629770085,-10192.34489,17.000350718305164,-32.46148630833553,,3.1085546080714805,78.05829195324307,3.8740715756238053,14630.324999999953,,,,,,,,,7169.635766,4.903070299867283
2020-12-01,262.045,0.09,111.3169,22.75,0.93,49.99363636363637,7363351.0,4.25,130.8891,4.25,73.59365,103.3003957,92.95346334,585770.63,,62931.22774767426,8551.176324,27216.29376,42934.5448,2674850000000.0,21060500000000.0,1907.042516,63515.94918,83149172934.0,3.686607470335179,1.3204191315779434,2.3661883387572358,0.5633925296648208,-1.2304191315779434,1.7938116612427641,-6.582944834039772,-1.9004925939208217,-4.68245224011895,2.3661883387572358,-15718.251040000005,13.64334087454911,-25.623681342885618,,3.1085546080714805,76.76605792551405,3.3726117602110195,10949.795000000042,,,,,,,,,6239.353624,3.8362568326448216
2021-01-01,262.687,0.09,111.9511,33.09,1.08,54.774,7404926.0,4.25,130.22799999999998,4.25,73.109395,102.9834764,93.70801111,590321.45,-8161.24078888493,45462.95652596228,6218.483483,27538.27805,42030.07094,3167270000000.0,23315100000000.0,2239.613844,70205.05092,89375152218.0,3.162902928103306,1.3738437137002402,1.789059214403066,1.087097071896694,-1.28384371370024,2.370940785596934,17.439114503727193,10.531373342219164,6.90774116150803,1.789059214403066,-14491.792889999995,14.045216598437651,-13.938865876303385,-1.030697198392929,2.821835593997354,78.3618964117708,2.517907478750958,4550.819999999949,-41744.5549211394,19108.4936618993,12261.0034408941,2678.53827818674,7280.27925473088,7721.43077729818,-4425.1626596735,-3389.08290840061,1481.645688,2.35602906591481
2021-02-01,263.579,0.08,112.8306,27.95,1.26,62.2765,7590111.0,4.25,131.1094,4.25,72.75646,103.4846879,94.23164524,584554.23,,13484.667337671824,1853.397944,27633.25189,40748.65307,3167270000000.0,23315100000000.0,2239.613844,70205.05092,89375152218.0,4.494453663100861,1.6698167791706853,2.824636883930176,-0.24445366310086136,-1.5898167791706852,1.3453631160698238,17.439114503727193,10.531373342219164,6.90774116150803,2.824636883930176,-13115.40118,14.345363244174587,11.893382683220445,,2.821835593997354,82.51439113344108,1.7736274299705812,-5767.219999999972,,,,,,,,,441.623706,0.7022064847013358
2021-03-01,264.961,0.07,113.8234,19.4,1.61,65.41,7688988.0,4.25,131.7705,4.25,72.7928,103.9536008,95.00882374,576983.89,,-5762.29385859616,-791.602172,35256.60211,48898.86342,3167270000000.0,23315100000000.0,2239.613844,70205.05092,89375152218.0,5.66568648756145,2.6678187820641908,2.997867705497259,-1.4156864875614499,-2.597818782064191,1.182132294502741,17.439114503727193,10.531373342219164,6.90774116150803,2.997867705497259,-13642.261310000002,11.799535810151557,104.33368832090876,,2.821835593997354,46.33766999005382,-2.0953400573229364,-7570.339999999967,,,,,,,,,755.268884,-0.2999184175646535
2021-04-01,266.614,0.07,112.0839,18.61,1.64,64.8065,7780962.0,4.25,132.3214,4.25,74.472212,102.2146729,92.26369311,588020.4,6559.31664320559,-13524.83083778761,-1816.090925,30750.582034,46044.07977,3167270000000.0,23315100000000.0,2239.613844,70205.05092,89375152218.0,5.139897674026872,4.133077115360573,1.0068205586662993,-0.889897674026872,-4.0630771153605725,3.1731794413337004,17.439114503727193,10.531373342219164,6.90774116150803,1.0068205586662993,-15293.497735999998,12.77081446599188,252.62126941807006,0.8283874305891938,2.821835593997354,16.902719364945142,-2.3142146841811484,11036.51000000001,-30715.2108420237,19221.9248047332,25391.8806072141,11554.0958270009,402.069913324725,2837.0033448765,4064.74398492448,-31870.1934197444,2398.373718,-0.688071781060661
2021-05-01,268.383,0.06,110.7576,16.76,1.62,68.53421052631579,7903541.0,4.25,132.8723,4.25,73.26774,104.7702598,93.24513746,598877.06,,7081.045826918591,966.4616142,32298.976908,38834.637905,3167270000000.0,23315100000000.0,2239.613844,70205.05092,89375152218.0,5.257641879886221,4.918257089467626,0.3393847904185954,-1.0076418798862212,-4.858257089467626,3.850615209581405,17.439114503727193,10.531373342219164,6.90774116150803,0.3393847904185954,-6535.660997000003,15.421208805011002,133.27660336796842,,2.821835593997354,11.359575929830367,-3.1617020804156626,10856.660000000033,,,,,,,,,8801.572572,0.36616832067995464
2021-06-01,270.654,0.08,112.5533,15.83,1.52,73.1640909090909,8078544.0,4.25,134.0842,4.25,73.55826,104.7942816,93.0319616,611074.97,,9207.281696079024,1251.699224,32492.996104,42098.264095,3167270000000.0,23315100000000.0,2239.613844,70205.05092,89375152218.0,5.577860839698823,5.295632620349999,0.2822282193488235,-1.3278608396988227,-5.215632620349999,3.8877717806511765,17.439114503727193,10.531373342219164,6.90774116150803,0.2822282193488235,-9605.267990999995,14.51544340690706,81.69821757142695,,2.821835593997354,14.066641044112483,-2.863687432355544,12197.909999999916,,,,,,,,,354.1495375,0.47423777221392555
2021-07-01,271.903,0.1,112.6714,18.24,1.32,75.1659090909091,8221473.0,4.25,135.2961,4.25,74.52697,104.879404,92.62957035,620061.63,-9733.88522441173,-12056.90901652074,-1617.791387,35512.816497,46146.973137,3167270000000.0,23315100000000.0,2239.613844,70205.05092,89375152218.0,5.263890877177713,5.245169381309234,0.018721495868478932,-1.0138908771777126,-5.145169381309234,4.131278504131521,17.439114503727193,10.531373342219164,6.90774116150803,0.018721495868478932,-10634.15664,13.436669576554376,73.82546317412641,-1.229309181018572,2.821835593997354,18.31105397125816,-0.6219481476967492,8986.660000000033,-44511.2769957035,19211.568006392,39622.0791047352,8697.26435610762,3877.43052886345,7834.37543280604,360.299658576703,-31188.7797846184,1552.104036,-0.6129410073659649
2021-08-01,272.676,0.09,113.1076,16.48,1.28,70.74714285714286,8332743.0,4.25,135.5165,4.25,74.18459,105.2338976,93.19039782,640703.2,,21560.77443595419,2906.368349,33380.732323,45092.863104,3167270000000.0,23315100000000.0,2239.613844,70205.05092,89375152218.0,4.811459022162423,5.152015301793966,-0.3405562796315431,-0.5614590221624232,-5.062015301793966,4.500556279631543,17.439114503727193,10.531373342219164,6.90774116150803,-0.3405562796315431,-11712.130781,14.208527822292258,58.14364909053753,,2.821835593997354,19.20235671171595,-0.652628190088056,20641.56999999995,,,,,,,,,5114.579189,1.1011508393032485
2021-09-01,273.91,0.08,114.6403,23.14,1.37,74.48863636363636,8447981.0,4.25,135.847,4.25,73.56341,106.0359342,93.92206188,635362.77,,19044.48963791835,2588.853567,33814.611805,56286.422959,3167270000000.0,23315100000000.0,2239.613844,70205.05092,89375152218.0,4.403006811514798,5.351215590949132,-0.9482087794343341,-0.153006811514798,-5.271215590949132,5.118208779434334,17.439114503727193,10.531373342219164,6.90774116150803,-0.9482087794343341,-22471.811154000003,11.288028917076666,82.08131020766436,,2.821835593997354,19.725433024254514,0.11114189578063094,-5340.429999999935,,,,,,,,,2030.581131,0.9808523682540485
2021-10-01,276.55,0.08,114.1349,16.26,1.58,83.53809523809524,8556181.0,4.25,137.6098,4.25,74.91528,105.697097,93.00139661,640393.95,-22166.6126604523,-14633.88265975284,-1953.390905,35727.72671,53638.245923,3167270000000.0,23315100000000.0,2239.613844,70205.05092,89375152218.0,4.518826100198758,6.235042390298062,-1.7162162900993039,-0.2688261001987584,-6.155042390298062,5.886216290099304,17.439114503727193,10.531373342219164,6.90774116150803,-1.7162162900993039,-17910.519213,11.93912923475001,107.86026389021286,-2.7994598073990917,2.821835593997354,19.728724182815572,1.9836747773662955,5031.179999999935,-59749.7879255168,21446.7286652052,22499.6538282431,4558.64466214275,-5841.5803322877,10023.0805035808,8205.5487435337,-465.385744707033,1015.879843,-0.7400913360717589
2021-11-01,278.919,0.08,116.2071,27.19,1.56,81.05,8681771.0,4.25,138.4912,4.25,74.49651,106.4656571,93.49570326,637996.74,,-1135.824019241937,-152.4667423,31795.049666,53025.06888,3167270000000.0,23315100000000.0,2239.613844,70205.05092,89375152218.0,4.837359293268029,6.901970403700863,-2.0646111104328346,-0.5873592932680287,-6.821970403700863,6.234611110432835,17.439114503727193,10.531373342219164,6.90774116150803,-2.0646111104328346,-21230.019214,12.031983238792918,89.84652106989091,,2.821835593997354,20.304788484136303,0.37283856502423607,-2397.2099999999627,,,,,,,,,2192.248321,-0.05776586484890773
2021-12-01,280.845,0.08,115.283,17.22,1.47,74.1704761904762,8757460.0,4.25,138.1607,4.25,75.37252,105.0581811,92.94750029,633614.31,,-28157.083278961614,-3735.722685,39270.202467,60329.774619,3167270000000.0,23315100000000.0,2239.613844,70205.05092,89375152218.0,5.555542822129556,7.174340285065539,-1.6187974629359827,-1.3055428221295564,-7.094340285065539,5.788797462935983,17.439114503727193,10.531373342219164,6.90774116150803,-1.6187974629359827,-21059.572152,10.502514123440008,48.35983454171222,,2.821835593997354,18.933078159658567,2.41715147978121,-4382.429999999935,,,,,,,,,1350.516499,-1.4153726149017924
2022-01-01,282.543,0.08,115.566,24.83,1.76,86.50523809523808,8860485.0,4.25,137.8302,4.25,74.4416,105.36,93.94013787,629946.53,-13424.3833675611,-33006.77110823808,-4433.914788,35233.005675,52566.769849,3346110000000.0,25604800000000.0,2347.448294,76657.24888,111222000000.0,5.837607887704643,7.558805726967832,-1.7211978392631888,-1.5876078877046433,-7.478805726967832,5.891197839263189,4.814867986679583,9.190503924500248,-4.3756359378206655,-1.7211978392631888,-17333.764173999996,11.983740522949097,57.93120475999211,-1.6047749019083175,3.323919416875118,19.656631274910772,1.8222076656495112,-3667.780000000028,-54483.0783845462,21349.718309654,-1706.50508450691,13776.5015030252,-15215.1676544907,12910.889285839,-5961.35393357659,16023.6088101421,6067.199981,-1.5901144151268187
2022-02-01,284.5,0.08,115.2224,30.15,1.93,97.129,8928129.0,4.25,137.72,4.25,75.00313,104.0964417,93.16422698,631863.15,,-43414.54616061573,-5788.364587,37153.986672,55898.387362,3346110000000.0,25604800000000.0,2347.448294,76657.24888,111222000000.0,5.042048853857928,7.937278766517819,-2.8952299126598913,-0.7920488538579278,-7.857278766517819,7.065229912659891,4.814867986679583,9.190503924500248,-4.3756359378206655,-2.8952299126598913,-18744.40069,11.303781375803046,55.96412772072934,,3.323919416875118,17.628437844980137,3.0879319856958354,1916.6199999999953,,,,,,,,,4657.317087,-2.0758545010175995
2022-03-01,287.674,0.2,115.2218,20.56,2.13,117.24521739130434,8937142.0,4.25,138.8218,4.25,76.24447,103.3416425,92.74069685,607309.13,,-38068.01206015672,-4992.888279,44573.710745,63090.562692,3346110000000.0,25604800000000.0,2347.448294,76657.24888,111222000000.0,5.351197726349977,8.572204966013853,-3.2210072396638765,-1.1011977263499766,-8.372204966013854,7.271007239663877,4.814867986679583,9.190503924500248,-4.3756359378206655,-3.2210072396638765,-18516.851947000003,9.625990070255119,79.2466249675957,,3.323919416875118,16.23300751672392,4.74177391170556,-24554.02000000002,,,,,,,,,3051.984434,-1.790576500712768
2022-04-01,288.561,0.33,119.4933,33.4,2.75,104.57526315789474,8939199.0,4.25,140.6947,4.25,76.16783,105.0322459,93.09912036,596673.03,-17964.3277001369,-29589.39312831144,-3884.76252091092,39698.170067,58057.696892,3346110000000.0,25604800000000.0,2347.448294,76657.24888,111222000000.0,6.328001366370062,8.231750770777225,-1.9037494044071632,-2.078001366370062,-7.901750770777225,5.823749404407163,4.814867986679583,9.190503924500248,-4.3756359378206655,-1.9037494044071632,-18359.526825,10.277242500851218,61.36539260397451,-2.1474880025028344,3.323919416875118,14.885524437723774,2.276846563923729,-10636.099999999977,-63054.0313234832,23064.933572521,22054.9958423716,13392.4482471604,-14630.0920229006,4059.7953785894,19041.2569861534,-4595.40362218492,5325.84750132482,-1.3931744697852444
2022-05-01,291.298,0.77,118.0704,26.19,2.9,113.33761904761906,8914281.0,4.65,142.127,4.65,77.31928,105.3493913,93.10375369,603203.08,,-36207.39704424316,-4682.84198252275,39003.616619,61126.440218,3346110000000.0,25604800000000.0,2347.448294,76657.24888,111222000000.0,6.965108604276438,8.538171195642065,-1.5730625913656269,-2.3151086042764373,-7.768171195642065,5.453062591365628,4.814867986679583,9.190503924500248,-4.3756359378206655,-1.5730625913656269,-22122.823599000003,9.868120535872032,65.37378657641301,,3.323919416875118,12.78844507797201,5.529773403683524,6530.04999999993,,,,,,,,,5311.39542546596,-1.6793860270664442
2022-06-01,294.957,1.21,120.9652,28.71,3.14,122.71095238095238,8913553.0,5.025,142.3474,5.15,78.07458,104.239494,92.36951903,589154.57,,-47332.61668376279,-6062.487519467,42279.520977,64352.758296,3346110000000.0,25604800000000.0,2347.448294,76657.24888,111222000000.0,6.162694784322076,8.979361103105798,-2.8166663187837226,-1.0126947843220755,-7.7693611031057985,6.756666318783723,4.814867986679583,9.190503924500248,-4.3756359378206655,-2.8166663187837226,-22073.237319,9.155078750317067,67.72019013183024,,3.323919416875118,10.336132352562544,6.139786340786202,-14048.51000000001,,,,,,,,,2755.20532036965,-2.174161944275711
2022-07-01,294.913,1.68,121.7678,21.33,2.9,111.92571428571428,8890004.0,5.15,143.1186,5.15,79.60155,103.7234223,91.828985,574251.62,-30902.378298095,2945.7639959547005,370.063647749912,38335.803897,63771.393877,3346110000000.0,25604800000000.0,2347.448294,76657.24888,111222000000.0,5.7817631106883205,8.462576727730099,-2.6808136170417782,-0.6317631106883201,-6.782576727730099,6.150813617041779,4.814867986679583,9.190503924500248,-4.3756359378206655,-2.6808136170417782,-25435.589980000004,9.00484661049743,48.904890048421,-3.694125811535784,3.323919416875118,8.131523390029983,6.809051810371458,-14902.949999999953,-78313.0704484828,24990.5201359195,1460.9020970455,6208.95642418124,6531.8723065271,607.256823865428,-8446.52910115984,30378.8423869664,3893.27554099464,0.13271421958629406
2022-08-01,295.097,2.33,123.535,25.87,2.9,100.44636363636364,8826093.0,5.65,143.4492,5.65,79.55505,104.0068009,92.02070523,560377.59,,58368.35926561167,7336.85155946878,37017.740035,61879.149607,3346110000000.0,25604800000000.0,2347.448294,76657.24888,111222000000.0,5.853678334372559,8.222579178218826,-2.3689008438462666,-0.203678334372559,-5.892579178218826,5.688900843846267,4.814867986679583,9.190503924500248,-4.3756359378206655,-2.3689008438462666,-24861.409572,9.05600018033551,41.97939249531439,,3.323919416875118,5.9206194166794734,7.239320187656206,-13874.030000000028,,,,,,,,,748.309552546294,2.6311812437016524
2022-09-01,296.349,2.56,127.5148,31.62,3.52,89.7647619047619,8795567.0,5.75,144.6611,5.75,80.23155,104.9153884,92.80928014,532663.72,,-9427.551323897913,-1175.04290069155,35390.796762,63372.111706,3346110000000.0,25604800000000.0,2347.448294,76657.24888,111222000000.0,6.488255169418533,8.192106896425821,-1.7038517270072884,-0.7382551694185331,-5.632106896425821,4.893851727007288,4.814867986679583,9.190503924500248,-4.3756359378206655,-1.7038517270072884,-27981.314944000005,8.405333287158994,20.507994624241753,,3.323919416875118,4.114426867200582,9.064479202364328,-27713.869999999995,,,,,,,,,1567.3713306403,-0.4214002172163676
2022-10-01,298.007,3.08,127.6219,25.88,3.98,93.33190476190477,8723090.0,6.15,145.9832,6.15,82.340117,104.1563771,91.66218994,534022.04,-16832.1016199737,4631.314881863736,562.461537656515,31601.791937,57910.497047,3346110000000.0,25604800000000.0,2347.448294,76657.24888,111222000000.0,6.084886396172373,7.758813957693,-1.6739275615206273,0.06511360382762721,-4.678813957693,4.743927561520628,4.814867986679583,9.190503924500248,-4.3756359378206655,-1.6739275615206273,-26308.705109999995,9.221506760105845,11.723764464458775,-2.012139663068303,3.323919416875118,1.9507418087578943,9.91097810753696,1358.3200000000652,-71337.4369963016,28641.0100372107,28887.156054709,2030.10251166001,4610.55100310156,547.327979670306,14435.0616009955,-11068.8939803608,1167.65674073788,0.20171298767458873
2022-11-01,298.786,3.78,123.5175,20.58,3.89,91.41545454545457,8584576.0,6.15,145.9832,6.15,81.81052,103.5273779,91.39499599,553169.65,,38746.39493234774,4736.11400249598,34887.098742,56951.410746,3346110000000.0,25604800000000.0,2347.448294,76657.24888,111222000000.0,5.409730004505708,7.122856456533988,-1.7131264520282796,0.740269995494292,-3.342856456533988,4.08312645202828,4.814867986679583,9.190503924500248,-4.3756359378206655,-1.7131264520282796,-22064.312004,9.71301049006678,12.788963041893364,,3.323919416875118,-1.119529644354822,9.817923014111663,19147.609999999986,,,,,,,,,-1007.85326468145,1.6984907259460016
2022-12-01,298.832,4.1,121.4256,21.67,3.62,80.924,8551169.0,6.43,145.7628,6.43,82.46421,100.3921038,89.26633956,562720.56,,-5673.739990852281,-688.024537050956,38084.560544,61218.764185,3346110000000.0,25604800000000.0,2347.448294,76657.24888,111222000000.0,5.5023606568293415,6.404600402357152,-0.9022397455278108,0.9276393431706582,-2.3046004023571527,3.232239745527811,4.814867986679583,9.190503924500248,-4.3756359378206655,-0.9022397455278108,-23134.203641,9.191962096776196,9.105407105895047,,3.323919416875118,-2.3556031086639284,9.408853518497185,9550.910000000033,,,,,,,,,1870.29903560359,-0.24674306716191258
2023-01-01,300.42,4.33,118.9802,19.4,3.53,82.50142857142858,8470557.0,6.5,146.3137,6.5,81.89959,100.2387842,89.06486681,574416.43,-1355.97761895583,-23688.02300870673,-2892.32498095616,35799.376703,52826.378309,3638490000000.0,27292200000000.0,2530.120313,81032.26212,119526000000.0,6.155037139901132,6.327178517960097,-0.17214137805896534,0.34496286009886834,-1.997178517960097,2.3421413780589653,7.781727055156185,5.707240090038557,2.074486965117628,-0.17214137805896534,-17027.001605999998,10.873666686745722,-4.628401252883096,-0.14907036918675934,3.2850440704797865,-4.400752329020364,10.018578321798577,11695.869999999995,-52586.5069532207,25080.0124834387,6540.3005838666,6354.77652982948,-1664.18868106449,3055.08594245662,-4049.63637750762,-5579.41688564205,3364.24923740968,-0.953909445167471
2023-02-01,301.45,4.57,121.3341,20.7,3.75,82.58500000000001,8382190.0,6.6875,146.2036,6.6875,82.60855,99.38940824,88.45169619,562722.99,,-2738.5300784670417,-331.506857155469,37013.698236,53581.4998469999,3638490000000.0,27292200000000.0,2530.120313,81032.26212,119526000000.0,6.160034853325591,5.957820738137087,0.20221411518850374,0.5274651466744089,-1.387820738137087,1.915285884811496,7.781727055156185,5.707240090038557,2.074486965117628,0.20221411518850374,-16567.8016109999,10.502188098631727,-14.973900688774721,,3.2850440704797865,-6.114819801550809,10.140136818290113,-11693.44000000006,,,,,,,,,1716.4834971267,-0.10933333019647237
2023-03-01,301.821,4.65,119.3602,18.7,3.66,78.43434782608696,8705942.0,6.75,146.8646,6.75,82.28857,100.1112574,89.2806623,578449.15,,12834.080510370282,1559.64315704724,41957.821273,60920.796379,3638490000000.0,27292200000000.0,2530.120313,81032.26212,119526000000.0,5.793614547571058,4.917719362889961,0.875895184681097,0.9563854524289424,-0.26771936288996034,1.2241048153189027,7.781727055156185,5.707240090038557,2.074486965117628,0.875895184681097,-18962.975106,9.495101580769834,-33.10230509077962,,3.2850440704797865,-2.5869567698487916,7.927263446122712,15726.160000000033,,,,,,,,,1274.04379529311,0.5143814572684515
2023-04-01,302.845,4.83,119.2248,15.78,3.46,84.63833333333334,8562768.0,6.75,147.8562,6.75,82.02078,100.2732391,89.0900767,590097.26,-8963.549144834,17183.67061951037,2095.038674286,34618.449645,49051.010857,3638490000000.0,27292200000000.0,2530.120313,81032.26212,119526000000.0,5.090099342761301,4.950079879124369,0.14001946363693119,1.6599006572386994,-0.12007987912436935,1.7799805363630687,7.781727055156185,5.707240090038557,2.074486965117628,0.14001946363693119,-14432.561212,12.030277249949641,-19.06467095804415,-0.9854141849870688,3.2850440704797865,-4.2110148795210804,7.684280883412331,11648.109999999986,-56701.224032891,23073.468999257,33822.330742412,4729.868741167,15730.821923073,2175.172717905,12940.185643634,-24431.588943727,2758.77932669,0.6909587244002869
2023-05-01,303.334,5.06,120.9662,17.94,3.57,75.466,8385854.0,6.75,148.4071,6.75,82.34332,100.8011812,89.18778788,590716.5,,49291.074072628326,5986.044049794,34953.430945,57452.915763,3638490000000.0,27292200000000.0,2530.120313,81032.26212,119526000000.0,4.418653739261358,4.131851231385042,0.2868025078763159,2.331346260738642,0.9281487686149577,1.4031974921236845,7.781727055156185,5.707240090038557,2.074486965117628,0.2868025078763159,-22499.484818,10.281749710263178,-33.414870866227766,,3.2850440704797865,-5.927870122110801,6.497784252517613,619.2399999999907,,,,,,,,,665.607203196,1.9742400995338176
2023-06-01,304.014,5.08,119.3606,13.59,3.75,74.83909090909091,8340914.0,6.75,150.2801,6.75,82.233657,102.9172548,90.32089182,595051.38,,62906.6029429445,7649.739198993,34324.887656,53203.063818,3638490000000.0,27292200000000.0,2530.120313,81032.26212,119526000000.0,5.572774774951994,3.070617072997095,2.502157701954899,1.177225225048006,2.009382927002905,-0.8321577019548991,7.781727055156185,5.707240090038557,2.074486965117628,2.502157701954899,-18878.176162000003,11.184532192273453,-39.01188976452953,,3.2850440704797865,-6.424362989707921,5.327056514425044,4334.880000000005,,,,,,,,,1305.482211281,2.522938647293685
2023-07-01,304.609,5.12,117.8241,13.63,3.9,80.10809523809523,8243344.0,6.75,153.9159,6.75,82.151943,106.1662636,90.68860788,605810.44,-11284.09279688,35263.66874925581,4292.493574894,34489.893621,53145.933926,3638490000000.0,27292200000000.0,2530.120313,81032.26212,119526000000.0,7.54430241771511,3.287749268428297,4.2565531492868125,-0.7943024177151097,1.832250731571703,-2.6265531492868126,7.781727055156185,5.707240090038557,2.074486965117628,4.2565531492868125,-18656.040304999995,11.39899885555734,-28.42744337230476,-1.2405248107737001,3.2850440704797865,-7.274012475134994,3.203948918080113,10759.05999999994,-64545.720765886,25170.081082038,12856.498302779,-833.486074305,4946.527546528,3288.581090852,4333.358933414,-2518.581789385,-924.85236318,1.4156950520333433
2023-08-01,306.082,5.33,120.225,13.57,4.17,86.14772727272727,8121316.0,6.75,153.365,6.75,82.78539,105.4406355,90.85985484,598241.01,,23844.018046183686,2880.220537245,38284.776857,62035.807183,3638490000000.0,27292200000000.0,2530.120313,81032.26212,119526000000.0,6.912412198882967,3.722504803505289,3.189907395377678,-0.16241219888296676,1.6074951964947113,-1.769907395377678,7.781727055156185,5.707240090038557,2.074486965117628,3.189907395377678,-23751.030326,9.643479099663253,-14.235096071173226,,3.2850440704797865,-7.985152660412709,4.060509043737648,-7569.429999999935,,,,,,,,,-539.588478662,0.94991731314199
2023-09-01,307.276,5.33,122.3077,17.52,4.38,93.72238095238096,8002064.0,6.75,151.49200000000002,6.75,83.0475,104.1601159,91.29388266,587713.8,,-18487.922880757957,-2226.186565611,34407.980367,54225.188794,3638490000000.0,27292200000000.0,2530.120313,81032.26212,119526000000.0,4.722001975652068,3.687206638119256,1.0347953375328123,2.027998024347932,1.6427933618807442,0.38520466246718765,7.781727055156185,5.707240090038557,2.074486965117628,1.0347953375328123,-19817.208427000005,10.838391033228277,4.40887823199263,,3.2850440704797865,-9.021624188639576,3.509778883743375,-10527.209999999963,,,,,,,,,630.954767537,-0.7342122360466017
2023-10-01,307.696,5.33,123.8364,18.14,4.8,90.59590909090907,7907830.0,6.75,152.4836,6.75,83.23534,105.1540388,91.71078674,588461.42,-10430.461467138,-14492.379285155344,-1741.132947274,33433.5355,63038.110072,3638490000000.0,27292200000000.0,2530.120313,81032.26212,119526000000.0,4.452841148844522,3.2512659098611785,1.2015752389833434,2.297158851155478,2.0787340901388216,0.21842476101665653,7.781727055156185,5.707240090038557,2.074486965117628,1.2015752389833434,-29604.574572000005,9.335010509164682,-2.9314688026301217,-1.1466802401147729,3.2850440704797865,-9.346000098588913,1.0872258051321193,747.6199999999953,-71645.583153024,29437.688199689,17189.160471825,3956.467556888,12012.163983911,-2810.465870548,16357.753999741,-5998.168034978,3806.909690912,-0.5742380868791174
2023-11-01,308.148,5.33,120.2434,12.92,4.5,82.94,7796145.0,6.75,153.2548,6.75,83.29801,104.7531731,90.80004305,604171.69,,34968.1882395049,4197.962020882,33745.88191,54755.727455,3638490000000.0,27292200000000.0,2530.120313,81032.26212,119526000000.0,4.981121115306397,3.1333462745911866,1.8477748407152106,1.7688788846936028,2.1966537254088134,-0.42777484071521066,7.781727055156185,5.707240090038557,2.074486965117628,1.8477748407152106,-21009.845545000004,11.03394508814676,-9.271358532971375,,3.2850440704797865,-9.184274214591381,1.818213598935703,15710.269999999902,,,,,,,,,804.332044605,1.3845178700665384
2023-12-01,308.741,5.33,118.4208,12.45,4.02,77.63105263157895,7712781.0,6.75,152.9243,6.75,83.2787,103.6058424,90.31475891,622452.29,,79575.58693947337,9555.334910304,38391.029217,56914.615874,3638490000000.0,27292200000000.0,2530.120313,81032.26212,119526000000.0,4.913119122300058,3.3159099427102934,1.5972091795897647,1.836880877699942,2.0140900572897067,-0.1772091795897648,7.781727055156185,5.707240090038557,2.074486965117628,1.5972091795897647,-18523.586657,10.936598278691916,-4.069185122363028,,3.2850440704797865,-9.804367098814204,0.9876890835430308,18280.600000000093,,,,,,,,,-654.77417863,3.1514177288833554
2024-01-01,309.698,5.33,120.4331,14.35,4.06,80.12409090909091,7630124.0,6.75,153.0345,6.75,83.120981,103.6915013,90.70035849,619962.61,4567.237226804,-1156.23084474385,-139.102165402,37323.801296,53706.862332,3909890000000.0,28751000000000.0,2694.737809,84534.04078,137675000000.0,4.59341811463998,3.0883429864855705,1.5050751281544095,2.15658188536002,2.2416570135144296,-0.08507512815440954,6.506310990595177,4.321462302032542,2.184848688562635,1.5050751281544095,-16383.061036,11.543452420801904,-2.8815715115519502,0.46724969007353145,3.5211988061045196,-9.92181505891525,1.4913273680613015,-2489.680000000051,-52018.556704916,28949.853358042,25542.870893367,2298.72925034,11391.806190012,3887.726900429,6911.488652774,-30753.604896648,3682.27911258,-0.04269240272294106
2024-02-01,310.967,5.33,121.1824,13.4,4.21,83.47809523809524,7567807.0,6.75,153.365,6.75,82.96364,104.7526758,91.94361257,625164.99,,31074.90323299059,3745.605090735,41405.624064,59824.060438,3909890000000.0,28751000000000.0,2694.737809,84534.04078,137675000000.0,4.898237799890026,3.157074141648697,1.7411636582413292,1.8517622001099738,2.172925858351303,-0.3211636582413293,6.506310990595177,4.321462302032542,2.184848688562635,1.7411636582413292,-18418.436374,10.450059481467388,1.081425486583787,,3.5211988061045196,-9.715635174101278,0.42984654736102357,5202.380000000005,,,,,,,,,-22.939274167,1.1495786604947966
2024-03-01,312.345,5.33,121.0191,13.01,4.21,85.4085,7484739.0,6.75,153.0345,6.75,82.997627777778,104.5792296,92.07202097,646418.85,,64616.17024989475,7785.303264679,41692.743606,56638.657109,3909890000000.0,28751000000000.0,2694.737809,84534.04078,137675000000.0,4.201080450973227,3.4868349120836584,0.7142455388895685,2.548919549026773,1.8431650879163417,0.7057544611104314,6.506310990595177,4.321462302032542,2.184848688562635,0.7142455388895685,-14945.913502999996,11.413032776465364,8.891706716777815,,3.5211988061045196,-14.027235651236825,0.8616722562781121,21253.859999999986,,,,,,,,,-1360.610588073,2.3894186070745724
2024-04-01,313.023,5.33,122.9853,15.65,4.54,89.93809523809524,7402434.0,6.75,153.5853,6.75,83.406011111111,104.5280007,91.98692854,640200.68,-4484.468278304,-22380.98842989276,-2683.378347884,39802.470777,54488.045592,3909890000000.0,28751000000000.0,2694.737809,84534.04078,137675000000.0,3.8747783319197815,3.3607951262196734,0.5139832057001081,2.8752216680802185,1.9692048737803267,0.9060167942998918,6.506310990595177,4.321462302032542,2.184848688562635,0.5139832057001081,-14685.574815,11.749378658095878,6.261656741147914,-0.4587820402419505,3.5211988061045196,-13.55092185143869,1.6888782465992014,-6218.1699999999255,-59793.510790249,26597.712616633,8937.657773036,6223.664266186,944.74022824,5140.018726196,2869.928469132,-5225.978735622,1778.902686407,-0.8235663963591815
2024-05-01,313.175,5.33,122.098,12.92,4.48,81.74619047619048,7284319.0,6.75,154.1362,6.75,83.39294,104.8459012,91.93970675,651509.98,,-15182.93764025156,-1820.650242125,38780.797612,61675.192584,3909890000000.0,28751000000000.0,2694.737809,84534.04078,137675000000.0,3.860394819385316,3.244278584003113,0.616116235382203,2.889605180614684,2.085721415996887,0.803883764617797,6.506310990595177,4.321462302032542,2.184848688562635,0.616116235382203,-22894.394971999995,10.563566203910275,8.321880682943949,,3.5211988061045196,-13.13563293613268,1.2746874913471817,11309.29999999993,,,,,,,,,2203.112408436,-0.5587830579760555
2024-06-01,313.044,5.33,124.2103,12.44,4.31,82.24600000000001,7231163.0,6.75,155.7889,6.75,83.470915789474,106.3006759,92.1094309,651997.26,,45481.37231843741,5448.768818249,35445.828241,55997.07111,3909890000000.0,28751000000000.0,2694.737809,84534.04078,137675000000.0,3.665688271434475,2.9702579486470926,0.6954303227873826,3.084311728565525,2.3597420513529075,0.7245696772126173,6.506310990595177,4.321462302032542,2.184848688562635,0.6954303227873826,-20551.242868999994,11.643417183717059,9.897112593078482,,3.5211988061045196,-13.30490879057139,1.5045649611253653,487.28000000002794,,,,,,,,,2241.649171343,1.6723034617083343
2024-07-01,313.569,5.33,123.6373,16.36,4.25,85.15304347826087,7178391.0,6.75,157.2212,6.75,83.594654545455,107.468623,91.90963399,670615.076,-20862.360908736,48817.625651874325,5839.802307614,32679.534543,59473.540889,3909890000000.0,28751000000000.0,2694.737809,84534.04078,137675000000.0,2.1474714438209475,2.9414757935583014,-0.7940043497373539,4.6025285561790525,2.3885242064416987,2.214004349737354,6.506310990595177,4.321462302032542,2.184848688562635,-0.7940043497373539,-26794.006346,11.275855884411186,6.297675940454184,-2.1343169151803245,3.5211988061045196,-12.918944059595228,1.7561502415773589,18617.81599999999,-88530.499037238,32683.104330897,39924.301194917,-2820.947981432,19850.061070529,9464.256158467,6086.585601611,-18613.506894535,-2687.989634197,1.7923171161175377
2024-08-01,314.062,5.33,122.3262,15.0,3.87,80.3552380952381,7123238.0,6.75,157.111,6.75,83.89629,105.5326888,90.78870248,682230.75,,36056.98172351118,4297.804077333,32890.092243,68509.802606,3909890000000.0,28751000000000.0,2694.737809,84534.04078,137675000000.0,2.442539040850256,2.607144490692037,-0.16460544984178105,4.3074609591497435,2.722855509307963,1.5846054498417805,6.506310990595177,4.321462302032542,2.184848688562635,-0.16460544984178105,-35619.710363,9.958147944514018,-6.723902488049694,,3.5211988061045196,-12.289609220968622,1.3419034445570466,11615.673999999999,,,,,,,,,1042.407940755,1.3190562631684268
2024-09-01,314.732,5.13,121.2864,16.73,3.72,74.01666666666667,7080059.0,6.75,157.8822,6.75,83.808215,105.4009975,90.35134199,705782.26,,81398.349046693,9712.454685581,34079.176777,58719.625963,3909890000000.0,28751000000000.0,2694.737809,84534.04078,137675000000.0,4.218176537374907,2.4264830315416708,1.7916935058332362,2.531823462625093,2.703516968458329,-0.17169350583323606,6.506310990595177,4.321462302032542,2.184848688562635,1.7916935058332362,-24640.449186,12.01952921915277,-21.025622786649535,,3.5211988061045196,-11.522089800831381,0.9159998795869928,23551.51000000001,,,,,,,,,-1175.36628799,2.9808883683932796
2024-10-01,315.631,4.83,124.7988,23.16,4.1,75.63260869565217,7013490.0,6.75,159.2043,6.75,84.029514,107.3154371,90.85164673,682129.96,-11338.391627301,-91817.96793742708,-10926.871234484,38983.077189,65069.515466,3909890000000.0,28751000000000.0,2694.737809,84534.04078,137675000000.0,4.407490379293244,2.578844053871343,1.828646325421901,2.342509620706756,2.251155946128657,0.09135367457809895,6.506310990595177,4.321462302032542,2.184848688562635,1.828646325421901,-26086.438276999997,10.48309573407574,-16.516529880219956,-1.1599703958219796,3.5211988061045196,-11.309550154720071,0.954130781468554,-23652.300000000047,-79308.639247156,33426.828558675,-26620.179615216,-2810.198351468,-11372.036486735,9062.39645777,-9773.514394348,37660.494216491,-128.506508634,-3.3536098154630434
2024-11-01,316.528,4.64,126.5798,13.51,4.36,74.3452380952381,6905140.0,6.75,159.2043,6.75,84.364361,108.0326893,91.67769842,659432.86,,-19040.563283434803,-2256.943934351,31942.523366,63928.512111,3909890000000.0,28751000000000.0,2694.737809,84534.04078,137675000000.0,3.882097004465757,2.719472461284833,1.162624543180924,2.867902995534243,1.9205275387151666,0.9473754568190764,6.506310990595177,4.321462302032542,2.184848688562635,1.162624543180924,-31985.988744999995,10.31516045383658,-10.362625879867249,,3.5211988061045196,-11.428789485059598,1.280163835846726,-22697.099999999977,,,,,,,,,-2492.75990804,-0.6926877025239072
2024-12-01,317.604,4.48,129.2775,17.35,4.39,73.8595,6885963.0,6.75,158.3229,6.75,84.986229,106.9176558,91.53322066,635701.425,,15397.62379742688,1811.7786821,37804.047023,58478.808297,3909890000000.0,28751000000000.0,2694.737809,84534.04078,137675000000.0,3.530243394934618,2.870690967509981,0.6595524274246367,3.219756605065382,1.6093090324900192,1.6104475725753629,6.506310990595177,4.321462302032542,2.184848688562635,0.6595524274246367,-20674.761274000004,10.870628925463446,-4.858304124095769,,3.5211988061045196,-10.720102126587028,2.0503790284910783,-23731.43499999994,,,,,,,,,-188.931934794,0.5560602519559373
2025-01-01,318.961,4.33,128.4828,16.43,4.63,79.27045454545454,6818186.0,6.75,157.77200000000002,6.75,86.265748,104.491822,90.69979238,630607.387,13625.532595705,-51151.12255571385,-5929.482296463,36338.507803,59430.335825,3825836803363.229,28751000000000.0,2694.737809,84534.04078,137675000000.0,3.095707177139806,2.9909783078999608,0.10472886923984515,3.654292822860194,1.3390216921000393,2.315271130760155,0.0,0.0,0.0,0.10472886923984515,-23091.828022,10.610866962907659,-1.0653928849001293,1.424580639061972,3.5985591408125988,-10.641216315750569,3.783361267114982,-5094.038000000059,-59314.135817861,31848.167346235,-5616.997834892,366.378505218,-5858.631636311,5657.842080299,-8976.961731238,-8788.582268174,1571.377072909,-1.8598228626742757
2025-02-01,319.679,4.33,128.2805,19.63,4.45,75.438,6766101.0,6.5,157.3313,6.5,87.05475,102.342402,89.29630433,638698.405,,-34575.33984174127,-3971.677575519,36910.921551,50963.670715,3824781358968.694,28751000000000.0,2694.737809,84534.04078,137675000000.0,2.5861832882339453,2.8015834477613355,-0.21540015952739022,3.9138167117660547,1.5284165522386646,2.38540015952739,0.0,0.0,0.0,-0.21540015952739022,-14052.749164,12.532425471700053,-9.631383197188882,,3.5995521594238897,-10.593636967750363,4.9312084185312965,8091.01800000004,,,,,,,,,-703.128217993,-1.2460877219679554
2025-03-01,319.785,4.33,126.7075,22.28,4.28,72.73285714285714,6740253.0,6.5,157.5517,6.5,86.637663,101.7204502,88.99991273,668326.22,,35023.51989500487,4042.528235671,42047.598945,63507.140264,3877275058702.6055,28751000000000.0,2694.737809,84534.04078,137675000000.0,2.951752709356392,2.381981462805549,0.5697712465508427,3.548247290643608,1.948018537194451,1.6002287534491573,0.0,0.0,0.0,0.5697712465508427,-21459.541319000004,10.523639030536712,-14.841195966610886,,3.55081849792901,-9.946719585011577,4.38570995302181,29627.814999999944,,,,,,,,,-501.870349697,1.2511451494566985
2025-04-01,320.302,4.33,122.5921,24.7,4.28,68.1345,6709277.0,6.3125,157.73810467084382,6.3125,85.561217,101.5589542,88.99318697,688428.344,-2907.711322111,-18213.23476391085,-2128.678787249,38283.772069,65381.303211,3960870476761.34,28751000000000.0,2694.737809,84534.04078,137675000000.0,2.7039076466587764,2.32538823025783,0.37851941640094644,3.6085923533412236,2.00461176974217,1.6039805835990535,0.0,0.0,0.0,0.37851941640094644,-27097.531142,10.529437472029102,-24.24289193625245,-0.2936436663779554,3.475877355943531,-9.363906520476917,2.583993479819946,20102.12400000007,-68896.64626449,31216.423235163,7941.587908903,4815.431082099,1608.246989976,5187.296775812,-1554.583121257,-4507.546374318,1612.905417623,-0.644912415007181
2025-05-01,320.62,4.33,121.7674,18.57,4.42,64.453,6673244.0,6.25,158.2350154160168,6.25,85.189685,101.0309967,88.35184874,691308.968,,11089.625156294687,1301.756797938,38303.588166,60855.300311,4013422078397.993,28751000000000.0,2694.737809,84534.04078,137675000000.0,2.659216599356151,2.3772651073680873,0.2819514919880639,3.590783400643849,1.9527348926319128,1.638048508011936,0.0,0.0,0.0,0.2819514919880639,-22551.712145,11.359880971206731,-21.15473562187258,,3.4303643452062405,-8.388910480169798,2.154552891407846,2880.6239999999525,,,,,,,,,901.251082943,0.38922100068506493
2025-06-01,321.435,4.33,119.4088,16.73,4.38,71.4447619047619,6662200.0,5.75,159.18225152400277,5.75,85.903433,99.92595214,86.92473672,698117.773,,20918.937525594512,2435.168979288,34978.851579,54076.291864,4015370106602.363,28751000000000.0,2694.737809,84534.04078,137675000000.0,2.1781728505707143,2.680453865910226,-0.5022810153395119,3.5718271494292857,1.649546134089774,1.9222810153395118,0.0,0.0,0.0,-0.5022810153395119,-19097.440285,12.909867687594817,-13.13284305040744,,3.428700128379817,-7.868208751482985,2.9142093237136235,6808.805000000051,,,,,,,,,2302.304581393,0.7277542785758907
2025-07-01,322.169,4.33,121.721,16.72,4.39,71.04130434782608,6642578.0,5.75,160.4866422300818,5.75,86.114622,100.0788096,86.48423805,690109.423,-14132.402610501,-21782.925018422105,-2529.526869249,37017.645092,64885.238207,4041042850697.618,28751000000000.0,2694.737809,84534.04078,137675000000.0,2.0769732263090424,2.742618052167134,-0.6656448258580916,3.6730267736909576,1.5873819478328661,2.0856448258580915,0.0,0.0,0.0,-0.6656448258580916,-27867.593115000003,10.635846335315588,-16.572207585319532,-1.3988866866938843,3.4069175974274244,-7.464249300435155,3.014507887193618,-8008.350000000093,-89096.680904194,36628.053426489,2135.465675306,1883.189965349,-5746.929505638,4523.679483236,1890.556970028,10917.018558046,4276.066814332,-0.7511507190711386
2025-08-01,323.291,4.33,120.2082,15.36,4.26,67.87,6603384.0,5.75,161.09225220076135,5.75,87.518389473684,98.74886587,85.3903856,695358.144,,-22720.622354666422,-2596.096945031,34770.202664,61975.697014,4011486101574.895,28751000000000.0,2694.737809,84534.04078,137675000000.0,2.5340378463388102,2.9385917430316155,-0.4045538966928053,3.2159621536611898,1.3914082569683845,1.8245538966928052,0.0,0.0,0.0,-0.4045538966928053,-27205.49435,11.219851933943108,-15.53755348274921,,3.432019867797854,-7.298001274139654,4.317353572707461,5248.72100000002,,,,,,,,,-109.985228544,-0.7765990595889483
2025-09-01,324.245,4.22,120.1368,16.28,4.12,67.98545454545454,6608395.0,5.75,161.09225220076135,5.75,88.32259047619,97.30965449,84.47647823,700088.694,,-5487.532813833874,-621.305691358,36134.088861,69094.979158,4010209526765.501,28751000000000.0,2694.737809,84534.04078,137675000000.0,2.033194496125179,3.0225715847133294,-0.9893770885881503,3.716805503874821,1.1974284152866703,2.5193770885881506,0.0,0.0,0.0,-0.9893770885881503,-32960.890297000005,10.132265796029868,-8.148451413481816,,3.4331123867994995,-6.661865388409904,5.386554857647297,4730.550000000047,,,,,,,,,-2282.611620441,-0.1859171758117459
2025-10-01,,4.09,121.3859,17.44,4.06,64.54347826086956,6587034.0,5.75,161.09225220076135,5.75,88.4164,97.13793203,84.50354489,689732.836,-13197.808139262,30241.020013291734,3420.295331329,34111.488826,76727.748969,4041478645300.055,28751000000000.0,2694.737809,84534.04078,137675000000.0,1.1858675932505447,,,4.564132406749455,,,0.0,0.0,0.0,,-42616.26014299999,8.98935320360656,-14.661837831623114,-1.3062355932138936,3.4065502278505413,-6.080510558937135,5.220649021009449,-10355.858000000007,-93629.398745942,35367.115432393,-10004.681520105,-3659.109122923,-177.254628643,13316.53615134,692.06138465,24408.693110483,-2463.618843366,1.0155576109174458
2025-11-01,325.063,3.88,121.0527,16.35,4.09,63.797,6552419.0,5.75,161.51152064200105,5.75,88.825605263158,97.19855451,84.27096278,687929.818,,5525.910944675862,622.107885255,37879.713986,62981.177862,4058534056410.508,28751000000000.0,2694.737809,84534.04078,137675000000.0,1.44922005373036,2.6964439164939513,-1.2472238627635914,4.30077994626964,1.1835560835060486,3.1172238627635913,0.0,0.0,0.0,-1.2472238627635914,-25101.463875999994,10.922784256390763,-14.188182546036842,,3.392234685884686,-5.108093391299818,5.288067390397222,-1803.01800000004,,,,,,,,,-703.675740144,0.18394066722856423
2025-12-01,326.031,3.72,119.7456,14.95,4.14,62.54428571428572,6640618.0,5.5,161.65127678908092,5.5,90.091277272727,95.10709181,82.63889303,687734.274,,-38015.43649302933,-4219.657845226,38238.330299,64476.039846,4037001210343.4897,28751000000000.0,2694.737809,84534.04078,137675000000.0,2.1022712375031727,2.653304114557753,-0.5510328770545803,3.3977287624968273,1.0666958854422472,2.33103287705458,0.0,0.0,0.0,-0.5510328770545803,-26237.709547,10.66650922796503,-15.319917256025661,,3.4103284301043315,-3.562972963984845,6.00691233485251,-195.5439999999944,,,,,,,,,-491.584539398,-1.2542947476204405
2026-01-01,326.588,3.64,117.8996,17.44,4.21,66.60238095238095,6587568.0,5.5,162.09495280000004,5.5,90.799085,94.7813721,82.14201486,711548.14,,-17473.3759174,-1924.4,36474.160819,71226.630931,4041051688197.3394,28751000000000.0,2694.737809,84534.04078,137675000000.0,2.740000000000009,2.391201432150014,0.34879856784999497,2.759999999999991,1.248798567849986,1.511201432150005,0.0,0.0,0.0,0.34879856784999497,-34752.47011200001,9.98991712368516,-15.980826230546686,,3.406910146734971,-3.382395258797577,5.255083396483151,23813.86600000004,,,,,,,,,-1399.198890098,-0.5714551998294631
2026-02-01,327.46,3.64,117.8223,19.86,4.13,70.887,6613797.0,5.5,162.38163473,5.5,90.730847368421,93.98910676,81.69967088,728493.828,,26434.34164994209,2913.49,36619.662258,63709.076388,4079953038851.506,28751000000000.0,2694.737809,84534.04078,137675000000.0,3.2100000000000017,2.4340041103732224,0.7759958896267793,2.2899999999999983,1.2059958896267777,1.0840041103732205,0.0,0.0,0.0,0.7759958896267793,-27089.414130000005,11.434694541219503,-6.0327686311938304,,3.37442609483454,-2.2509862031323546,4.222741858911783,16945.687999999966,,,,,,,,,4437.434096234,0.8569186867366898
2026-03-01,330.293,3.64,121.035,25.25,4.25,103.13454545454546,6657161.0,5.5,162.9084578,5.5,92.7608,92.56989356,80.79470146,,,-123766.9322472,-13342.59,38918.611163,59588.704796,4026056816568.582,28751000000000.0,2694.737809,84534.04078,137675000000.0,3.400000000000003,3.2859577528651984,0.1140422471348046,2.099999999999997,0.3540422471348017,1.7459577528651953,0.0,0.0,0.0,0.1140422471348046,-20670.093633,,41.79911185391123,,3.4195990338094813,-1.2327727163950697,7.0675232779536135,,,,,,,,,,1573.886568877,-3.976870851426858
2026-04-01,332.407,3.64,118.671,16.89,4.32,117.2875,6699950.0,,163.22739071338918,,93.550242105263,90.95792161,79.65730831,,,,,,,4027483064224.207,28751000000000.0,2694.737809,84534.04078,137675000000.0,3.479999999999994,3.7792458367415627,-0.29924583674156846,,-0.13924583674156255,,0.0,0.0,0.0,-0.29924583674156846,,,72.14113261269985,,3.4183880553826635,-0.1390164692857354,9.337203683373275,,,,,,,,,,,
